ID,split,stratum,barec_split
20100770037,train,12-13|Social Sciences|generated,train
30300500026,train,12-13|STEM|generated,train
20200350003,train,12-13|Arts & Humanities|generated,train
20100160009,dev,14-15|STEM|generated,dev
20900010002,dev,12-13|Arts & Humanities|generated,dev
20500240011,train,15+|Arts & Humanities|generated,train
20100580039,train,14-15|Arts & Humanities|generated,train
30400050049,train,14-15|Social Sciences|generated,train
20100650012,train,12-13|Social Sciences|generated,train
30101660023,train,14-15|STEM|generated,train
30100030013,train,15+|Social Sciences|generated,dev
20101490009,train,14-15|Arts & Humanities|generated,train
10400190057,train,12-13|Arts & Humanities|generated,train
20400570089,train,12-13|Social Sciences|generated,train
30200240020,train,14-15|STEM|generated,train
10400450006,dev,14-15|Social Sciences|generated,train
30101340004,train,12-13|Social Sciences|generated,train
20101260020,train,14-15|Social Sciences|generated,train
30101580002,train,15+|STEM|generated,train
30200050003,test,15+|Arts & Humanities|generated,train
30100030006,train,14-15|Social Sciences|generated,dev
10400190010,dev,13-14|Arts & Humanities|generated,train
10101170034,train,14-15|Arts & Humanities|generated,train
20200620007,train,14-15|Social Sciences|generated,train
10200740008,train,12-13|STEM|generated,train
10102110103,train,12-13|Arts & Humanities|generated,train
20101750024,test,14-15|Social Sciences|generated,train
20101370020,train,14-15|Social Sciences|generated,train
10101210006,train,12-13|Arts & Humanities|generated,train
20900110008,train,12-13|Arts & Humanities|generated,train
20300210041,train,12-13|Arts & Humanities|generated,train
20500760014,train,14-15|Arts & Humanities|generated,train
20100490010,test,14-15|Social Sciences|generated,train
10300060015,train,14-15|Arts & Humanities|generated,dev
20100720014,train,14-15|STEM|generated,train
30500020034,train,14-15|Arts & Humanities|generated,train
30200490011,train,15+|Social Sciences|generated,train
10500290006,train,13-14|Arts & Humanities|generated,train
20500130002,dev,14-15|Arts & Humanities|generated,train
30100520005,train,14-15|Social Sciences|generated,train
20600390014,train,14-15|STEM|generated,train
10300450013,dev,12-13|Arts & Humanities|generated,train
20100040035,train,14-15|STEM|generated,dev
30100540016,train,15+|Arts & Humanities|generated,train
10300380043,train,12-13|Arts & Humanities|generated,train
10100750021,train,13-14|Arts & Humanities|generated,train
10200970008,train,12-13|Social Sciences|generated,train
30300530039,train,14-15|Arts & Humanities|generated,train
20100100055,train,14-15|Arts & Humanities|generated,dev
30200970011,test,13-14|STEM|generated,train
20900100002,train,12-13|Arts & Humanities|generated,train
10400310042,train,13-14|Arts & Humanities|generated,dev
30200090003,train,12-13|Arts & Humanities|generated,train
10500370021,train,14-15|Arts & Humanities|generated,train
30200440005,train,14-15|Social Sciences|generated,train
10300240004,dev,12-13|Arts & Humanities|generated,train
20101000003,dev,12-13|STEM|generated,train
20200590018,train,14-15|Social Sciences|generated,train
30200880004,train,14-15|Social Sciences|generated,train
10100670067,test,12-13|Arts & Humanities|generated,train
20600090018,train,14-15|Arts & Humanities|generated,dev
20100010007,train,12-13|Social Sciences|generated,dev
20101020032,train,12-13|Arts & Humanities|generated,train
10400300036,train,13-14|Arts & Humanities|generated,train
10500280025,train,12-13|Arts & Humanities|generated,train
20300390011,test,14-15|Social Sciences|generated,train
20101120019,train,12-13|Social Sciences|generated,train
20100030003,train,14-15|Arts & Humanities|generated,dev
20700170004,test,12-13|Arts & Humanities|generated,train
30300040038,train,12-13|STEM|generated,train
20101610020,train,15+|STEM|generated,train
20900070012,dev,13-14|Arts & Humanities|generated,train
20400540086,test,12-13|Arts & Humanities|generated,train
30100410045,train,14-15|Social Sciences|generated,train
30300280042,train,14-15|Arts & Humanities|generated,train
20300020035,train,14-15|Arts & Humanities|generated,dev
30500100071,train,12-13|Social Sciences|generated,train
20101750032,train,14-15|Social Sciences|generated,train
30200210002,train,15+|STEM|generated,train
30100940010,train,15+|Social Sciences|generated,train
10500170012,test,12-13|Arts & Humanities|generated,train
20100010016,train,12-13|Social Sciences|generated,dev
20200540001,train,14-15|Social Sciences|generated,train
10300450030,train,12-13|Arts & Humanities|generated,train
10101970078,train,13-14|Arts & Humanities|generated,train
10102730023,train,12-13|Arts & Humanities|generated,train
30100130015,train,12-13|STEM|generated,dev
20500740012,train,14-15|Arts & Humanities|generated,train
20100030011,dev,14-15|Arts & Humanities|generated,dev
10102110046,train,14-15|Arts & Humanities|generated,train
30101090007,train,12-13|Social Sciences|generated,train
10300200026,train,13-14|Arts & Humanities|generated,train
30300500021,train,14-15|STEM|generated,train
20500020008,train,14-15|Arts & Humanities|generated,dev
20200590006,train,14-15|Social Sciences|generated,train
20101360023,train,15+|Social Sciences|generated,train
31200010033,train,14-15|Arts & Humanities|generated,train
20100870002,test,14-15|STEM|generated,train
30100600018,train,14-15|Social Sciences|generated,train
20100970018,train,14-15|Social Sciences|generated,train
20400110032,test,14-15|Social Sciences|generated,train
20700140005,train,12-13|Arts & Humanities|generated,dev
20400570076,test,14-15|Social Sciences|generated,train
20200750010,train,14-15|Arts & Humanities|generated,train
10101320007,train,12-13|Arts & Humanities|generated,train
30101650015,train,15+|Arts & Humanities|generated,train
30300090041,train,12-13|STEM|generated,train
20200720012,test,14-15|Arts & Humanities|generated,train
20600190006,train,12-13|STEM|generated,train
20101150008,train,12-13|Social Sciences|generated,train
10300330014,train,14-15|Arts & Humanities|generated,train
30101620031,train,15+|Arts & Humanities|generated,train
30100590027,test,14-15|Social Sciences|generated,train
30101630002,train,15+|Arts & Humanities|generated,train
30100380006,test,15+|Arts & Humanities|generated,train
10100880045,train,12-13|Arts & Humanities|generated,train
10300410006,dev,12-13|Arts & Humanities|generated,train
20500770014,train,14-15|Arts & Humanities|generated,train
30100010036,train,12-13|Arts & Humanities|generated,dev
10300100034,test,13-14|Arts & Humanities|generated,train
30200400017,train,14-15|Social Sciences|generated,dev
20100240045,train,14-15|Arts & Humanities|generated,train
10400110200,train,12-13|Social Sciences|generated,dev
20300050053,train,14-15|Arts & Humanities|generated,dev
30100660021,test,13-14|Social Sciences|generated,train
30200580005,train,14-15|Social Sciences|generated,train
10201060009,train,14-15|Social Sciences|generated,train
20101140014,train,14-15|Social Sciences|generated,train
30200630001,train,12-13|Social Sciences|generated,train
30300680007,dev,14-15|Arts & Humanities|generated,train
10101270020,train,14-15|Arts & Humanities|generated,train
10101470021,train,12-13|Arts & Humanities|generated,train
30100100030,train,14-15|Social Sciences|generated,dev
10102790002,dev,14-15|Arts & Humanities|generated,train
30101580044,train,14-15|STEM|generated,train
20101460023,dev,14-15|STEM|generated,train
30400030042,train,14-15|Social Sciences|generated,train
10102850057,train,14-15|Arts & Humanities|generated,train
10500360015,test,13-14|Arts & Humanities|generated,train
30101090037,train,14-15|Social Sciences|generated,train
20500120006,dev,14-15|Arts & Humanities|generated,train
20100140022,train,15+|Arts & Humanities|generated,dev
20200600002,train,14-15|Social Sciences|generated,train
20200370005,dev,12-13|Arts & Humanities|generated,train
20700760009,test,12-13|Arts & Humanities|generated,train
20500070014,dev,14-15|Arts & Humanities|generated,dev
10300050014,train,12-13|Arts & Humanities|generated,dev
20700790009,train,13-14|Arts & Humanities|generated,train
20200120018,train,13-14|STEM|generated,dev
20100480032,train,12-13|Social Sciences|generated,train
20400520052,dev,12-13|Arts & Humanities|generated,train
10300230004,train,12-13|Arts & Humanities|generated,train
20100910012,train,14-15|STEM|generated,train
20400480092,dev,14-15|Social Sciences|generated,dev
10102810006,train,12-13|Arts & Humanities|generated,train
30300650046,train,12-13|Arts & Humanities|generated,train
20101020012,train,14-15|Arts & Humanities|generated,train
30200530004,train,14-15|Social Sciences|generated,train
10100820029,train,12-13|Arts & Humanities|generated,train
10800160006,train,14-15|Arts & Humanities|generated,train
20101160001,train,12-13|Arts & Humanities|generated,train
20100840024,dev,12-13|Social Sciences|generated,train
20101670008,train,14-15|STEM|generated,train
20200240012,dev,12-13|Arts & Humanities|generated,train
30100170009,dev,13-14|Arts & Humanities|generated,train
30101240004,train,14-15|Arts & Humanities|generated,train
20101010055,train,13-14|Arts & Humanities|generated,train
20300240004,train,14-15|Arts & Humanities|generated,train
30200430004,test,12-13|Social Sciences|generated,train
10500400047,train,12-13|Arts & Humanities|generated,train
20300560009,train,14-15|Arts & Humanities|generated,train
20300150012,train,12-13|Arts & Humanities|generated,train
10300170043,train,13-14|Arts & Humanities|generated,train
30300020009,train,14-15|Arts & Humanities|generated,train
10100120018,train,12-13|Arts & Humanities|generated,dev
20500470020,train,14-15|Arts & Humanities|generated,train
10101840006,test,12-13|Arts & Humanities|generated,train
20101170025,train,14-15|STEM|generated,train
20200270002,train,14-15|Arts & Humanities|generated,train
30100070025,train,15+|Social Sciences|generated,dev
30101470019,train,14-15|STEM|generated,train
10300220020,train,12-13|Arts & Humanities|generated,train
30100010022,dev,12-13|Arts & Humanities|generated,dev
30200900013,train,14-15|Social Sciences|generated,train
20300600016,test,13-14|Arts & Humanities|generated,train
20700070005,train,14-15|Arts & Humanities|generated,dev
30300240011,train,14-15|Social Sciences|generated,train
30100910032,train,13-14|Arts & Humanities|generated,train
10500440008,train,12-13|Arts & Humanities|generated,train
30101110010,train,12-13|Arts & Humanities|generated,train
30101300033,train,14-15|Social Sciences|generated,train
30400090058,train,14-15|Social Sciences|generated,train
10102910008,dev,12-13|Arts & Humanities|generated,train
20100130021,train,15+|Social Sciences|generated,dev
30101170044,train,13-14|Social Sciences|generated,train
30101570026,train,13-14|Arts & Humanities|generated,train
10102040033,train,12-13|Arts & Humanities|generated,train
10300510024,train,12-13|Arts & Humanities|generated,train
20201100006,train,12-13|Social Sciences|generated,train
30300450014,test,14-15|STEM|generated,train
20600650016,train,14-15|Social Sciences|generated,train
20500810007,train,14-15|Arts & Humanities|generated,train
30500050071,train,14-15|Arts & Humanities|generated,train
20300380004,train,12-13|Arts & Humanities|generated,train
20300600004,dev,15+|Arts & Humanities|generated,train
30200180001,train,14-15|STEM|generated,train
30200530002,train,14-15|Social Sciences|generated,train
30300600010,test,12-13|Social Sciences|generated,train
20100100002,train,14-15|Arts & Humanities|generated,dev
20101160031,test,13-14|Arts & Humanities|generated,train
30500020022,test,14-15|Arts & Humanities|generated,train
30101420039,train,14-15|Arts & Humanities|generated,train
30100420017,train,15+|Social Sciences|generated,train
20200720009,train,12-13|Arts & Humanities|generated,train
20800150095,train,12-13|Arts & Humanities|generated,train
30300560025,train,15+|Arts & Humanities|generated,train
30100960006,train,13-14|Social Sciences|generated,train
20101200015,test,14-15|Social Sciences|generated,train
20101510004,train,14-15|Social Sciences|generated,train
20400190039,test,12-13|Arts & Humanities|generated,train
30101400028,train,14-15|Arts & Humanities|generated,train
20700130004,dev,12-13|Arts & Humanities|generated,dev
20300320035,train,14-15|Arts & Humanities|generated,train
10600010013,train,12-13|Arts & Humanities|generated,train
10100200009,train,12-13|Arts & Humanities|generated,dev
20400440041,test,12-13|Arts & Humanities|generated,train
20100740014,train,12-13|STEM|generated,train
20700520007,dev,12-13|Arts & Humanities|generated,train
30100960014,dev,13-14|Social Sciences|generated,train
20500100012,train,14-15|Arts & Humanities|generated,dev
20400090054,train,14-15|Social Sciences|generated,train
20800080077,train,12-13|Arts & Humanities|generated,train
20500750016,train,13-14|Arts & Humanities|generated,train
10101100012,train,12-13|Arts & Humanities|generated,train
30300330026,train,12-13|Social Sciences|generated,train
30101630037,train,12-13|Arts & Humanities|generated,train
20600060003,train,14-15|Social Sciences|generated,train
20400310034,train,12-13|Arts & Humanities|generated,train
20500100011,dev,14-15|Arts & Humanities|generated,dev
30100420029,test,14-15|Social Sciences|generated,train
10500390025,train,14-15|Arts & Humanities|generated,train
20100480037,train,14-15|Social Sciences|generated,train
30101360037,train,12-13|Arts & Humanities|generated,train
10400210053,test,14-15|Social Sciences|generated,train
30200520002,train,14-15|Social Sciences|generated,train
10300350028,train,12-13|Arts & Humanities|generated,train
30100660025,train,14-15|Social Sciences|generated,train
20100020017,dev,14-15|Social Sciences|generated,dev
20100460025,train,13-14|Social Sciences|generated,train
30200380002,train,14-15|Social Sciences|generated,dev
20101420017,train,14-15|Arts & Humanities|generated,train
20700770005,train,13-14|Arts & Humanities|generated,train
30101250015,train,12-13|Arts & Humanities|generated,train
30400080008,train,14-15|Social Sciences|generated,train
30500110074,train,12-13|Social Sciences|generated,dev
20100890013,train,14-15|Arts & Humanities|generated,train
30101420006,train,14-15|Arts & Humanities|generated,train
10400450081,train,12-13|Social Sciences|generated,train
20100240024,test,12-13|Arts & Humanities|generated,train
20101560026,train,14-15|Social Sciences|generated,train
20200340011,train,14-15|Arts & Humanities|generated,train
20400440020,train,12-13|Arts & Humanities|generated,train
20101450027,train,14-15|Social Sciences|generated,train
20300410010,train,12-13|Arts & Humanities|generated,train
20100450025,train,12-13|Arts & Humanities|generated,train
30101640021,dev,15+|Social Sciences|generated,train
10300410033,train,12-13|Arts & Humanities|generated,train
20400310083,dev,12-13|Arts & Humanities|generated,train
10500180049,train,12-13|Arts & Humanities|generated,train
10101610028,train,12-13|Arts & Humanities|generated,train
20300370007,dev,14-15|Arts & Humanities|generated,train
20400250074,train,14-15|Arts & Humanities|generated,train
30300630065,train,15+|Arts & Humanities|generated,train
30300090044,train,14-15|STEM|generated,train
31100050008,train,13-14|Arts & Humanities|generated,train
30500040069,test,12-13|Arts & Humanities|generated,train
10100400010,train,12-13|Arts & Humanities|generated,train
20201330012,train,12-13|STEM|generated,train
20101020039,test,12-13|Arts & Humanities|generated,train
10101000020,train,14-15|Arts & Humanities|generated,train
20500200003,train,14-15|Arts & Humanities|generated,train
10100410073,train,12-13|Arts & Humanities|generated,train
30100560002,train,14-15|STEM|generated,train
10500280012,test,13-14|Arts & Humanities|generated,train
30300100029,train,14-15|STEM|generated,train
20700430009,dev,13-14|Arts & Humanities|generated,train
20400210057,train,12-13|Social Sciences|generated,train
30300490040,train,12-13|Social Sciences|generated,train
20201150002,train,14-15|Social Sciences|generated,train
30100820006,train,15+|Social Sciences|generated,train
20400340011,train,14-15|Social Sciences|generated,train
20100170025,train,14-15|Social Sciences|generated,train
20100580023,train,14-15|Arts & Humanities|generated,train
20500720018,train,14-15|Arts & Humanities|generated,train
10300420024,train,13-14|Arts & Humanities|generated,train
10101700026,train,12-13|Arts & Humanities|generated,train
20100630009,train,14-15|Social Sciences|generated,train
10300330011,train,12-13|Arts & Humanities|generated,train
20101750002,train,14-15|Social Sciences|generated,train
20201150007,train,14-15|Social Sciences|generated,train
20300030009,train,14-15|Arts & Humanities|generated,dev
30300130025,test,12-13|Social Sciences|generated,train
30100100013,dev,12-13|Social Sciences|generated,dev
30100080008,train,13-14|Arts & Humanities|generated,dev
30100190044,train,12-13|Arts & Humanities|generated,dev
30400090033,dev,12-13|Social Sciences|generated,train
20201350013,train,12-13|STEM|generated,train
30200060009,train,13-14|Arts & Humanities|generated,train
30400010086,train,14-15|Social Sciences|generated,train
20101020025,train,14-15|Arts & Humanities|generated,train
30500060010,train,14-15|Arts & Humanities|generated,train
30300390022,train,12-13|Arts & Humanities|generated,train
20101200037,dev,12-13|Social Sciences|generated,train
10101030066,dev,12-13|Arts & Humanities|generated,train
10100200036,dev,12-13|Arts & Humanities|generated,dev
20101200020,train,12-13|Social Sciences|generated,train
10100200074,train,12-13|Arts & Humanities|generated,dev
10300550012,train,12-13|Arts & Humanities|generated,train
30300140011,train,14-15|STEM|generated,train
20100500020,train,12-13|Arts & Humanities|generated,train
30100660043,train,12-13|Social Sciences|generated,train
10100410019,dev,12-13|Arts & Humanities|generated,train
10300050049,train,12-13|Arts & Humanities|generated,dev
20500120013,train,12-13|Arts & Humanities|generated,train
20100440008,test,14-15|Social Sciences|generated,train
30300530022,train,13-14|Arts & Humanities|generated,train
10101470032,train,12-13|Arts & Humanities|generated,train
20600320001,train,14-15|STEM|generated,train
20100040016,train,14-15|STEM|generated,dev
20101400010,train,14-15|Social Sciences|generated,train
10500470023,test,12-13|Arts & Humanities|generated,train
20700300006,train,14-15|Arts & Humanities|generated,train
10300060056,train,15+|Arts & Humanities|generated,dev
20101720001,dev,14-15|Social Sciences|generated,train
20400330056,test,15+|Social Sciences|generated,train
30300600026,train,13-14|Social Sciences|generated,train
20100160023,train,15+|STEM|generated,dev
20400100027,train,14-15|Social Sciences|generated,train
30101470035,train,13-14|STEM|generated,train
20300340009,train,14-15|Social Sciences|generated,train
30100430005,dev,14-15|Arts & Humanities|generated,train
30101560031,train,14-15|Arts & Humanities|generated,train
10300190056,dev,13-14|Arts & Humanities|generated,train
30100540020,train,12-13|Arts & Humanities|generated,train
20700030001,train,12-13|Arts & Humanities|generated,dev
20700830019,train,12-13|Arts & Humanities|generated,train
30100900014,train,12-13|STEM|generated,train
10300450014,train,14-15|Arts & Humanities|generated,train
10101120031,train,12-13|Arts & Humanities|generated,train
20200620009,train,15+|Social Sciences|generated,train
20500130007,train,14-15|Arts & Humanities|generated,train
30500210007,train,12-13|Social Sciences|generated,train
30101140006,train,14-15|Social Sciences|generated,train
20201280011,train,12-13|STEM|generated,train
20400250096,train,14-15|Arts & Humanities|generated,train
10102650013,dev,14-15|Arts & Humanities|generated,train
30100110030,train,13-14|Social Sciences|generated,train
10300600006,train,12-13|Arts & Humanities|generated,train
10101150174,train,13-14|Arts & Humanities|generated,train
30100570033,train,12-13|STEM|generated,train
30100800003,test,14-15|Arts & Humanities|generated,train
30100070022,train,14-15|Social Sciences|generated,dev
10500060012,train,13-14|Arts & Humanities|generated,train
20101650007,train,14-15|Social Sciences|generated,train
30101360008,train,13-14|Arts & Humanities|generated,train
30300420022,train,12-13|Arts & Humanities|generated,train
20300390019,train,14-15|Social Sciences|generated,train
30101410036,train,12-13|Arts & Humanities|generated,train
20101340034,test,14-15|STEM|generated,train
20400090044,dev,14-15|Social Sciences|generated,train
20200290002,test,12-13|Arts & Humanities|generated,train
20200570004,train,13-14|Social Sciences|generated,train
20300610020,train,12-13|Arts & Humanities|generated,train
20400420089,test,14-15|Arts & Humanities|generated,train
10101180034,dev,14-15|Arts & Humanities|generated,train
30200620008,train,12-13|Social Sciences|generated,train
20300370010,train,12-13|Arts & Humanities|generated,train
20100850016,train,14-15|Social Sciences|generated,train
30200510017,train,14-15|Social Sciences|generated,train
10200450016,train,13-14|Arts & Humanities|generated,train
30200550018,train,12-13|Social Sciences|generated,train
30300120026,train,12-13|Social Sciences|generated,train
20101590016,train,12-13|Social Sciences|generated,train
30101620014,train,14-15|Arts & Humanities|generated,train
30200490002,train,15+|Social Sciences|generated,train
20500100006,train,12-13|Arts & Humanities|generated,dev
20400090107,test,14-15|Social Sciences|generated,train
10300430036,train,12-13|Arts & Humanities|generated,train
30101510018,train,12-13|Social Sciences|generated,train
20101590015,train,14-15|Social Sciences|generated,train
20100870009,train,12-13|STEM|generated,train
30101250007,train,14-15|Arts & Humanities|generated,train
30300030040,train,14-15|Arts & Humanities|generated,dev
10500380042,train,12-13|Arts & Humanities|generated,train
20101360003,train,14-15|Social Sciences|generated,train
30400130046,train,14-15|Social Sciences|generated,dev
30101130023,train,14-15|Social Sciences|generated,train
20500520003,dev,15+|Arts & Humanities|generated,train
10100400067,train,12-13|Arts & Humanities|generated,train
20300310054,test,12-13|Arts & Humanities|generated,train
10500030020,train,13-14|Arts & Humanities|generated,train
20300170031,train,14-15|Arts & Humanities|generated,train
10200600011,dev,12-13|STEM|generated,train
10101970050,train,14-15|Arts & Humanities|generated,train
30300140029,train,14-15|STEM|generated,train
20100910013,test,14-15|STEM|generated,train
10300340032,dev,13-14|Arts & Humanities|generated,train
10101230009,dev,12-13|Arts & Humanities|generated,train
30100180042,train,14-15|Arts & Humanities|generated,dev
20100080004,test,14-15|Arts & Humanities|generated,train
30101400011,train,14-15|Arts & Humanities|generated,train
10500440009,train,12-13|Arts & Humanities|generated,train
30400090100,train,14-15|Social Sciences|generated,train
10500320024,test,12-13|Arts & Humanities|generated,train
20200290007,train,14-15|Arts & Humanities|generated,train
20100040020,dev,14-15|STEM|generated,dev
20100750028,test,12-13|STEM|generated,train
20100800019,train,12-13|Social Sciences|generated,train
20101160010,train,12-13|Arts & Humanities|generated,train
10101330020,train,14-15|Arts & Humanities|generated,train
20600660006,dev,12-13|Social Sciences|generated,train
20700270008,test,12-13|Arts & Humanities|generated,train
20100170038,train,13-14|Social Sciences|generated,train
20101380028,train,14-15|Social Sciences|generated,train
10101870025,train,13-14|Arts & Humanities|generated,train
20101160025,train,12-13|Arts & Humanities|generated,train
10201020012,train,12-13|Social Sciences|generated,train
20101210025,train,12-13|Social Sciences|generated,train
30101660045,train,14-15|STEM|generated,train
20700090001,train,12-13|Arts & Humanities|generated,dev
10101580043,train,13-14|Arts & Humanities|generated,train
30300460039,dev,13-14|Arts & Humanities|generated,train
10101130031,train,15+|Arts & Humanities|generated,train
20100700033,train,12-13|STEM|generated,train
30200750012,train,12-13|Arts & Humanities|generated,train
30300660017,train,14-15|Arts & Humanities|generated,train
20400500014,train,14-15|Arts & Humanities|generated,train
20100100024,train,12-13|Arts & Humanities|generated,dev
30101450024,train,14-15|Arts & Humanities|generated,train
30300410017,dev,12-13|Arts & Humanities|generated,train
30400130107,dev,13-14|Social Sciences|generated,dev
10500270021,train,12-13|Arts & Humanities|generated,train
10500420026,train,12-13|Arts & Humanities|generated,train
30500240084,train,12-13|Arts & Humanities|generated,train
30101650017,train,15+|Arts & Humanities|generated,train
10300290052,train,12-13|Arts & Humanities|generated,train
30400030056,train,14-15|Social Sciences|generated,train
30101110027,train,14-15|Arts & Humanities|generated,train
30200780017,train,12-13|Arts & Humanities|generated,train
20100720005,train,14-15|STEM|generated,train
10101240042,train,12-13|Arts & Humanities|generated,train
10400130014,dev,12-13|Arts & Humanities|generated,train
10300110012,train,12-13|Arts & Humanities|generated,train
20100090015,train,12-13|Arts & Humanities|generated,train
20101670028,train,14-15|STEM|generated,train
20500320013,train,14-15|Arts & Humanities|generated,train
20300500044,train,12-13|Arts & Humanities|generated,train
10101970091,train,14-15|Arts & Humanities|generated,train
20400400069,train,13-14|Arts & Humanities|generated,dev
20200300012,train,13-14|Arts & Humanities|generated,train
30101170046,train,13-14|Social Sciences|generated,train
20100410035,train,12-13|Social Sciences|generated,train
10500360036,train,13-14|Arts & Humanities|generated,train
20300350018,train,14-15|Arts & Humanities|generated,train
20100580027,train,12-13|Arts & Humanities|generated,train
10100890076,train,13-14|Arts & Humanities|generated,train
10400180104,train,13-14|Arts & Humanities|generated,train
10100680019,train,14-15|Arts & Humanities|generated,train
30101250026,train,15+|Arts & Humanities|generated,train
20400210046,train,14-15|Social Sciences|generated,train
20101020019,test,14-15|Arts & Humanities|generated,train
20700130005,train,13-14|Arts & Humanities|generated,dev
10101240007,train,14-15|Arts & Humanities|generated,train
10101840018,train,12-13|Arts & Humanities|generated,train
30200180017,train,14-15|STEM|generated,train
20200690002,train,13-14|Social Sciences|generated,train
20300260012,train,12-13|Arts & Humanities|generated,train
30100800051,train,12-13|Arts & Humanities|generated,train
10300510016,train,14-15|Arts & Humanities|generated,train
10400050080,train,12-13|Arts & Humanities|generated,train
20400100019,train,14-15|Social Sciences|generated,train
10100300024,train,12-13|Arts & Humanities|generated,train
30500030084,train,13-14|Arts & Humanities|generated,train
10101750015,test,12-13|Arts & Humanities|generated,train
20600690011,train,14-15|Social Sciences|generated,train
20100090048,train,15+|Arts & Humanities|generated,train
30300300029,test,12-13|Arts & Humanities|generated,train
20101150006,train,12-13|Social Sciences|generated,train
20500340003,train,13-14|Arts & Humanities|generated,train
10101410016,test,14-15|Arts & Humanities|generated,train
30101330028,train,12-13|Social Sciences|generated,train
30100810009,train,13-14|Social Sciences|generated,train
20300160038,dev,13-14|Arts & Humanities|generated,train
20100060004,dev,12-13|Social Sciences|generated,dev
20600650007,dev,12-13|Social Sciences|generated,train
30101620015,train,12-13|Arts & Humanities|generated,train
20200050009,train,12-13|Arts & Humanities|generated,dev
10400070021,train,12-13|Arts & Humanities|generated,train
10400240018,train,14-15|Arts & Humanities|generated,train
10500530029,train,13-14|Arts & Humanities|generated,train
30100490011,train,15+|STEM|generated,train
10101120013,train,12-13|Arts & Humanities|generated,train
20101440019,train,15+|STEM|generated,train
20100440006,train,14-15|Social Sciences|generated,train
20100870003,train,12-13|STEM|generated,train
10102000006,train,13-14|Arts & Humanities|generated,train
30100130056,train,14-15|STEM|generated,dev
20100720022,test,15+|STEM|generated,train
10101970076,train,13-14|Arts & Humanities|generated,train
20300350047,test,14-15|Arts & Humanities|generated,train
10101170014,train,13-14|Arts & Humanities|generated,train
10500110019,train,12-13|Arts & Humanities|generated,train
10100970028,test,12-13|Arts & Humanities|generated,train
20700290002,train,14-15|Arts & Humanities|generated,train
10101150061,test,12-13|Arts & Humanities|generated,train
30300540049,train,13-14|Arts & Humanities|generated,train
30101390013,train,13-14|Social Sciences|generated,train
10300410020,train,12-13|Arts & Humanities|generated,train
10100630004,train,13-14|Arts & Humanities|generated,train
20500510008,train,14-15|Arts & Humanities|generated,train
10101000049,test,14-15|Arts & Humanities|generated,train
20201140007,train,13-14|Social Sciences|generated,train
30300020022,test,12-13|Arts & Humanities|generated,train
10300490004,train,12-13|Arts & Humanities|generated,train
10500360009,train,12-13|Arts & Humanities|generated,train
20700450006,train,12-13|Arts & Humanities|generated,train
20900070036,train,12-13|Arts & Humanities|generated,train
30200430005,train,13-14|Social Sciences|generated,train
20200780006,train,14-15|Arts & Humanities|generated,train
10300460010,train,12-13|Arts & Humanities|generated,train
10400380100,train,12-13|Arts & Humanities|generated,train
20400040103,test,12-13|Arts & Humanities|generated,train
30101600019,train,13-14|STEM|generated,train
20400480050,train,12-13|Social Sciences|generated,dev
30200520017,train,14-15|Social Sciences|generated,train
20100210011,train,12-13|Social Sciences|generated,train
20500440018,train,14-15|Arts & Humanities|generated,train
30300460047,train,14-15|Arts & Humanities|generated,train
10101640037,train,14-15|Arts & Humanities|generated,train
10400400107,train,12-13|Arts & Humanities|generated,train
20101040019,dev,14-15|STEM|generated,train
30101310028,train,14-15|STEM|generated,train
10101120017,train,13-14|Arts & Humanities|generated,train
10100820043,test,13-14|Arts & Humanities|generated,train
10200810008,test,14-15|STEM|generated,train
10102810014,train,12-13|Arts & Humanities|generated,train
10101700027,train,12-13|Arts & Humanities|generated,train
30100020005,train,12-13|Social Sciences|generated,dev
20400340056,train,14-15|Social Sciences|generated,train
30201000010,train,14-15|Social Sciences|generated,train
30300560030,train,12-13|Arts & Humanities|generated,train
20600640007,test,14-15|Social Sciences|generated,train
30101110003,train,15+|Arts & Humanities|generated,train
20600570014,train,14-15|Arts & Humanities|generated,dev
30500010008,train,13-14|Arts & Humanities|generated,train
10500380020,dev,13-14|Arts & Humanities|generated,train
10300390022,train,14-15|Arts & Humanities|generated,train
30100150040,dev,14-15|Social Sciences|generated,dev
30100190021,train,14-15|Arts & Humanities|generated,dev
10300300049,train,13-14|Arts & Humanities|generated,train
30100470018,train,14-15|Arts & Humanities|generated,train
30400130108,dev,12-13|Social Sciences|generated,dev
30101630011,train,14-15|Arts & Humanities|generated,train
30100110012,train,12-13|Social Sciences|generated,train
10101950022,train,12-13|Arts & Humanities|generated,train
20300240021,train,14-15|Arts & Humanities|generated,train
20600340004,train,15+|Social Sciences|generated,train
30400040065,train,13-14|Social Sciences|generated,train
20100120010,dev,12-13|Social Sciences|generated,dev
20101290010,dev,14-15|Social Sciences|generated,train
10101840039,train,12-13|Arts & Humanities|generated,train
10500390017,test,12-13|Arts & Humanities|generated,train
20400040026,train,12-13|Arts & Humanities|generated,train
20300120027,train,12-13|Arts & Humanities|generated,train
20600530011,train,14-15|Social Sciences|generated,train
30300370025,train,12-13|Arts & Humanities|generated,train
30300070030,train,14-15|STEM|generated,train
30200510009,dev,14-15|Social Sciences|generated,train
10300340006,train,12-13|Arts & Humanities|generated,train
10100060018,train,12-13|Arts & Humanities|generated,dev
20600270006,train,14-15|STEM|generated,train
30100050043,dev,14-15|STEM|generated,dev
20101130019,train,14-15|STEM|generated,train
20300280018,train,13-14|Arts & Humanities|generated,train
10100810127,train,12-13|Arts & Humanities|generated,train
30100130038,train,14-15|STEM|generated,dev
20400010103,train,12-13|Arts & Humanities|generated,train
20101690012,train,12-13|Social Sciences|generated,train
20200250002,train,12-13|Arts & Humanities|generated,train
10400030070,train,12-13|Arts & Humanities|generated,train
20800080030,train,12-13|Arts & Humanities|generated,train
10101560027,train,12-13|Arts & Humanities|generated,train
30100130011,train,14-15|STEM|generated,dev
10500330018,train,12-13|Arts & Humanities|generated,train
10300460017,train,12-13|Arts & Humanities|generated,train
30300380016,train,12-13|Social Sciences|generated,train
30100040027,train,14-15|STEM|generated,dev
10100730003,train,12-13|Arts & Humanities|generated,train
10100260079,train,14-15|Arts & Humanities|generated,dev
30200850015,train,14-15|Social Sciences|generated,train
30500090012,test,14-15|Social Sciences|generated,train
20100210013,dev,14-15|Social Sciences|generated,train
10400210110,train,12-13|Social Sciences|generated,train
30101590029,train,13-14|Social Sciences|generated,train
20500700011,test,14-15|Arts & Humanities|generated,train
10500300012,train,13-14|Arts & Humanities|generated,train
30300030056,dev,12-13|Arts & Humanities|generated,dev
21000020011,train,12-13|Arts & Humanities|generated,train
20100710011,train,14-15|Social Sciences|generated,train
30101570022,train,15+|Arts & Humanities|generated,train
20400060060,train,14-15|Arts & Humanities|generated,train
20100720025,train,12-13|STEM|generated,train
10101540011,train,12-13|Arts & Humanities|generated,train
31100080063,train,13-14|Arts & Humanities|generated,train
10300460016,train,13-14|Arts & Humanities|generated,train
10500590034,dev,13-14|Arts & Humanities|generated,train
20800030025,train,12-13|Arts & Humanities|generated,train
20101110019,train,14-15|Social Sciences|generated,train
20400500043,dev,15+|Arts & Humanities|generated,train
10200620013,train,12-13|STEM|generated,train
10300390031,train,13-14|Arts & Humanities|generated,train
10300570028,train,13-14|Arts & Humanities|generated,train
20500140012,test,15+|Arts & Humanities|generated,train
10101520119,train,14-15|Arts & Humanities|generated,train
30500260072,train,12-13|Arts & Humanities|generated,dev
30400140077,test,12-13|Social Sciences|generated,train
20101470022,train,14-15|Social Sciences|generated,train
20600480010,dev,14-15|Social Sciences|generated,train
30100850032,train,12-13|Arts & Humanities|generated,train
10200550013,train,14-15|Arts & Humanities|generated,train
30300300013,test,14-15|Arts & Humanities|generated,train
20700820012,train,12-13|Arts & Humanities|generated,train
20201190017,train,12-13|STEM|generated,train
10400450074,train,14-15|Social Sciences|generated,train
20100940006,train,14-15|STEM|generated,train
30300410008,train,14-15|Arts & Humanities|generated,train
10102060010,train,14-15|Arts & Humanities|generated,train
10200330014,train,12-13|Arts & Humanities|generated,train
30100410019,train,13-14|Social Sciences|generated,train
30300590023,train,13-14|Arts & Humanities|generated,train
20300220022,train,13-14|Arts & Humanities|generated,train
30300330038,train,14-15|Social Sciences|generated,train
20100190031,train,14-15|Social Sciences|generated,train
20101470028,train,13-14|Social Sciences|generated,train
10200950018,test,12-13|Social Sciences|generated,train
20500750009,test,12-13|Arts & Humanities|generated,train
30100100011,train,12-13|Social Sciences|generated,dev
10102060005,train,12-13|Arts & Humanities|generated,train
10500160039,train,13-14|Arts & Humanities|generated,train
20100120018,dev,14-15|Social Sciences|generated,dev
20600090013,dev,12-13|Arts & Humanities|generated,dev
30100510007,test,12-13|Social Sciences|generated,train
10101560015,train,12-13|Arts & Humanities|generated,train
10400400059,test,12-13|Arts & Humanities|generated,train
10102010006,train,12-13|Arts & Humanities|generated,train
20400570085,train,12-13|Social Sciences|generated,train
30300360003,train,13-14|Arts & Humanities|generated,train
20200600006,train,14-15|Social Sciences|generated,train
20100480007,train,12-13|Social Sciences|generated,train
20400500044,train,12-13|Arts & Humanities|generated,train
20400180071,train,14-15|Arts & Humanities|generated,train
31100080067,train,12-13|Arts & Humanities|generated,train
20500230010,train,14-15|Arts & Humanities|generated,train
30100130052,train,15+|STEM|generated,dev
20600390008,train,15+|STEM|generated,train
20101430005,train,14-15|Social Sciences|generated,train
30400150046,train,14-15|Social Sciences|generated,train
10100690092,dev,12-13|Arts & Humanities|generated,train
10101150006,train,12-13|Arts & Humanities|generated,train
30201020018,dev,12-13|Social Sciences|generated,train
20400540011,train,15+|Arts & Humanities|generated,train
10300170020,train,13-14|Arts & Humanities|generated,train
10300440026,train,13-14|Arts & Humanities|generated,train
20100650003,train,12-13|Social Sciences|generated,train
10500500007,train,12-13|Arts & Humanities|generated,train
30400010073,train,14-15|Social Sciences|generated,train
20400240066,train,14-15|Social Sciences|generated,dev
30100760029,train,13-14|Social Sciences|generated,train
30300490023,train,12-13|Social Sciences|generated,train
20400570081,test,12-13|Social Sciences|generated,train
10400250010,train,12-13|Arts & Humanities|generated,train
10200130019,train,14-15|STEM|generated,dev
30300450021,train,13-14|STEM|generated,train
10100630009,test,13-14|Arts & Humanities|generated,train
10200760018,dev,14-15|STEM|generated,train
30300280019,train,12-13|Arts & Humanities|generated,train
10101150047,train,12-13|Arts & Humanities|generated,train
20101090015,train,12-13|Arts & Humanities|generated,train
20600640026,train,14-15|Social Sciences|generated,train
20201150018,train,14-15|Social Sciences|generated,train
30400020037,train,12-13|Social Sciences|generated,train
20100240005,train,14-15|Arts & Humanities|generated,train
10300520009,train,13-14|Arts & Humanities|generated,train
30200180013,train,14-15|STEM|generated,train
10102110065,train,14-15|Arts & Humanities|generated,train
10101430022,train,12-13|Arts & Humanities|generated,train
30400130036,train,12-13|Social Sciences|generated,dev
30300630018,train,12-13|Arts & Humanities|generated,train
30200330009,train,14-15|STEM|generated,dev
10400200026,train,12-13|Arts & Humanities|generated,dev
30101130007,test,13-14|Social Sciences|generated,train
20100810008,train,14-15|Social Sciences|generated,train
30400020072,train,12-13|Social Sciences|generated,train
30101580014,train,12-13|STEM|generated,train
30101440013,train,14-15|Social Sciences|generated,train
30300060021,train,13-14|Arts & Humanities|generated,dev
10300300015,train,13-14|Arts & Humanities|generated,train
30100050020,train,14-15|STEM|generated,dev
20800020029,train,12-13|Arts & Humanities|generated,train
10500430045,train,12-13|Arts & Humanities|generated,train
30100700016,train,13-14|Arts & Humanities|generated,train
30500010012,train,14-15|Arts & Humanities|generated,train
10101000027,test,12-13|Arts & Humanities|generated,train
30200920009,train,15+|Social Sciences|generated,train
20101530005,test,12-13|Social Sciences|generated,train
10500590038,train,13-14|Arts & Humanities|generated,train
30101250031,train,15+|Arts & Humanities|generated,train
10500580014,train,12-13|Arts & Humanities|generated,train
30300420028,train,14-15|Arts & Humanities|generated,train
10500260066,train,12-13|Arts & Humanities|generated,train
20300580019,train,14-15|Social Sciences|generated,train
21100010013,train,15+|Arts & Humanities|generated,train
10500280018,train,12-13|Arts & Humanities|generated,train
30100490013,train,12-13|STEM|generated,train
10200880004,train,14-15|Social Sciences|generated,train
10300330008,train,15+|Arts & Humanities|generated,train
20101590023,train,12-13|Social Sciences|generated,train
20400350022,train,12-13|Social Sciences|generated,train
30100930123,test,15+|Arts & Humanities|generated,train
20300200012,train,14-15|Arts & Humanities|generated,train
20400320098,train,12-13|Arts & Humanities|generated,dev
30101240003,train,14-15|Arts & Humanities|generated,train
20100380026,train,14-15|Arts & Humanities|generated,train
10100940011,train,12-13|Arts & Humanities|generated,train
10101150171,test,12-13|Arts & Humanities|generated,train
20700140001,train,12-13|Arts & Humanities|generated,dev
20400470022,train,14-15|Social Sciences|generated,train
30101400036,train,14-15|Arts & Humanities|generated,train
20101180030,train,15+|Arts & Humanities|generated,train
30101220035,train,15+|Social Sciences|generated,train
30101460014,train,14-15|Social Sciences|generated,train
10101540005,train,14-15|Arts & Humanities|generated,train
30500080028,train,13-14|Social Sciences|generated,train
30101240022,train,13-14|Arts & Humanities|generated,train
20100450029,train,14-15|Arts & Humanities|generated,train
20200320004,train,14-15|Arts & Humanities|generated,train
30101440025,train,14-15|Social Sciences|generated,train
20100390006,train,15+|Social Sciences|generated,train
10201080018,train,13-14|Social Sciences|generated,train
10201000005,test,14-15|Social Sciences|generated,train
30101190045,train,14-15|Social Sciences|generated,train
10101510006,train,12-13|Arts & Humanities|generated,train
10500420010,train,14-15|Arts & Humanities|generated,train
30100100048,train,12-13|Social Sciences|generated,dev
30200110018,train,14-15|STEM|generated,train
30200870012,train,14-15|Social Sciences|generated,train
10300610014,test,13-14|Arts & Humanities|generated,train
10800110015,train,13-14|Arts & Humanities|generated,train
30500280030,train,15+|Social Sciences|generated,train
10400470050,train,12-13|Social Sciences|generated,dev
30101170031,train,14-15|Social Sciences|generated,train
20101320001,dev,14-15|Arts & Humanities|generated,train
30300020023,train,12-13|Arts & Humanities|generated,train
30200480015,train,12-13|Social Sciences|generated,train
20101000004,train,14-15|STEM|generated,train
30101430034,train,14-15|Arts & Humanities|generated,train
20201130004,train,15+|Social Sciences|generated,train
30100570003,train,14-15|STEM|generated,train
10200750020,train,13-14|STEM|generated,train
30100780068,train,13-14|Arts & Humanities|generated,train
20500450020,train,14-15|Arts & Humanities|generated,train
30100740007,train,14-15|Social Sciences|generated,train
20400340083,train,12-13|Social Sciences|generated,train
10300310038,train,13-14|Arts & Humanities|generated,train
10500610026,train,12-13|Arts & Humanities|generated,train
30300050068,test,13-14|Arts & Humanities|generated,train
30200610003,train,14-15|Social Sciences|generated,train
30100430019,dev,14-15|Arts & Humanities|generated,train
30101480018,train,14-15|Arts & Humanities|generated,train
30300130042,train,13-14|Social Sciences|generated,train
30100920016,train,14-15|Arts & Humanities|generated,train
20300500027,train,13-14|Arts & Humanities|generated,train
30200800001,train,14-15|Arts & Humanities|generated,train
10400150057,train,12-13|Arts & Humanities|generated,train
10101170076,train,12-13|Arts & Humanities|generated,train
10100550010,dev,12-13|Arts & Humanities|generated,train
30100070029,train,14-15|Social Sciences|generated,dev
30101190008,train,14-15|Social Sciences|generated,train
10100070060,train,13-14|Arts & Humanities|generated,dev
20200120021,train,14-15|STEM|generated,dev
30100120010,train,14-15|Social Sciences|generated,dev
30101440031,train,12-13|Social Sciences|generated,train
10300510004,train,14-15|Arts & Humanities|generated,train
10500580019,train,13-14|Arts & Humanities|generated,train
30300060010,dev,14-15|Arts & Humanities|generated,dev
30500170056,train,12-13|Arts & Humanities|generated,train
10100690053,dev,13-14|Arts & Humanities|generated,train
10200810009,train,14-15|STEM|generated,train
30400030002,train,14-15|Social Sciences|generated,train
30100150021,train,13-14|Social Sciences|generated,dev
20100040005,train,14-15|STEM|generated,dev
20400500032,train,15+|Arts & Humanities|generated,train
30101100026,train,13-14|Social Sciences|generated,train
30500010037,train,15+|Arts & Humanities|generated,train
20201120016,train,14-15|Social Sciences|generated,train
30101040006,test,15+|Arts & Humanities|generated,train
30200810001,train,14-15|Arts & Humanities|generated,train
30100540033,train,12-13|Arts & Humanities|generated,train
20100060025,train,12-13|Social Sciences|generated,dev
20400480075,train,13-14|Social Sciences|generated,dev
20900060022,train,13-14|Arts & Humanities|generated,train
30100210009,train,12-13|STEM|generated,train
20101690025,train,14-15|Social Sciences|generated,train
30300480068,train,12-13|Arts & Humanities|generated,train
30400050001,test,12-13|Social Sciences|generated,train
21300010024,train,13-14|Arts & Humanities|generated,dev
20101260025,dev,12-13|Social Sciences|generated,train
30101280018,train,14-15|Arts & Humanities|generated,train
10300500008,train,12-13|Arts & Humanities|generated,train
20300360061,train,12-13|Arts & Humanities|generated,train
10101790023,train,14-15|Arts & Humanities|generated,train
30300590009,train,12-13|Arts & Humanities|generated,train
20101020041,test,14-15|Arts & Humanities|generated,train
30500090034,train,14-15|Social Sciences|generated,train
10400230048,train,12-13|Social Sciences|generated,train
30100520008,train,12-13|Social Sciences|generated,train
10101140019,train,12-13|Arts & Humanities|generated,train
30300040021,test,12-13|STEM|generated,train
10300550002,test,12-13|Arts & Humanities|generated,train
20400440127,train,13-14|Arts & Humanities|generated,train
20700820013,train,12-13|Arts & Humanities|generated,train
10101430008,train,14-15|Arts & Humanities|generated,train
20201380012,dev,12-13|STEM|generated,train
30300260030,train,13-14|Social Sciences|generated,train
10102130004,train,12-13|Arts & Humanities|generated,train
30100140013,train,14-15|Social Sciences|generated,dev
20400210031,train,14-15|Social Sciences|generated,train
20101190009,dev,14-15|STEM|generated,train
30400130090,train,14-15|Social Sciences|generated,dev
10400350067,dev,12-13|Social Sciences|generated,train
20100510020,dev,14-15|Social Sciences|generated,dev
20400470028,dev,14-15|Social Sciences|generated,train
20400030021,train,13-14|Arts & Humanities|generated,train
20300140016,train,14-15|Arts & Humanities|generated,train
10300580027,test,12-13|Arts & Humanities|generated,train
20400540041,train,13-14|Arts & Humanities|generated,train
10101570018,dev,13-14|Arts & Humanities|generated,train
10400150067,dev,12-13|Arts & Humanities|generated,train
10300180046,dev,12-13|Arts & Humanities|generated,train
20101290001,train,15+|Social Sciences|generated,train
10100410039,train,12-13|Arts & Humanities|generated,train
10500240006,test,14-15|Arts & Humanities|generated,train
30300500048,dev,13-14|STEM|generated,train
20500710016,dev,14-15|Arts & Humanities|generated,train
20400040002,train,12-13|Arts & Humanities|generated,train
30100570036,train,14-15|STEM|generated,train
20100720010,train,14-15|STEM|generated,train
30200780020,train,14-15|Arts & Humanities|generated,train
10300300017,train,13-14|Arts & Humanities|generated,train
10101970081,train,12-13|Arts & Humanities|generated,train
10100880023,train,14-15|Arts & Humanities|generated,train
30300460055,train,15+|Arts & Humanities|generated,train
30100610021,train,14-15|Arts & Humanities|generated,train
30101540038,test,14-15|Social Sciences|generated,train
30500280027,train,14-15|Social Sciences|generated,train
10100410042,test,12-13|Arts & Humanities|generated,train
20200360018,train,14-15|Arts & Humanities|generated,train
20400210005,train,14-15|Social Sciences|generated,train
20201200007,dev,14-15|STEM|generated,train
10400290084,train,12-13|Arts & Humanities|generated,train
20500850015,train,14-15|Arts & Humanities|generated,train
30101590023,train,13-14|Social Sciences|generated,train
30101130006,train,12-13|Social Sciences|generated,train
10102700028,train,13-14|Arts & Humanities|generated,train
20100800002,test,12-13|Social Sciences|generated,train
20400090032,dev,12-13|Social Sciences|generated,train
20200560009,dev,14-15|Social Sciences|generated,train
30100450028,train,12-13|Social Sciences|generated,train
20700400007,dev,12-13|Arts & Humanities|generated,train
30101580030,train,14-15|STEM|generated,train
30300570035,train,12-13|Social Sciences|generated,train
20300050008,train,14-15|Arts & Humanities|generated,dev
10400440103,test,12-13|Social Sciences|generated,train
30500010005,train,15+|Arts & Humanities|generated,train
30200890014,train,14-15|Social Sciences|generated,train
20500720006,train,12-13|Arts & Humanities|generated,train
30100940016,train,14-15|Social Sciences|generated,train
30200100003,train,15+|Arts & Humanities|generated,train
10100680022,train,14-15|Arts & Humanities|generated,train
20100410030,train,14-15|Social Sciences|generated,train
20400480069,train,12-13|Social Sciences|generated,dev
20700290012,dev,12-13|Arts & Humanities|generated,train
20201150015,train,14-15|Social Sciences|generated,train
10102910004,train,12-13|Arts & Humanities|generated,train
10300550009,train,13-14|Arts & Humanities|generated,train
20900020015,train,12-13|Arts & Humanities|generated,dev
30300330032,train,14-15|Social Sciences|generated,train
20500740001,train,14-15|Arts & Humanities|generated,train
30200660018,dev,14-15|Social Sciences|generated,train
20500860012,train,14-15|Arts & Humanities|generated,train
20300050029,train,12-13|Arts & Humanities|generated,dev
30101100001,train,14-15|Social Sciences|generated,train
20600190009,train,12-13|STEM|generated,train
30200650004,train,14-15|Social Sciences|generated,train
30100130041,train,14-15|STEM|generated,dev
10400420018,train,12-13|Arts & Humanities|generated,train
30100770006,train,14-15|Social Sciences|generated,train
10500280013,dev,12-13|Arts & Humanities|generated,train
20101060020,test,13-14|STEM|generated,train
20101260021,train,12-13|Social Sciences|generated,train
30101170054,train,13-14|Social Sciences|generated,train
20900040045,train,13-14|Arts & Humanities|generated,train
30400120025,train,14-15|Social Sciences|generated,train
30500120041,test,14-15|Arts & Humanities|generated,train
30200160014,test,12-13|STEM|generated,train
30500110017,train,14-15|Social Sciences|generated,dev
30300100010,train,14-15|STEM|generated,train
30100830026,train,15+|Social Sciences|generated,train
20300120048,train,13-14|Arts & Humanities|generated,train
20101360013,train,14-15|Social Sciences|generated,train
20500510011,train,15+|Arts & Humanities|generated,train
10500540036,train,12-13|Arts & Humanities|generated,train
30100170026,train,12-13|Arts & Humanities|generated,train
10500050023,train,13-14|Arts & Humanities|generated,train
10200930011,train,14-15|Social Sciences|generated,train
10300560010,train,13-14|Arts & Humanities|generated,train
20101740012,train,15+|Arts & Humanities|generated,train
20400110009,train,14-15|Social Sciences|generated,train
10101180039,train,12-13|Arts & Humanities|generated,train
30101090017,train,15+|Social Sciences|generated,train
21300010038,train,13-14|Arts & Humanities|generated,dev
10400230010,train,12-13|Social Sciences|generated,train
30300630046,train,14-15|Arts & Humanities|generated,train
20101260011,train,14-15|Social Sciences|generated,train
20101340033,train,14-15|STEM|generated,train
20200360020,train,14-15|Arts & Humanities|generated,train
30100410043,train,14-15|Social Sciences|generated,train
30300500034,test,14-15|STEM|generated,train
20300030036,train,14-15|Arts & Humanities|generated,dev
10300590070,train,12-13|Arts & Humanities|generated,train
30300140024,train,12-13|STEM|generated,train
10101440032,train,12-13|Arts & Humanities|generated,train
30100530012,test,13-14|Social Sciences|generated,train
20700700010,train,12-13|Arts & Humanities|generated,train
30400120050,train,14-15|Social Sciences|generated,train
30200970014,dev,14-15|STEM|generated,train
10102730026,train,12-13|Arts & Humanities|generated,train
20101070004,train,15+|Social Sciences|generated,train
10101510059,train,14-15|Arts & Humanities|generated,train
20500210019,train,14-15|Arts & Humanities|generated,train
20400020070,test,14-15|Arts & Humanities|generated,train
20600320018,train,12-13|STEM|generated,train
10400380085,train,14-15|Arts & Humanities|generated,train
20101560027,train,14-15|Social Sciences|generated,train
20101160018,train,14-15|Arts & Humanities|generated,train
20800050088,train,12-13|Arts & Humanities|generated,train
20100440010,train,12-13|Social Sciences|generated,train
10201010007,train,12-13|Social Sciences|generated,train
20101120034,test,14-15|Social Sciences|generated,train
20500870017,train,14-15|Arts & Humanities|generated,train
10500340025,train,12-13|Arts & Humanities|generated,train
30100460008,train,14-15|Social Sciences|generated,train
20100970031,train,14-15|Social Sciences|generated,train
10102130007,train,14-15|Arts & Humanities|generated,train
20100280018,train,12-13|Social Sciences|generated,train
30101220016,train,13-14|Social Sciences|generated,train
30400050009,test,12-13|Social Sciences|generated,train
10400010248,train,14-15|Arts & Humanities|generated,train
10600030002,test,12-13|Arts & Humanities|generated,train
30300040025,train,12-13|STEM|generated,train
20101540008,train,12-13|Arts & Humanities|generated,train
20201280007,train,13-14|STEM|generated,train
10400110040,train,13-14|Social Sciences|generated,dev
20101490021,train,14-15|Arts & Humanities|generated,train
20101670015,train,14-15|STEM|generated,train
20200600007,test,14-15|Social Sciences|generated,train
20100660017,train,14-15|Arts & Humanities|generated,train
30100650028,train,14-15|STEM|generated,train
30101300034,train,12-13|Social Sciences|generated,train
20400340085,train,14-15|Social Sciences|generated,train
10300580023,train,12-13|Arts & Humanities|generated,train
10100900004,train,12-13|Arts & Humanities|generated,train
20101080014,train,12-13|Social Sciences|generated,train
10400200063,train,12-13|Arts & Humanities|generated,dev
20101620032,train,14-15|Social Sciences|generated,train
20100280045,train,14-15|Social Sciences|generated,train
30100140005,dev,13-14|Social Sciences|generated,dev
20300060019,dev,15+|Arts & Humanities|generated,dev
10400210005,train,12-13|Social Sciences|generated,train
20300530009,train,12-13|Social Sciences|generated,train
20101360006,train,14-15|Social Sciences|generated,train
30101640022,train,14-15|Social Sciences|generated,train
10101940009,train,12-13|Arts & Humanities|generated,train
10101220055,test,12-13|Arts & Humanities|generated,train
30500050074,train,13-14|Arts & Humanities|generated,train
20400090074,train,14-15|Social Sciences|generated,train
20300520029,train,13-14|Arts & Humanities|generated,train
20500750018,train,14-15|Arts & Humanities|generated,train
30101080015,train,13-14|Arts & Humanities|generated,train
30400070014,test,12-13|Social Sciences|generated,train
30101190031,train,12-13|Social Sciences|generated,train
20100420027,test,12-13|Arts & Humanities|generated,train
20500500003,train,15+|Arts & Humanities|generated,train
30300130014,train,14-15|Social Sciences|generated,train
20400210036,train,14-15|Social Sciences|generated,train
31100110050,train,12-13|Arts & Humanities|generated,train
20300150049,train,12-13|Arts & Humanities|generated,train
10400170177,train,12-13|Arts & Humanities|generated,train
10101970077,train,12-13|Arts & Humanities|generated,train
10400370015,train,14-15|Arts & Humanities|generated,train
20101710011,train,14-15|Arts & Humanities|generated,train
30400110036,train,12-13|Social Sciences|generated,train
20300260002,train,14-15|Arts & Humanities|generated,train
30500010007,dev,15+|Arts & Humanities|generated,train
20200730001,train,12-13|Arts & Humanities|generated,train
10500270035,train,13-14|Arts & Humanities|generated,train
30101060004,train,12-13|Social Sciences|generated,train
10300610005,dev,13-14|Arts & Humanities|generated,train
20900040028,train,12-13|Arts & Humanities|generated,train
20500090001,train,12-13|Arts & Humanities|generated,dev
20300400033,dev,14-15|Arts & Humanities|generated,train
30101020011,train,14-15|STEM|generated,train
30100800048,train,12-13|Arts & Humanities|generated,train
30200750010,train,12-13|Arts & Humanities|generated,train
20201330013,train,12-13|STEM|generated,train
10300210014,train,12-13|Arts & Humanities|generated,train
20101350003,train,12-13|Arts & Humanities|generated,train
30100080016,train,14-15|Arts & Humanities|generated,dev
10102900019,train,12-13|Arts & Humanities|generated,train
30101650022,train,15+|Arts & Humanities|generated,train
20700740005,train,14-15|Arts & Humanities|generated,train
30300630032,train,12-13|Arts & Humanities|generated,train
20300260007,train,12-13|Arts & Humanities|generated,train
30101310025,train,15+|STEM|generated,train
20500830009,train,14-15|Arts & Humanities|generated,train
10101520027,train,12-13|Arts & Humanities|generated,train
30300460051,train,12-13|Arts & Humanities|generated,train
20101440020,test,15+|STEM|generated,train
10500570004,train,12-13|Arts & Humanities|generated,train
20200790015,train,12-13|Arts & Humanities|generated,train
20101690013,train,12-13|Social Sciences|generated,train
10400120039,train,12-13|Social Sciences|generated,dev
10500320007,train,12-13|Arts & Humanities|generated,train
20300210018,train,12-13|Arts & Humanities|generated,train
10102620010,train,14-15|Arts & Humanities|generated,train
10300550023,train,14-15|Arts & Humanities|generated,train
10500570009,train,12-13|Arts & Humanities|generated,train
31100070005,train,13-14|Arts & Humanities|generated,train
20100500029,test,14-15|Arts & Humanities|generated,train
10400120099,train,14-15|Social Sciences|generated,dev
10100770009,train,12-13|Arts & Humanities|generated,train
10100350038,test,12-13|Arts & Humanities|generated,train
10500150039,dev,12-13|Arts & Humanities|generated,train
30300140007,train,14-15|STEM|generated,train
20101470002,dev,14-15|Social Sciences|generated,train
20600450016,train,12-13|STEM|generated,train
20300110024,train,12-13|Arts & Humanities|generated,train
30200840009,train,14-15|Arts & Humanities|generated,train
30400040022,train,14-15|Social Sciences|generated,train
10300190065,train,14-15|Arts & Humanities|generated,train
20101130011,dev,14-15|STEM|generated,train
30200760001,train,15+|Arts & Humanities|generated,train
20101090042,train,14-15|Arts & Humanities|generated,train
10300400049,train,13-14|Arts & Humanities|generated,train
10200710009,train,13-14|STEM|generated,train
10300320009,train,14-15|Arts & Humanities|generated,train
30101240010,dev,14-15|Arts & Humanities|generated,train
30101360108,train,13-14|Arts & Humanities|generated,train
20100710003,test,14-15|Social Sciences|generated,train
10500170039,train,12-13|Arts & Humanities|generated,train
30500190033,test,12-13|Social Sciences|generated,train
31100160007,train,13-14|Arts & Humanities|generated,train
20300340014,train,14-15|Social Sciences|generated,train
20100480014,train,14-15|Social Sciences|generated,train
30100140007,train,12-13|Social Sciences|generated,dev
30100520042,train,12-13|Social Sciences|generated,train
30100500023,train,12-13|Social Sciences|generated,train
30300290008,train,12-13|Arts & Humanities|generated,train
10300400009,train,12-13|Arts & Humanities|generated,train
20500860014,train,14-15|Arts & Humanities|generated,train
30200150004,test,14-15|STEM|generated,train
30400170052,train,12-13|Social Sciences|generated,train
20300360011,train,12-13|Arts & Humanities|generated,train
30200860012,test,14-15|Social Sciences|generated,train
20101490022,train,14-15|Arts & Humanities|generated,train
20400490009,train,15+|Arts & Humanities|generated,train
30300310027,train,12-13|STEM|generated,train
20101200034,train,12-13|Social Sciences|generated,train
20900140027,train,12-13|Arts & Humanities|generated,train
10100410018,train,13-14|Arts & Humanities|generated,train
20400500010,train,13-14|Arts & Humanities|generated,train
30200420005,train,12-13|Social Sciences|generated,train
30300360020,train,14-15|Arts & Humanities|generated,train
30100190043,dev,12-13|Arts & Humanities|generated,dev
20100710009,train,15+|Social Sciences|generated,train
20100800027,train,12-13|Social Sciences|generated,train
20700820011,train,12-13|Arts & Humanities|generated,train
20400340077,test,12-13|Social Sciences|generated,train
30200600005,dev,14-15|Social Sciences|generated,train
30300660051,dev,12-13|Arts & Humanities|generated,train
20500350005,train,14-15|Arts & Humanities|generated,train
30100650002,train,12-13|STEM|generated,train
20700290011,train,12-13|Arts & Humanities|generated,train
30300680022,train,12-13|Arts & Humanities|generated,train
30100110010,train,12-13|Social Sciences|generated,train
20101630022,train,14-15|STEM|generated,train
10400420008,train,12-13|Arts & Humanities|generated,train
10101220029,dev,12-13|Arts & Humanities|generated,train
20100850011,train,15+|Social Sciences|generated,train
10101170132,train,15+|Arts & Humanities|generated,train
20100460012,train,12-13|Social Sciences|generated,train
10101150122,train,13-14|Arts & Humanities|generated,train
30100040007,train,14-15|STEM|generated,dev
31100050005,train,13-14|Arts & Humanities|generated,train
30400050042,train,14-15|Social Sciences|generated,train
20500110014,train,12-13|Arts & Humanities|generated,train
20300580038,train,12-13|Social Sciences|generated,train
10101870031,train,12-13|Arts & Humanities|generated,train
30101640027,test,14-15|Social Sciences|generated,train
20400010114,dev,12-13|Arts & Humanities|generated,train
30300580020,train,12-13|Arts & Humanities|generated,train
20100340030,train,14-15|STEM|generated,train
10102000021,train,12-13|Arts & Humanities|generated,train
30101370004,dev,12-13|Social Sciences|generated,train
10100250023,train,13-14|Arts & Humanities|generated,dev
20600270003,dev,14-15|STEM|generated,train
20200600019,train,14-15|Social Sciences|generated,train
30500030063,train,14-15|Arts & Humanities|generated,train
30101190034,train,12-13|Social Sciences|generated,train
20100190018,test,14-15|Social Sciences|generated,train
20600620012,train,14-15|Social Sciences|generated,train
20500120008,train,14-15|Arts & Humanities|generated,train
30400110024,train,14-15|Social Sciences|generated,train
10500180039,test,12-13|Arts & Humanities|generated,train
20400420094,dev,14-15|Arts & Humanities|generated,train
10101150165,train,13-14|Arts & Humanities|generated,train
10300140011,train,13-14|Arts & Humanities|generated,train
30101070022,test,14-15|Social Sciences|generated,train
30101610012,train,12-13|STEM|generated,train
30200650008,train,12-13|Social Sciences|generated,train
20700470001,train,12-13|Arts & Humanities|generated,train
30400060053,train,12-13|Social Sciences|generated,train
30101280025,train,14-15|Arts & Humanities|generated,train
20101450008,train,15+|Social Sciences|generated,train
10102110078,train,14-15|Arts & Humanities|generated,train
30200400005,train,14-15|Social Sciences|generated,dev
10101830031,train,13-14|Arts & Humanities|generated,train
20100820010,test,14-15|Social Sciences|generated,train
10102000016,dev,12-13|Arts & Humanities|generated,train
30100640047,train,12-13|Arts & Humanities|generated,train
20101120001,test,14-15|Social Sciences|generated,train
10300170046,train,12-13|Arts & Humanities|generated,train
10500580015,train,12-13|Arts & Humanities|generated,train
10300130027,train,12-13|Arts & Humanities|generated,train
10500540050,train,13-14|Arts & Humanities|generated,train
10100360084,train,12-13|Arts & Humanities|generated,train
20400130191,train,14-15|Arts & Humanities|generated,train
30300580014,train,14-15|Arts & Humanities|generated,train
20101430016,train,15+|Social Sciences|generated,train
20100370002,train,14-15|Social Sciences|generated,train
20300150051,train,15+|Arts & Humanities|generated,train
20100800017,train,12-13|Social Sciences|generated,train
10102210041,train,14-15|Arts & Humanities|generated,train
10102650077,train,14-15|Arts & Humanities|generated,train
20500160010,test,14-15|Arts & Humanities|generated,train
10100410076,train,13-14|Arts & Humanities|generated,train
30101110038,train,14-15|Arts & Humanities|generated,train
20400420162,train,13-14|Arts & Humanities|generated,train
20101630015,test,14-15|STEM|generated,train
10300390018,dev,13-14|Arts & Humanities|generated,train
30101430019,train,15+|Arts & Humanities|generated,train
10400330061,train,13-14|Social Sciences|generated,train
20101140017,train,14-15|Social Sciences|generated,train
20700140010,dev,12-13|Arts & Humanities|generated,dev
30400070028,train,14-15|Social Sciences|generated,train
20100630026,train,12-13|Social Sciences|generated,train
30400090072,train,12-13|Social Sciences|generated,train
10100730021,train,12-13|Arts & Humanities|generated,train
10300150044,test,13-14|Arts & Humanities|generated,train
30300030038,train,12-13|Arts & Humanities|generated,dev
20300600007,test,15+|Arts & Humanities|generated,train
20500200002,test,14-15|Arts & Humanities|generated,train
20500340013,train,13-14|Arts & Humanities|generated,train
10101150078,train,12-13|Arts & Humanities|generated,train
20700030002,train,12-13|Arts & Humanities|generated,dev
10101750023,train,12-13|Arts & Humanities|generated,train
30101440004,train,14-15|Social Sciences|generated,train
10400110203,train,12-13|Social Sciences|generated,dev
10500040021,train,12-13|Arts & Humanities|generated,dev
10800010012,train,12-13|Arts & Humanities|generated,train
10300150061,train,12-13|Arts & Humanities|generated,train
30300120046,train,14-15|Social Sciences|generated,train
30101500023,train,15+|Social Sciences|generated,train
10300100014,train,13-14|Arts & Humanities|generated,train
20700860006,train,12-13|Arts & Humanities|generated,train
21100170004,train,13-14|Arts & Humanities|generated,train
20101110020,train,14-15|Social Sciences|generated,train
10102850071,train,12-13|Arts & Humanities|generated,train
20300400050,train,12-13|Arts & Humanities|generated,train
10101130013,train,13-14|Arts & Humanities|generated,train
30300270042,train,15+|STEM|generated,train
20200450018,train,12-13|Arts & Humanities|generated,train
10300200052,train,14-15|Arts & Humanities|generated,train
20400340010,test,14-15|Social Sciences|generated,train
30100820003,train,13-14|Social Sciences|generated,train
10101180037,train,12-13|Arts & Humanities|generated,train
20101360020,train,13-14|Social Sciences|generated,train
10500170040,train,13-14|Arts & Humanities|generated,train
10300220006,train,12-13|Arts & Humanities|generated,train
10300580030,train,14-15|Arts & Humanities|generated,train
20400060047,train,14-15|Arts & Humanities|generated,train
10500260065,train,12-13|Arts & Humanities|generated,train
20400290040,train,14-15|Arts & Humanities|generated,train
30101500028,train,14-15|Social Sciences|generated,train
30300230021,train,12-13|Social Sciences|generated,train
10200110005,train,12-13|STEM|generated,dev
20400520082,train,12-13|Arts & Humanities|generated,train
10400450077,train,14-15|Social Sciences|generated,train
30300440014,test,14-15|Arts & Humanities|generated,train
10300550024,train,13-14|Arts & Humanities|generated,train
20101230010,train,12-13|Social Sciences|generated,train
10500370029,dev,14-15|Arts & Humanities|generated,train
20101700040,train,14-15|Arts & Humanities|generated,train
20100100037,train,12-13|Arts & Humanities|generated,dev
20101710014,train,15+|Arts & Humanities|generated,train
10400280056,test,13-14|Arts & Humanities|generated,train
10500570024,train,14-15|Arts & Humanities|generated,train
30200160016,train,12-13|STEM|generated,train
30100170017,train,15+|Arts & Humanities|generated,train
20300400007,train,14-15|Arts & Humanities|generated,train
30400120066,train,14-15|Social Sciences|generated,train
20200110013,dev,15+|Social Sciences|generated,dev
20700200005,train,14-15|Arts & Humanities|generated,train
10300290028,train,12-13|Arts & Humanities|generated,train
10500260044,train,13-14|Arts & Humanities|generated,train
10500570027,test,14-15|Arts & Humanities|generated,train
21300010025,train,12-13|Arts & Humanities|generated,dev
10300230043,train,13-14|Arts & Humanities|generated,train
10101700017,test,13-14|Arts & Humanities|generated,train
30100800013,train,12-13|Arts & Humanities|generated,train
30100800023,train,14-15|Arts & Humanities|generated,train
30101390028,train,12-13|Social Sciences|generated,train
20400400066,dev,12-13|Arts & Humanities|generated,dev
30300410020,train,12-13|Arts & Humanities|generated,train
20100370020,train,14-15|Social Sciences|generated,train
20400150065,train,12-13|Arts & Humanities|generated,train
10300520039,train,12-13|Arts & Humanities|generated,train
20400500029,train,15+|Arts & Humanities|generated,train
10300320040,train,12-13|Arts & Humanities|generated,train
30500090073,train,14-15|Social Sciences|generated,train
10400400180,train,14-15|Arts & Humanities|generated,train
20101510029,train,15+|Social Sciences|generated,train
30200680005,train,14-15|Social Sciences|generated,train
30101320004,dev,14-15|Social Sciences|generated,train
10300570002,train,12-13|Arts & Humanities|generated,train
10101470019,train,12-13|Arts & Humanities|generated,train
10102030028,train,12-13|Arts & Humanities|generated,train
10101120029,train,12-13|Arts & Humanities|generated,train
20300570007,train,14-15|Arts & Humanities|generated,train
20300170016,train,12-13|Arts & Humanities|generated,train
20400570007,test,14-15|Social Sciences|generated,train
20500600003,train,12-13|Arts & Humanities|generated,train
10500330007,train,12-13|Arts & Humanities|generated,train
20101260030,test,12-13|Social Sciences|generated,train
20101150033,train,12-13|Social Sciences|generated,train
30101320048,train,14-15|Social Sciences|generated,train
10101220014,train,12-13|Arts & Humanities|generated,train
10100330046,train,12-13|Arts & Humanities|generated,train
31100110019,train,13-14|Arts & Humanities|generated,train
30200970009,train,14-15|STEM|generated,train
20100480025,train,14-15|Social Sciences|generated,train
30300630020,dev,12-13|Arts & Humanities|generated,train
30300460019,train,14-15|Arts & Humanities|generated,train
10101430033,train,14-15|Arts & Humanities|generated,train
30100030004,dev,13-14|Social Sciences|generated,dev
30101170040,train,14-15|Social Sciences|generated,train
20101190008,train,14-15|STEM|generated,train
10101840013,train,14-15|Arts & Humanities|generated,train
20400090026,train,14-15|Social Sciences|generated,train
20101200029,train,12-13|Social Sciences|generated,train
10300470004,train,12-13|Arts & Humanities|generated,train
10200330010,dev,12-13|Arts & Humanities|generated,train
10600200010,dev,13-14|Arts & Humanities|generated,train
20400310012,dev,12-13|Arts & Humanities|generated,train
30101340028,test,13-14|Social Sciences|generated,train
10300400011,train,12-13|Arts & Humanities|generated,train
30100110022,train,12-13|Social Sciences|generated,train
30101000003,train,13-14|Arts & Humanities|generated,train
20900070014,train,12-13|Arts & Humanities|generated,train
20200470007,train,14-15|Arts & Humanities|generated,train
10100460018,train,12-13|Arts & Humanities|generated,train
30100110023,test,13-14|Social Sciences|generated,train
30300240027,train,14-15|Social Sciences|generated,train
20300510014,train,12-13|Arts & Humanities|generated,train
10101130022,dev,12-13|Arts & Humanities|generated,train
20200370004,train,14-15|Arts & Humanities|generated,train
20300570034,test,12-13|Arts & Humanities|generated,train
10102030019,train,12-13|Arts & Humanities|generated,train
30101560003,train,12-13|Arts & Humanities|generated,train
30400150042,train,14-15|Social Sciences|generated,train
20400320043,train,14-15|Arts & Humanities|generated,dev
30101340009,test,14-15|Social Sciences|generated,train
20400240028,train,12-13|Social Sciences|generated,dev
20200310013,train,12-13|Arts & Humanities|generated,train
20500110008,train,12-13|Arts & Humanities|generated,train
20201120013,train,14-15|Social Sciences|generated,train
30500080034,train,14-15|Social Sciences|generated,train
10100590099,train,14-15|Arts & Humanities|generated,train
10102110050,dev,13-14|Arts & Humanities|generated,train
30100480003,train,15+|STEM|generated,dev
20200860016,train,12-13|Arts & Humanities|generated,train
20300590036,train,12-13|Arts & Humanities|generated,train
30100590025,train,13-14|Social Sciences|generated,train
30300570039,train,12-13|Social Sciences|generated,train
30200970002,train,13-14|STEM|generated,train
20100560037,train,12-13|Arts & Humanities|generated,train
10101470016,dev,12-13|Arts & Humanities|generated,train
10101290012,test,12-13|Arts & Humanities|generated,train
10100380055,train,13-14|Arts & Humanities|generated,train
20300560016,train,13-14|Arts & Humanities|generated,train
30400070063,train,14-15|Social Sciences|generated,train
30500260067,train,14-15|Arts & Humanities|generated,dev
10102000009,train,12-13|Arts & Humanities|generated,train
20300250021,test,14-15|Social Sciences|generated,train
30200680013,train,14-15|Social Sciences|generated,train
10102930005,train,14-15|Arts & Humanities|generated,train
30300020015,train,13-14|Arts & Humanities|generated,train
20200540020,train,13-14|Social Sciences|generated,train
30100130033,train,15+|STEM|generated,dev
30200790019,train,12-13|Arts & Humanities|generated,train
30200840008,train,12-13|Arts & Humanities|generated,train
20101110004,train,14-15|Social Sciences|generated,train
30101660053,train,15+|STEM|generated,train
10200620011,train,12-13|STEM|generated,train
30101580055,train,12-13|STEM|generated,train
30300530047,train,14-15|Arts & Humanities|generated,train
10101180038,train,12-13|Arts & Humanities|generated,train
30200470002,dev,14-15|Social Sciences|generated,train
30400030047,train,14-15|Social Sciences|generated,train
10101220005,dev,12-13|Arts & Humanities|generated,train
20500820002,train,12-13|Arts & Humanities|generated,train
10102910025,train,12-13|Arts & Humanities|generated,train
30300380023,test,12-13|Social Sciences|generated,train
30100660027,train,12-13|Social Sciences|generated,train
20500870002,train,12-13|Arts & Humanities|generated,train
20900120011,train,12-13|Arts & Humanities|generated,train
30100520050,train,15+|Social Sciences|generated,train
10600240001,train,12-13|Arts & Humanities|generated,train
20500480020,train,12-13|Arts & Humanities|generated,train
20500230014,dev,12-13|Arts & Humanities|generated,train
30100420020,train,15+|Social Sciences|generated,train
20200710018,test,14-15|Arts & Humanities|generated,train
30500100029,train,13-14|Social Sciences|generated,train
20201340003,train,13-14|STEM|generated,train
20200550005,train,12-13|Social Sciences|generated,train
10300110044,train,12-13|Arts & Humanities|generated,train
20201390016,test,12-13|STEM|generated,train
20100980010,dev,14-15|STEM|generated,train
10500590007,train,12-13|Arts & Humanities|generated,train
30300530034,dev,14-15|Arts & Humanities|generated,train
20500330002,train,14-15|Arts & Humanities|generated,train
10101170058,train,13-14|Arts & Humanities|generated,train
30200830016,train,13-14|Arts & Humanities|generated,train
20700350014,train,12-13|Arts & Humanities|generated,train
30101380036,train,14-15|Social Sciences|generated,train
30100730021,train,14-15|Social Sciences|generated,train
20200550004,train,14-15|Social Sciences|generated,train
10800160010,dev,14-15|Arts & Humanities|generated,train
30200570018,train,14-15|Social Sciences|generated,train
20300610002,train,14-15|Arts & Humanities|generated,train
20100120016,train,15+|Social Sciences|generated,dev
30101310017,train,14-15|STEM|generated,train
30101620025,train,12-13|Arts & Humanities|generated,train
20300210022,train,12-13|Arts & Humanities|generated,train
10200620005,train,12-13|STEM|generated,train
30100070026,dev,12-13|Social Sciences|generated,dev
10500530026,test,13-14|Arts & Humanities|generated,train
20300170010,dev,12-13|Arts & Humanities|generated,train
30300060041,train,14-15|Arts & Humanities|generated,dev
30100600021,train,13-14|Social Sciences|generated,train
10300190073,train,12-13|Arts & Humanities|generated,train
20400430067,train,12-13|Arts & Humanities|generated,train
30300090012,dev,12-13|STEM|generated,train
20200680013,train,12-13|Social Sciences|generated,train
20200440003,train,12-13|Arts & Humanities|generated,train
10500540052,train,13-14|Arts & Humanities|generated,train
20300060016,train,12-13|Arts & Humanities|generated,dev
30101500033,train,13-14|Social Sciences|generated,train
10400210076,train,12-13|Social Sciences|generated,train
31100100007,train,12-13|Arts & Humanities|generated,train
30101610003,train,12-13|STEM|generated,train
30500110014,train,12-13|Social Sciences|generated,dev
20300030029,train,15+|Arts & Humanities|generated,dev
10101960010,train,12-13|Arts & Humanities|generated,train
20100830008,dev,14-15|Social Sciences|generated,train
20101280015,train,14-15|STEM|generated,train
20300290010,train,14-15|Social Sciences|generated,train
30101510017,train,12-13|Social Sciences|generated,train
30300470019,train,13-14|Arts & Humanities|generated,train
20300490033,train,13-14|Arts & Humanities|generated,train
30100490049,train,13-14|STEM|generated,train
20300150007,train,14-15|Arts & Humanities|generated,train
20101310027,train,12-13|Social Sciences|generated,train
30100060058,train,13-14|Arts & Humanities|generated,train
30100080015,train,14-15|Arts & Humanities|generated,dev
30101320024,test,15+|Social Sciences|generated,train
20100810009,train,14-15|Social Sciences|generated,train
20500860017,dev,14-15|Arts & Humanities|generated,train
31100190003,train,15+|Arts & Humanities|generated,train
20100410033,train,13-14|Social Sciences|generated,train
30101500011,train,12-13|Social Sciences|generated,train
30500210002,train,13-14|Social Sciences|generated,train
30300080023,train,12-13|STEM|generated,dev
20200750003,train,14-15|Arts & Humanities|generated,train
10101240013,train,14-15|Arts & Humanities|generated,train
20100850037,train,12-13|Social Sciences|generated,train
20101180031,train,14-15|Arts & Humanities|generated,train
20400310067,test,12-13|Arts & Humanities|generated,train
30300040020,train,14-15|STEM|generated,train
10101120019,test,12-13|Arts & Humanities|generated,train
10101490013,test,12-13|Arts & Humanities|generated,train
30300070014,train,14-15|STEM|generated,train
21100010006,test,14-15|Arts & Humanities|generated,train
20300510007,train,13-14|Arts & Humanities|generated,train
10300350008,dev,12-13|Arts & Humanities|generated,train
20101610015,train,12-13|STEM|generated,train
20200400018,train,15+|Arts & Humanities|generated,train
20100030012,train,15+|Arts & Humanities|generated,dev
10101870016,train,12-13|Arts & Humanities|generated,train
20300210012,train,15+|Arts & Humanities|generated,train
10200120003,train,12-13|STEM|generated,dev
20100850013,train,12-13|Social Sciences|generated,train
10102070011,train,13-14|Arts & Humanities|generated,train
20101250019,train,12-13|Social Sciences|generated,train
20700210004,train,12-13|Arts & Humanities|generated,train
20400470106,train,14-15|Social Sciences|generated,train
20300050054,train,14-15|Arts & Humanities|generated,dev
20500440013,dev,14-15|Arts & Humanities|generated,train
30400140051,dev,14-15|Social Sciences|generated,train
30100850006,train,14-15|Arts & Humanities|generated,train
10100720011,train,14-15|Arts & Humanities|generated,train
20300430034,dev,13-14|Arts & Humanities|generated,train
10300320003,dev,12-13|Arts & Humanities|generated,train
30101360035,train,12-13|Arts & Humanities|generated,train
10600330009,test,12-13|Arts & Humanities|generated,train
20100650016,train,13-14|Social Sciences|generated,train
20101420005,test,12-13|Arts & Humanities|generated,train
10101290056,train,13-14|Arts & Humanities|generated,train
30101650032,train,15+|Arts & Humanities|generated,train
20100620002,train,12-13|Social Sciences|generated,train
30300680012,train,12-13|Arts & Humanities|generated,train
20200790011,test,12-13|Arts & Humanities|generated,train
30300110019,train,14-15|STEM|generated,train
20300400015,train,14-15|Arts & Humanities|generated,train
20300400003,dev,14-15|Arts & Humanities|generated,train
10101160009,dev,14-15|Arts & Humanities|generated,train
10100440014,test,15+|Arts & Humanities|generated,train
10400350017,train,12-13|Social Sciences|generated,train
30100610042,train,12-13|Arts & Humanities|generated,train
10102700032,train,12-13|Arts & Humanities|generated,train
10400450037,train,14-15|Social Sciences|generated,train
30100050031,train,15+|STEM|generated,dev
30200460017,train,14-15|Social Sciences|generated,train
20100340017,train,14-15|STEM|generated,train
20100420014,train,13-14|Arts & Humanities|generated,train
10101690009,train,12-13|Arts & Humanities|generated,train
20100740010,train,12-13|STEM|generated,train
10101910004,train,12-13|Arts & Humanities|generated,train
10100060020,dev,12-13|Arts & Humanities|generated,dev
20101420020,train,14-15|Arts & Humanities|generated,train
30200920007,train,14-15|Social Sciences|generated,train
20100150028,train,14-15|STEM|generated,dev
30101440029,dev,14-15|Social Sciences|generated,train
20201270020,train,12-13|STEM|generated,train
20101330016,train,14-15|Social Sciences|generated,train
20100710001,train,12-13|Social Sciences|generated,train
20100490004,dev,14-15|Social Sciences|generated,train
30101490010,train,15+|Arts & Humanities|generated,train
30101610026,dev,12-13|STEM|generated,train
20400190007,train,14-15|Arts & Humanities|generated,train
10300060004,dev,12-13|Arts & Humanities|generated,dev
30101320029,train,12-13|Social Sciences|generated,train
20400390102,train,12-13|Arts & Humanities|generated,train
10102690027,train,12-13|Arts & Humanities|generated,train
10400210137,train,14-15|Social Sciences|generated,train
30100500008,train,14-15|Social Sciences|generated,train
10200740009,train,14-15|STEM|generated,train
30101330055,train,14-15|Social Sciences|generated,train
10101690006,train,14-15|Arts & Humanities|generated,train
20300560013,train,14-15|Arts & Humanities|generated,train
10300320012,train,13-14|Arts & Humanities|generated,train
20200830006,train,12-13|Arts & Humanities|generated,train
30101560023,train,14-15|Arts & Humanities|generated,train
20300400036,train,14-15|Arts & Humanities|generated,train
30101020028,test,12-13|STEM|generated,train
10500020028,train,12-13|Arts & Humanities|generated,train
30300400046,train,12-13|Arts & Humanities|generated,train
30400120015,test,14-15|Social Sciences|generated,train
10102040009,dev,12-13|Arts & Humanities|generated,train
20201250013,train,13-14|STEM|generated,train
20300200070,train,12-13|Arts & Humanities|generated,train
10500140015,train,13-14|Arts & Humanities|generated,train
10500210025,test,12-13|Arts & Humanities|generated,train
20300020041,train,13-14|Arts & Humanities|generated,dev
10400120054,train,12-13|Social Sciences|generated,dev
10500340008,train,13-14|Arts & Humanities|generated,train
20500870022,train,14-15|Arts & Humanities|generated,train
30400040047,dev,14-15|Social Sciences|generated,train
30100030007,train,14-15|Social Sciences|generated,dev
30200170016,dev,15+|STEM|generated,train
30200430001,train,12-13|Social Sciences|generated,train
10100080021,dev,12-13|Arts & Humanities|generated,dev
10200970003,test,14-15|Social Sciences|generated,train
20300190005,train,12-13|Arts & Humanities|generated,train
10100440019,train,14-15|Arts & Humanities|generated,train
20400040042,test,12-13|Arts & Humanities|generated,train
20500830018,train,14-15|Arts & Humanities|generated,train
20101470032,dev,13-14|Social Sciences|generated,train
20100650001,train,14-15|Social Sciences|generated,train
30100800039,train,12-13|Arts & Humanities|generated,train
10300390041,train,12-13|Arts & Humanities|generated,train
30101230028,train,15+|Social Sciences|generated,train
30200770006,train,12-13|Arts & Humanities|generated,train
20400500006,train,15+|Arts & Humanities|generated,train
30300080025,train,12-13|STEM|generated,dev
30500190058,train,14-15|Social Sciences|generated,train
30400130082,train,12-13|Social Sciences|generated,dev
30101150013,train,14-15|Arts & Humanities|generated,train
10300150016,train,13-14|Arts & Humanities|generated,train
30100080011,dev,15+|Arts & Humanities|generated,dev
20700750005,train,14-15|Arts & Humanities|generated,train
20300570020,train,15+|Arts & Humanities|generated,train
30101610034,train,14-15|STEM|generated,train
20300460022,train,14-15|Social Sciences|generated,train
20101130004,train,14-15|STEM|generated,train
20101220014,train,14-15|STEM|generated,train
20100670019,train,12-13|Social Sciences|generated,train
30100060030,test,13-14|Arts & Humanities|generated,train
20100990027,train,12-13|STEM|generated,train
20201330009,train,12-13|STEM|generated,train
30200540010,dev,14-15|Social Sciences|generated,train
30200510010,train,14-15|Social Sciences|generated,train
10500370010,train,14-15|Arts & Humanities|generated,train
20400500016,train,14-15|Arts & Humanities|generated,train
30100090009,train,13-14|Arts & Humanities|generated,train
20600700018,train,12-13|Social Sciences|generated,train
30500150087,train,14-15|Arts & Humanities|generated,train
10101150162,test,12-13|Arts & Humanities|generated,train
20100170032,train,14-15|Social Sciences|generated,train
30300300017,train,14-15|Arts & Humanities|generated,train
20201170011,test,13-14|STEM|generated,train
10500440023,train,12-13|Arts & Humanities|generated,train
10101270014,train,12-13|Arts & Humanities|generated,train
30400050030,train,12-13|Social Sciences|generated,train
30100900033,train,14-15|STEM|generated,train
30101590005,train,14-15|Social Sciences|generated,train
10102850040,train,12-13|Arts & Humanities|generated,train
30100080012,train,14-15|Arts & Humanities|generated,dev
10100660020,train,12-13|Arts & Humanities|generated,train
10300240051,train,13-14|Arts & Humanities|generated,train
30101620012,train,14-15|Arts & Humanities|generated,train
10500510017,train,13-14|Arts & Humanities|generated,train
10101270029,train,12-13|Arts & Humanities|generated,train
30100690027,train,13-14|Arts & Humanities|generated,train
30200850002,train,14-15|Social Sciences|generated,train
10101510084,test,14-15|Arts & Humanities|generated,train
30300100017,train,14-15|STEM|generated,train
10102070064,train,14-15|Arts & Humanities|generated,train
20300060048,dev,12-13|Arts & Humanities|generated,dev
10100720023,train,14-15|Arts & Humanities|generated,train
20101320020,train,15+|Arts & Humanities|generated,train
20101130035,train,14-15|STEM|generated,train
20400580028,train,14-15|Social Sciences|generated,train
30101510044,train,14-15|Social Sciences|generated,train
10500030034,train,12-13|Arts & Humanities|generated,train
10400260082,train,13-14|Arts & Humanities|generated,train
30100550024,train,12-13|Social Sciences|generated,train
10200880003,train,12-13|Social Sciences|generated,train
20500740020,train,12-13|Arts & Humanities|generated,train
30101190011,train,15+|Social Sciences|generated,train
30300550030,train,12-13|Arts & Humanities|generated,train
20400170030,train,14-15|Arts & Humanities|generated,train
20201440009,train,13-14|STEM|generated,train
30300440028,train,14-15|Arts & Humanities|generated,train
10100140034,train,12-13|Arts & Humanities|generated,dev
20101250047,test,12-13|Social Sciences|generated,train
21300010028,train,13-14|Arts & Humanities|generated,dev
20300260030,train,13-14|Arts & Humanities|generated,train
30100030023,dev,14-15|Social Sciences|generated,dev
10100890040,train,12-13|Arts & Humanities|generated,train
10800160004,train,14-15|Arts & Humanities|generated,train
30300200017,train,14-15|STEM|generated,dev
20101440001,train,14-15|STEM|generated,train
30101310023,train,13-14|STEM|generated,train
30101370049,test,15+|Social Sciences|generated,train
10500400008,train,12-13|Arts & Humanities|generated,train
20100870014,train,13-14|STEM|generated,train
30100430013,train,15+|Arts & Humanities|generated,train
20400520027,test,12-13|Arts & Humanities|generated,train
30300130010,dev,13-14|Social Sciences|generated,train
30101500030,train,13-14|Social Sciences|generated,train
10400410082,train,12-13|Arts & Humanities|generated,train
30101660015,train,12-13|STEM|generated,train
10400240023,train,12-13|Arts & Humanities|generated,train
10500560025,train,12-13|Arts & Humanities|generated,train
30101580046,test,14-15|STEM|generated,train
10400450120,train,12-13|Social Sciences|generated,train
10300470013,train,12-13|Arts & Humanities|generated,train
30200080011,train,15+|Arts & Humanities|generated,train
10101510055,train,14-15|Arts & Humanities|generated,train
20100020006,train,12-13|Social Sciences|generated,dev
10100200078,train,13-14|Arts & Humanities|generated,dev
20400420097,train,14-15|Arts & Humanities|generated,train
30200430010,train,14-15|Social Sciences|generated,train
30300240006,train,12-13|Social Sciences|generated,train
20100360026,train,12-13|Arts & Humanities|generated,train
20700500020,train,12-13|Arts & Humanities|generated,train
10102730015,train,14-15|Arts & Humanities|generated,train
30100390013,test,14-15|Arts & Humanities|generated,train
10400130174,train,12-13|Arts & Humanities|generated,train
30100810029,train,14-15|Social Sciences|generated,train
30101380011,dev,12-13|Social Sciences|generated,train
20700810004,train,12-13|Arts & Humanities|generated,train
20300500041,train,13-14|Arts & Humanities|generated,train
30200400016,train,15+|Social Sciences|generated,dev
20300270020,train,12-13|Social Sciences|generated,train
20100820005,train,14-15|Social Sciences|generated,train
10300540018,test,12-13|Arts & Humanities|generated,train
20600090014,train,13-14|Arts & Humanities|generated,dev
20100500003,train,12-13|Arts & Humanities|generated,train
20200280009,test,12-13|Arts & Humanities|generated,train
10100810106,train,14-15|Arts & Humanities|generated,train
30300650035,test,12-13|Arts & Humanities|generated,train
20500780003,train,14-15|Arts & Humanities|generated,train
10500330031,train,13-14|Arts & Humanities|generated,train
10500600029,train,12-13|Arts & Humanities|generated,train
10101530026,train,14-15|Arts & Humanities|generated,train
30400060023,test,12-13|Social Sciences|generated,train
30100440035,train,13-14|Social Sciences|generated,train
10101580042,train,14-15|Arts & Humanities|generated,train
10800110017,train,12-13|Arts & Humanities|generated,train
30101400021,dev,12-13|Arts & Humanities|generated,train
10500420018,train,14-15|Arts & Humanities|generated,train
10400240073,dev,14-15|Arts & Humanities|generated,train
10500360017,train,13-14|Arts & Humanities|generated,train
10300610011,train,12-13|Arts & Humanities|generated,train
30200200012,train,14-15|STEM|generated,train
10101430043,train,14-15|Arts & Humanities|generated,train
30200120016,train,14-15|STEM|generated,train
20200540015,train,14-15|Social Sciences|generated,train
20300400046,train,12-13|Arts & Humanities|generated,train
20800060098,train,12-13|Arts & Humanities|generated,train
20101740007,train,15+|Arts & Humanities|generated,train
10101120016,test,12-13|Arts & Humanities|generated,train
20500450005,train,14-15|Arts & Humanities|generated,train
20100350028,train,12-13|Social Sciences|generated,train
10500110012,train,12-13|Arts & Humanities|generated,train
30101430030,train,15+|Arts & Humanities|generated,train
20100190001,train,14-15|Social Sciences|generated,train
20400480076,train,12-13|Social Sciences|generated,dev
10101400016,train,14-15|Arts & Humanities|generated,train
20101350020,test,14-15|Arts & Humanities|generated,train
30101130020,train,15+|Social Sciences|generated,train
10500430026,train,12-13|Arts & Humanities|generated,train
30500060075,test,12-13|Arts & Humanities|generated,train
10300180064,train,12-13|Arts & Humanities|generated,train
30100410041,test,12-13|Social Sciences|generated,train
10102030024,train,14-15|Arts & Humanities|generated,train
20200580007,train,13-14|Social Sciences|generated,train
10101940016,train,12-13|Arts & Humanities|generated,train
30200600014,train,14-15|Social Sciences|generated,train
10100590100,train,12-13|Arts & Humanities|generated,train
30300050074,test,13-14|Arts & Humanities|generated,train
20101080025,train,14-15|Social Sciences|generated,train
30300260022,train,14-15|Social Sciences|generated,train
20100010001,train,14-15|Social Sciences|generated,dev
20100850014,train,14-15|Social Sciences|generated,train
30400040002,train,15+|Social Sciences|generated,train
20101510021,train,12-13|Social Sciences|generated,train
10101520061,train,12-13|Arts & Humanities|generated,train
30400130068,dev,14-15|Social Sciences|generated,dev
20201430011,test,12-13|STEM|generated,train
20100590005,test,14-15|Arts & Humanities|generated,train
20500720008,train,14-15|Arts & Humanities|generated,train
10101060004,test,12-13|Arts & Humanities|generated,train
30100960017,train,15+|Social Sciences|generated,train
20101350015,train,14-15|Arts & Humanities|generated,train
30300230016,train,12-13|Social Sciences|generated,train
20100090043,train,12-13|Arts & Humanities|generated,train
30400040009,train,14-15|Social Sciences|generated,train
20300580039,train,14-15|Social Sciences|generated,train
10500380040,test,14-15|Arts & Humanities|generated,train
10500240047,train,12-13|Arts & Humanities|generated,train
30101530033,train,13-14|Social Sciences|generated,train
20400480079,train,13-14|Social Sciences|generated,dev
30500270006,train,12-13|Social Sciences|generated,train
30100130051,train,14-15|STEM|generated,dev
30300440029,train,14-15|Arts & Humanities|generated,train
20101310003,dev,14-15|Social Sciences|generated,train
30300290021,test,13-14|Arts & Humanities|generated,train
10500320039,train,13-14|Arts & Humanities|generated,train
20101680035,test,14-15|Social Sciences|generated,train
20500650003,train,14-15|Arts & Humanities|generated,train
20101060011,train,14-15|STEM|generated,train
30100130004,train,12-13|STEM|generated,dev
30200500006,train,14-15|Social Sciences|generated,train
10101270021,train,12-13|Arts & Humanities|generated,train
10102200014,train,12-13|Arts & Humanities|generated,train
20500760016,train,12-13|Arts & Humanities|generated,train
30101610007,train,14-15|STEM|generated,train
20700760002,train,12-13|Arts & Humanities|generated,train
20500870010,train,14-15|Arts & Humanities|generated,train
30300100016,train,12-13|STEM|generated,train
20101340001,train,15+|STEM|generated,train
10300290051,test,12-13|Arts & Humanities|generated,train
10300560015,train,13-14|Arts & Humanities|generated,train
20400530048,test,13-14|Social Sciences|generated,train
30200450015,train,14-15|Social Sciences|generated,train
30300350037,train,14-15|STEM|generated,train
30101530036,train,14-15|Social Sciences|generated,train
30400060072,train,14-15|Social Sciences|generated,train
20201330018,train,12-13|STEM|generated,train
20101630018,train,12-13|STEM|generated,train
20100850023,train,14-15|Social Sciences|generated,train
20800120006,train,12-13|Arts & Humanities|generated,dev
30101580057,train,12-13|STEM|generated,train
10500390010,train,12-13|Arts & Humanities|generated,train
10400150164,test,14-15|Arts & Humanities|generated,train
20101020011,train,15+|Arts & Humanities|generated,train
10102710013,test,13-14|Arts & Humanities|generated,train
30100410014,train,13-14|Social Sciences|generated,train
30500100012,test,12-13|Social Sciences|generated,train
10300520030,train,12-13|Arts & Humanities|generated,train
30500090067,dev,15+|Social Sciences|generated,train
20200590020,train,15+|Social Sciences|generated,train
30101420007,train,14-15|Arts & Humanities|generated,train
20200610002,train,14-15|Social Sciences|generated,train
20100060015,train,15+|Social Sciences|generated,dev
30300410031,train,12-13|Arts & Humanities|generated,train
30400150039,test,12-13|Social Sciences|generated,train
30101390034,train,13-14|Social Sciences|generated,train
10100660031,train,14-15|Arts & Humanities|generated,train
30100430011,test,14-15|Arts & Humanities|generated,train
20400060046,train,12-13|Arts & Humanities|generated,train
20100710010,train,14-15|Social Sciences|generated,train
30200390018,train,14-15|Social Sciences|generated,dev
10100470005,train,14-15|Arts & Humanities|generated,train
10400210089,train,12-13|Social Sciences|generated,train
10300150052,test,13-14|Arts & Humanities|generated,train
31100070008,test,12-13|Arts & Humanities|generated,train
30100520013,train,13-14|Social Sciences|generated,train
30500110004,train,12-13|Social Sciences|generated,dev
10400250035,test,12-13|Arts & Humanities|generated,train
20600480012,train,14-15|Social Sciences|generated,train
30101090011,train,14-15|Social Sciences|generated,train
20100740019,train,14-15|STEM|generated,train
30100610009,train,14-15|Arts & Humanities|generated,train
30100060026,train,12-13|Arts & Humanities|generated,train
20400220044,train,14-15|Social Sciences|generated,train
10400470057,train,14-15|Social Sciences|generated,dev
10100410048,train,12-13|Arts & Humanities|generated,train
30300630014,train,12-13|Arts & Humanities|generated,train
30101240008,test,15+|Arts & Humanities|generated,train
30100920031,train,13-14|Arts & Humanities|generated,train
10300540088,train,12-13|Arts & Humanities|generated,train
10101760013,train,15+|Arts & Humanities|generated,train
20300490005,train,14-15|Arts & Humanities|generated,train
10100640007,train,12-13|Arts & Humanities|generated,train
20600700016,train,14-15|Social Sciences|generated,train
30500080040,test,14-15|Social Sciences|generated,train
30100800005,train,12-13|Arts & Humanities|generated,train
10300150011,train,12-13|Arts & Humanities|generated,train
20101080037,train,12-13|Social Sciences|generated,train
10500370032,train,14-15|Arts & Humanities|generated,train
20400300034,dev,13-14|Arts & Humanities|generated,train
20100850034,train,12-13|Social Sciences|generated,train
20300500005,train,15+|Arts & Humanities|generated,train
20600140012,train,14-15|Arts & Humanities|generated,dev
30101200062,train,12-13|Arts & Humanities|generated,train
20600330002,dev,14-15|STEM|generated,train
20600170002,test,14-15|STEM|generated,train
10102160013,train,14-15|Arts & Humanities|generated,train
30101370055,test,12-13|Social Sciences|generated,train
30400130125,train,14-15|Social Sciences|generated,dev
10500160044,train,13-14|Arts & Humanities|generated,train
30200490007,train,14-15|Social Sciences|generated,train
20200240002,train,12-13|Arts & Humanities|generated,train
20100740008,test,14-15|STEM|generated,train
30100850016,train,14-15|Arts & Humanities|generated,train
20200740002,train,14-15|Arts & Humanities|generated,train
30300080010,train,12-13|STEM|generated,dev
10102860004,train,12-13|Arts & Humanities|generated,train
30100760031,train,14-15|Social Sciences|generated,train
10200100018,train,12-13|STEM|generated,dev
20600410004,train,13-14|STEM|generated,train
30500120008,dev,15+|Arts & Humanities|generated,train
20700830004,train,12-13|Arts & Humanities|generated,train
20100670020,test,12-13|Social Sciences|generated,train
30101100008,dev,14-15|Social Sciences|generated,train
10500550020,train,12-13|Arts & Humanities|generated,train
30300590012,train,14-15|Arts & Humanities|generated,train
20100840030,train,14-15|Social Sciences|generated,train
20101250048,dev,14-15|Social Sciences|generated,train
10102060012,train,13-14|Arts & Humanities|generated,train
20500740003,train,14-15|Arts & Humanities|generated,train
30300370016,dev,12-13|Arts & Humanities|generated,train
10100110131,train,12-13|Arts & Humanities|generated,dev
10102090003,train,14-15|Arts & Humanities|generated,train
20400370072,train,12-13|Arts & Humanities|generated,train
20300240036,train,13-14|Arts & Humanities|generated,train
20200600017,test,12-13|Social Sciences|generated,train
30400050005,train,12-13|Social Sciences|generated,train
30100720015,train,14-15|Arts & Humanities|generated,train
20600320013,train,15+|STEM|generated,train
20500270016,train,14-15|Arts & Humanities|generated,train
10300200023,train,13-14|Arts & Humanities|generated,train
20201290018,train,12-13|STEM|generated,train
10500400050,train,12-13|Arts & Humanities|generated,train
10500020041,dev,13-14|Arts & Humanities|generated,train
10101910003,train,12-13|Arts & Humanities|generated,train
20100450010,test,12-13|Arts & Humanities|generated,train
30101630022,dev,15+|Arts & Humanities|generated,train
20400470067,train,14-15|Social Sciences|generated,train
20200730019,test,14-15|Arts & Humanities|generated,train
20101000006,train,14-15|STEM|generated,train
20101230012,train,14-15|Social Sciences|generated,train
10201060008,dev,14-15|Social Sciences|generated,train
20101360018,train,13-14|Social Sciences|generated,train
20100950003,train,14-15|Social Sciences|generated,train
10300290039,train,12-13|Arts & Humanities|generated,train
30100800010,train,14-15|Arts & Humanities|generated,train
30101100012,train,14-15|Social Sciences|generated,train
20500150016,train,13-14|Arts & Humanities|generated,train
20300340012,train,12-13|Social Sciences|generated,train
20700770008,train,12-13|Arts & Humanities|generated,train
10100910011,train,13-14|Arts & Humanities|generated,train
20200900012,train,12-13|Arts & Humanities|generated,train
10101240038,train,12-13|Arts & Humanities|generated,train
30300310039,dev,12-13|STEM|generated,train
10200730014,train,12-13|STEM|generated,train
30500250087,train,12-13|Arts & Humanities|generated,train
20101200002,test,14-15|Social Sciences|generated,train
20500760006,train,13-14|Arts & Humanities|generated,train
20400190077,train,12-13|Arts & Humanities|generated,train
20100650020,train,14-15|Social Sciences|generated,train
10101970035,train,12-13|Arts & Humanities|generated,train
10600270009,dev,12-13|Arts & Humanities|generated,train
30100650005,train,14-15|STEM|generated,train
30300020011,train,12-13|Arts & Humanities|generated,train
30100670048,train,15+|Social Sciences|generated,train
20300040008,train,13-14|Arts & Humanities|generated,dev
20300570027,train,13-14|Arts & Humanities|generated,train
10100400044,train,13-14|Arts & Humanities|generated,train
20100660018,train,12-13|Arts & Humanities|generated,train
10200960009,train,14-15|Social Sciences|generated,train
20400330028,train,14-15|Social Sciences|generated,train
30500040034,train,15+|Arts & Humanities|generated,train
20100860028,train,14-15|Arts & Humanities|generated,train
30100920028,train,14-15|Arts & Humanities|generated,train
30101490016,train,12-13|Arts & Humanities|generated,train
10200750009,test,14-15|STEM|generated,train
20600320002,train,14-15|STEM|generated,train
20600260009,train,14-15|STEM|generated,train
20700720007,train,13-14|Arts & Humanities|generated,train
20101490002,train,14-15|Arts & Humanities|generated,train
30101150007,train,13-14|Arts & Humanities|generated,train
30300070029,train,14-15|STEM|generated,train
10102660026,test,14-15|Arts & Humanities|generated,train
20400530068,train,13-14|Social Sciences|generated,train
30101050007,dev,13-14|STEM|generated,train
10102690014,train,14-15|Arts & Humanities|generated,train
20500490015,train,14-15|Arts & Humanities|generated,train
20300320009,train,12-13|Arts & Humanities|generated,train
20200040007,train,12-13|Arts & Humanities|generated,dev
30200920012,train,14-15|Social Sciences|generated,train
20101520023,train,14-15|Social Sciences|generated,train
10101290005,train,12-13|Arts & Humanities|generated,train
20300210021,train,12-13|Arts & Humanities|generated,train
20101050009,train,14-15|STEM|generated,train
20400520069,train,14-15|Arts & Humanities|generated,train
20200670016,train,12-13|Social Sciences|generated,train
30200480019,train,13-14|Social Sciences|generated,train
30500050087,dev,13-14|Arts & Humanities|generated,train
10500050012,dev,12-13|Arts & Humanities|generated,train
30101230019,train,14-15|Social Sciences|generated,train
20300520008,dev,13-14|Arts & Humanities|generated,train
10100410010,train,13-14|Arts & Humanities|generated,train
20101570028,test,14-15|Social Sciences|generated,train
30200850017,train,14-15|Social Sciences|generated,train
30101000013,train,13-14|Arts & Humanities|generated,train
30500180012,dev,14-15|Arts & Humanities|generated,dev
20300500003,train,13-14|Arts & Humanities|generated,train
20101650015,train,14-15|Social Sciences|generated,train
20100630004,train,12-13|Social Sciences|generated,train
10400240006,train,12-13|Arts & Humanities|generated,train
30400170066,train,14-15|Social Sciences|generated,train
20201380001,test,12-13|STEM|generated,train
30400040029,dev,14-15|Social Sciences|generated,train
20201160001,train,14-15|Social Sciences|generated,train
30101560004,train,14-15|Arts & Humanities|generated,train
10300390019,train,14-15|Arts & Humanities|generated,train
10100730026,train,14-15|Arts & Humanities|generated,train
20101080012,train,14-15|Social Sciences|generated,train
20101070020,train,15+|Social Sciences|generated,train
30200530008,train,12-13|Social Sciences|generated,train
30300490015,train,12-13|Social Sciences|generated,train
10100460002,dev,12-13|Arts & Humanities|generated,train
30100500005,train,14-15|Social Sciences|generated,train
20800010027,train,12-13|Arts & Humanities|generated,dev
10500330008,train,12-13|Arts & Humanities|generated,train
10300150035,train,12-13|Arts & Humanities|generated,train
30100010037,train,12-13|Arts & Humanities|generated,dev
30400030051,dev,14-15|Social Sciences|generated,train
10300200046,test,13-14|Arts & Humanities|generated,train
10500040035,dev,12-13|Arts & Humanities|generated,dev
30300380034,train,12-13|Social Sciences|generated,train
30101590006,train,12-13|Social Sciences|generated,train
10400250006,test,12-13|Arts & Humanities|generated,train
10400170152,train,14-15|Arts & Humanities|generated,train
30300060033,dev,12-13|Arts & Humanities|generated,dev
20201100009,dev,14-15|Social Sciences|generated,train
30300650010,train,13-14|Arts & Humanities|generated,train
30100640049,test,15+|Arts & Humanities|generated,train
30300600014,dev,14-15|Social Sciences|generated,train
10101220053,train,12-13|Arts & Humanities|generated,train
30400030060,train,12-13|Social Sciences|generated,train
20300550064,train,13-14|Arts & Humanities|generated,train
10200940014,train,14-15|Social Sciences|generated,train
20600410009,test,13-14|STEM|generated,train
20400380047,train,13-14|Arts & Humanities|generated,train
20300340005,train,14-15|Social Sciences|generated,train
20700480014,train,13-14|Arts & Humanities|generated,train
30400060073,train,14-15|Social Sciences|generated,train
10500210022,train,13-14|Arts & Humanities|generated,train
30100020038,train,12-13|Social Sciences|generated,dev
20600400004,test,14-15|STEM|generated,train
30101100002,train,15+|Social Sciences|generated,train
20100800003,train,12-13|Social Sciences|generated,train
20300510011,train,14-15|Arts & Humanities|generated,train
20300590003,test,14-15|Arts & Humanities|generated,train
30100530025,train,14-15|Social Sciences|generated,train
30300540061,train,12-13|Arts & Humanities|generated,train
30500270027,train,12-13|Social Sciences|generated,train
30200440017,dev,14-15|Social Sciences|generated,train
30400020066,train,14-15|Social Sciences|generated,train
30300060040,train,14-15|Arts & Humanities|generated,dev
30100530015,train,14-15|Social Sciences|generated,train
30100860047,train,14-15|STEM|generated,train
20400440114,train,12-13|Arts & Humanities|generated,train
20500140011,train,14-15|Arts & Humanities|generated,train
20300460002,train,14-15|Social Sciences|generated,train
30101180035,train,14-15|Social Sciences|generated,train
10100660019,test,14-15|Arts & Humanities|generated,train
30101580027,test,14-15|STEM|generated,train
30100670046,train,14-15|Social Sciences|generated,train
20700260002,train,14-15|Arts & Humanities|generated,train
20101320012,train,15+|Arts & Humanities|generated,train
20600640024,train,14-15|Social Sciences|generated,train
10500010037,dev,12-13|Arts & Humanities|generated,dev
30300200027,train,14-15|STEM|generated,dev
20500350001,train,13-14|Arts & Humanities|generated,train
30100750005,train,14-15|Arts & Humanities|generated,train
10500410005,train,13-14|Arts & Humanities|generated,train
30300610033,train,14-15|Social Sciences|generated,train
30200570015,dev,14-15|Social Sciences|generated,train
30101490013,train,14-15|Arts & Humanities|generated,train
30101620018,train,14-15|Arts & Humanities|generated,train
20300400005,train,14-15|Arts & Humanities|generated,train
30101140021,dev,14-15|Social Sciences|generated,train
20100820002,train,12-13|Social Sciences|generated,train
10300550016,train,14-15|Arts & Humanities|generated,train
20500340005,train,15+|Arts & Humanities|generated,train
20400440060,train,12-13|Arts & Humanities|generated,train
20201270009,train,12-13|STEM|generated,train
20400110022,train,14-15|Social Sciences|generated,train
30101510019,train,15+|Social Sciences|generated,train
30300490036,dev,14-15|Social Sciences|generated,train
30500260038,dev,14-15|Arts & Humanities|generated,dev
20101090006,train,14-15|Arts & Humanities|generated,train
30100890027,train,14-15|Arts & Humanities|generated,train
20400020055,train,13-14|Arts & Humanities|generated,train
20201430020,train,12-13|STEM|generated,train
20100100017,train,12-13|Arts & Humanities|generated,dev
20300350048,train,13-14|Arts & Humanities|generated,train
20500500014,train,14-15|Arts & Humanities|generated,train
20400470116,train,13-14|Social Sciences|generated,train
10101500008,train,13-14|Arts & Humanities|generated,train
30400150053,train,13-14|Social Sciences|generated,train
10200420020,train,13-14|Arts & Humanities|generated,train
10201060003,train,14-15|Social Sciences|generated,train
20600700003,test,14-15|Social Sciences|generated,train
30101270018,train,13-14|Arts & Humanities|generated,train
20300270002,train,15+|Social Sciences|generated,train
10500280009,train,12-13|Arts & Humanities|generated,train
30400010087,train,14-15|Social Sciences|generated,train
10400420141,train,14-15|Arts & Humanities|generated,train
20400020071,train,13-14|Arts & Humanities|generated,train
20400250014,train,12-13|Arts & Humanities|generated,train
10101970032,test,14-15|Arts & Humanities|generated,train
10101150093,train,13-14|Arts & Humanities|generated,train
10300270034,train,13-14|Arts & Humanities|generated,train
20200420016,dev,12-13|Arts & Humanities|generated,train
10300580011,train,12-13|Arts & Humanities|generated,train
30300450044,train,12-13|STEM|generated,train
10102640023,train,14-15|Arts & Humanities|generated,train
20100510022,train,13-14|Social Sciences|generated,dev
10300330045,train,14-15|Arts & Humanities|generated,train
30500210027,train,12-13|Social Sciences|generated,train
20200040020,dev,12-13|Arts & Humanities|generated,dev
20100370006,test,14-15|Social Sciences|generated,train
10500160015,train,12-13|Arts & Humanities|generated,train
20100600008,train,14-15|Arts & Humanities|generated,train
30400010097,dev,14-15|Social Sciences|generated,train
30400130005,train,14-15|Social Sciences|generated,dev
20200650014,train,14-15|Social Sciences|generated,train
10102620008,train,14-15|Arts & Humanities|generated,train
20101510013,train,13-14|Social Sciences|generated,train
30101620027,train,14-15|Arts & Humanities|generated,train
30300100013,test,14-15|STEM|generated,train
30101590007,train,13-14|Social Sciences|generated,train
10101000019,test,12-13|Arts & Humanities|generated,train
20400420086,train,14-15|Arts & Humanities|generated,train
20300270036,train,12-13|Social Sciences|generated,train
20200560017,train,14-15|Social Sciences|generated,train
10102620011,test,14-15|Arts & Humanities|generated,train
30300020038,train,13-14|Arts & Humanities|generated,train
10500210035,train,13-14|Arts & Humanities|generated,train
30100150010,train,15+|Social Sciences|generated,dev
10300300019,train,13-14|Arts & Humanities|generated,train
30101360040,train,12-13|Arts & Humanities|generated,train
30100530006,train,12-13|Social Sciences|generated,train
20400520057,train,12-13|Arts & Humanities|generated,train
20101720002,train,12-13|Social Sciences|generated,train
10102040023,train,13-14|Arts & Humanities|generated,train
20100350011,train,14-15|Social Sciences|generated,train
10101170096,test,13-14|Arts & Humanities|generated,train
30300130029,train,13-14|Social Sciences|generated,train
10400470019,train,12-13|Social Sciences|generated,dev
30300410016,train,12-13|Arts & Humanities|generated,train
30500020008,train,14-15|Arts & Humanities|generated,train
20400350048,dev,14-15|Social Sciences|generated,train
20201320017,test,12-13|STEM|generated,train
20600160009,train,14-15|STEM|generated,train
20101160023,train,13-14|Arts & Humanities|generated,train
30500160063,train,14-15|Arts & Humanities|generated,train
20500860009,train,14-15|Arts & Humanities|generated,train
10100620028,train,12-13|Arts & Humanities|generated,train
30101000035,train,14-15|Arts & Humanities|generated,train
20100740004,train,14-15|STEM|generated,train
20300310045,train,13-14|Arts & Humanities|generated,train
20100710007,train,12-13|Social Sciences|generated,train
10300130024,test,12-13|Arts & Humanities|generated,train
30100720013,train,14-15|Arts & Humanities|generated,train
20200270006,dev,14-15|Arts & Humanities|generated,train
20400320050,train,12-13|Arts & Humanities|generated,dev
10500530045,train,12-13|Arts & Humanities|generated,train
10300120034,train,14-15|Arts & Humanities|generated,train
30400130076,train,14-15|Social Sciences|generated,dev
20100650015,dev,14-15|Social Sciences|generated,train
10300210019,train,12-13|Arts & Humanities|generated,train
30500110053,train,14-15|Social Sciences|generated,dev
10101560022,train,14-15|Arts & Humanities|generated,train
20300530005,train,14-15|Social Sciences|generated,train
10500280020,train,12-13|Arts & Humanities|generated,train
20200580014,train,14-15|Social Sciences|generated,train
10100820070,train,12-13|Arts & Humanities|generated,train
20800050011,train,13-14|Arts & Humanities|generated,train
10300470054,train,12-13|Arts & Humanities|generated,train
10400470029,train,12-13|Social Sciences|generated,dev
30100800036,train,12-13|Arts & Humanities|generated,train
20400020019,train,12-13|Arts & Humanities|generated,train
20101010004,train,15+|Arts & Humanities|generated,train
10101210031,train,12-13|Arts & Humanities|generated,train
20700790008,train,12-13|Arts & Humanities|generated,train
10300300012,test,12-13|Arts & Humanities|generated,train
30300390011,train,12-13|Arts & Humanities|generated,train
30200250018,train,12-13|Social Sciences|generated,dev
20600640005,train,14-15|Social Sciences|generated,train
20101210010,train,12-13|Social Sciences|generated,train
30400090045,train,14-15|Social Sciences|generated,train
10300570063,train,13-14|Arts & Humanities|generated,train
10102850032,train,14-15|Arts & Humanities|generated,train
20400480049,train,14-15|Social Sciences|generated,dev
30300070021,train,14-15|STEM|generated,train
20101320029,train,12-13|Arts & Humanities|generated,train
20500280002,train,14-15|Arts & Humanities|generated,train
20200490006,dev,14-15|Arts & Humanities|generated,train
20300570022,train,12-13|Arts & Humanities|generated,train
20100040043,train,14-15|STEM|generated,dev
20201160009,train,15+|Social Sciences|generated,train
20800010043,train,13-14|Arts & Humanities|generated,dev
30101090006,train,14-15|Social Sciences|generated,train
20800080006,dev,12-13|Arts & Humanities|generated,train
20100340023,train,14-15|STEM|generated,train
10101990011,test,12-13|Arts & Humanities|generated,train
20100630031,train,12-13|Social Sciences|generated,train
20500510019,train,15+|Arts & Humanities|generated,train
30101020036,train,14-15|STEM|generated,train
30100810010,train,12-13|Social Sciences|generated,train
20500010006,dev,14-15|Arts & Humanities|generated,dev
30100720023,train,12-13|Arts & Humanities|generated,train
20101750031,train,12-13|Social Sciences|generated,train
20300570024,train,13-14|Arts & Humanities|generated,train
30100570028,train,14-15|STEM|generated,train
30200750003,test,14-15|Arts & Humanities|generated,train
20200510018,train,14-15|Social Sciences|generated,train
10100880015,train,12-13|Arts & Humanities|generated,train
30300070009,train,12-13|STEM|generated,train
30100650025,train,14-15|STEM|generated,train
10400380012,train,13-14|Arts & Humanities|generated,train
20100520016,train,12-13|Arts & Humanities|generated,train
30200410013,train,14-15|Social Sciences|generated,train
30101320037,train,12-13|Social Sciences|generated,train
20101620002,train,12-13|Social Sciences|generated,train
10300220011,train,12-13|Arts & Humanities|generated,train
20101130002,train,14-15|STEM|generated,train
20400220056,train,14-15|Social Sciences|generated,train
30200410009,test,12-13|Social Sciences|generated,train
30400010094,train,14-15|Social Sciences|generated,train
10100470007,train,14-15|Arts & Humanities|generated,train
10100410064,train,12-13|Arts & Humanities|generated,train
20100420018,train,12-13|Arts & Humanities|generated,train
10102210016,dev,14-15|Arts & Humanities|generated,train
10300020063,dev,12-13|Arts & Humanities|generated,dev
20500100013,train,14-15|Arts & Humanities|generated,dev
10101700022,train,12-13|Arts & Humanities|generated,train
20700390001,train,12-13|Arts & Humanities|generated,train
20100600010,dev,14-15|Arts & Humanities|generated,train
30200210020,train,14-15|STEM|generated,train
30100420013,train,15+|Social Sciences|generated,train
10101160132,dev,12-13|Arts & Humanities|generated,train
20700270009,test,12-13|Arts & Humanities|generated,train
20600520007,train,14-15|Social Sciences|generated,train
30100460011,train,15+|Social Sciences|generated,train
10100590073,train,12-13|Arts & Humanities|generated,train
20101650030,train,14-15|Social Sciences|generated,train
31100120039,test,13-14|Arts & Humanities|generated,train
30100060019,train,12-13|Arts & Humanities|generated,train
10101940023,train,12-13|Arts & Humanities|generated,train
20101260005,train,13-14|Social Sciences|generated,train
10101970057,train,12-13|Arts & Humanities|generated,train
10400050203,train,14-15|Arts & Humanities|generated,train
10500220027,train,12-13|Arts & Humanities|generated,train
20400090102,train,14-15|Social Sciences|generated,train
20700480001,train,12-13|Arts & Humanities|generated,train
20300030017,train,12-13|Arts & Humanities|generated,dev
30300660033,train,12-13|Arts & Humanities|generated,train
20400350030,train,14-15|Social Sciences|generated,train
20500640009,test,14-15|Arts & Humanities|generated,train
20700190001,train,12-13|Arts & Humanities|generated,train
30300500047,train,12-13|STEM|generated,train
30300200013,train,14-15|STEM|generated,dev
30100160007,train,14-15|Social Sciences|generated,train
10500430006,train,12-13|Arts & Humanities|generated,train
30200880006,train,14-15|Social Sciences|generated,train
20201280002,test,12-13|STEM|generated,train
10500060023,train,13-14|Arts & Humanities|generated,train
20500850005,train,14-15|Arts & Humanities|generated,train
10101420006,train,14-15|Arts & Humanities|generated,train
30100520024,train,14-15|Social Sciences|generated,train
10200760009,dev,12-13|STEM|generated,train
30101290023,train,12-13|Social Sciences|generated,train
20101600010,dev,12-13|Social Sciences|generated,train
20400010185,train,12-13|Arts & Humanities|generated,train
20600640016,train,14-15|Social Sciences|generated,train
10500580025,train,12-13|Arts & Humanities|generated,train
20101310011,dev,12-13|Social Sciences|generated,train
30101610052,train,14-15|STEM|generated,train
30400040097,train,12-13|Social Sciences|generated,train
30200670019,train,13-14|Social Sciences|generated,train
30101060019,train,14-15|Social Sciences|generated,train
10500510025,train,12-13|Arts & Humanities|generated,train
20200510001,train,12-13|Social Sciences|generated,train
10400240124,train,14-15|Arts & Humanities|generated,train
20101750029,test,13-14|Social Sciences|generated,train
20500150011,train,14-15|Arts & Humanities|generated,train
30200580016,train,14-15|Social Sciences|generated,train
10500050009,train,13-14|Arts & Humanities|generated,train
30201030005,train,14-15|Social Sciences|generated,train
20300310038,train,14-15|Arts & Humanities|generated,train
30400060001,train,12-13|Social Sciences|generated,train
30500250049,train,14-15|Arts & Humanities|generated,train
10500430041,train,12-13|Arts & Humanities|generated,train
30101610047,dev,14-15|STEM|generated,train
20600240019,train,14-15|STEM|generated,train
20100340008,train,12-13|STEM|generated,train
10500140037,test,12-13|Arts & Humanities|generated,train
20500070012,dev,14-15|Arts & Humanities|generated,dev
30100420011,train,12-13|Social Sciences|generated,train
20400320055,train,12-13|Arts & Humanities|generated,dev
10200870015,train,12-13|Social Sciences|generated,train
10101270037,train,12-13|Arts & Humanities|generated,train
20100100033,dev,15+|Arts & Humanities|generated,dev
30101640015,dev,12-13|Social Sciences|generated,train
10102650064,test,12-13|Arts & Humanities|generated,train
30300080026,train,14-15|STEM|generated,dev
10300460009,train,13-14|Arts & Humanities|generated,train
10500570033,train,12-13|Arts & Humanities|generated,train
30100860030,test,15+|STEM|generated,train
30200410008,train,12-13|Social Sciences|generated,train
20100360011,train,14-15|Arts & Humanities|generated,train
20101250045,dev,14-15|Social Sciences|generated,train
20600450009,train,14-15|STEM|generated,train
10400350036,train,12-13|Social Sciences|generated,train
30101010018,train,12-13|Arts & Humanities|generated,train
30100950006,train,15+|Arts & Humanities|generated,train
20100550015,dev,12-13|Social Sciences|generated,train
30300390037,train,12-13|Arts & Humanities|generated,train
30200110002,train,14-15|STEM|generated,train
30101180012,train,14-15|Social Sciences|generated,train
10300410015,train,12-13|Arts & Humanities|generated,train
20700350007,train,13-14|Arts & Humanities|generated,train
20101060001,test,13-14|STEM|generated,train
30400130034,train,14-15|Social Sciences|generated,dev
20500750005,train,14-15|Arts & Humanities|generated,train
30101410067,train,13-14|Arts & Humanities|generated,train
20700780018,train,12-13|Arts & Humanities|generated,train
20700500001,dev,13-14|Arts & Humanities|generated,train
20100800001,train,12-13|Social Sciences|generated,train
20400090098,train,12-13|Social Sciences|generated,train
20400440073,train,12-13|Arts & Humanities|generated,train
30400020049,test,15+|Social Sciences|generated,train
30101010025,train,14-15|Arts & Humanities|generated,train
20700830007,train,12-13|Arts & Humanities|generated,train
30300480002,test,13-14|Arts & Humanities|generated,train
10100610007,train,12-13|Arts & Humanities|generated,train
20600330005,train,14-15|STEM|generated,train
20101320019,train,13-14|Arts & Humanities|generated,train
20100620018,train,12-13|Social Sciences|generated,train
10500380033,train,14-15|Arts & Humanities|generated,train
10500580042,train,12-13|Arts & Humanities|generated,train
10500570020,test,13-14|Arts & Humanities|generated,train
30101420004,test,14-15|Arts & Humanities|generated,train
20100160002,train,14-15|STEM|generated,dev
30100470033,test,14-15|Arts & Humanities|generated,train
30100150017,train,14-15|Social Sciences|generated,dev
20300290020,train,15+|Social Sciences|generated,train
20200550001,test,13-14|Social Sciences|generated,train
30400080007,train,12-13|Social Sciences|generated,train
10500230045,train,13-14|Arts & Humanities|generated,train
30100080014,train,14-15|Arts & Humanities|generated,dev
30100030010,train,14-15|Social Sciences|generated,dev
30300060034,train,12-13|Arts & Humanities|generated,dev
30400090076,dev,12-13|Social Sciences|generated,train
10102070028,test,14-15|Arts & Humanities|generated,train
20500470013,dev,14-15|Arts & Humanities|generated,train
30100060039,train,13-14|Arts & Humanities|generated,train
10102690024,train,14-15|Arts & Humanities|generated,train
10500020055,train,14-15|Arts & Humanities|generated,train
10100780068,train,12-13|Arts & Humanities|generated,train
20500140005,train,14-15|Arts & Humanities|generated,train
20400300065,train,12-13|Arts & Humanities|generated,train
30400010102,train,12-13|Social Sciences|generated,train
30400170058,test,14-15|Social Sciences|generated,train
10500060009,train,12-13|Arts & Humanities|generated,train
30300480030,train,12-13|Arts & Humanities|generated,train
20500100003,train,14-15|Arts & Humanities|generated,dev
20100270011,train,14-15|Social Sciences|generated,train
10500460032,train,12-13|Arts & Humanities|generated,train
10300310044,train,12-13|Arts & Humanities|generated,train
20200120012,train,12-13|STEM|generated,dev
10101720009,train,12-13|Arts & Humanities|generated,train
30101080003,train,14-15|Arts & Humanities|generated,train
10101430010,train,12-13|Arts & Humanities|generated,train
10400260066,train,12-13|Arts & Humanities|generated,train
20100240010,train,14-15|Arts & Humanities|generated,train
30400150019,train,14-15|Social Sciences|generated,train
10300430005,train,12-13|Arts & Humanities|generated,train
30400140101,train,14-15|Social Sciences|generated,train
30200990010,train,13-14|STEM|generated,train
30500170032,test,14-15|Arts & Humanities|generated,train
31100170009,train,13-14|Arts & Humanities|generated,train
20300210040,test,13-14|Arts & Humanities|generated,train
30200570005,train,15+|Social Sciences|generated,train
10200830007,train,12-13|Social Sciences|generated,train
20300390023,train,14-15|Social Sciences|generated,train
30300350021,train,14-15|STEM|generated,train
30300130011,train,13-14|Social Sciences|generated,train
10101570043,train,12-13|Arts & Humanities|generated,train
20700420013,train,12-13|Arts & Humanities|generated,train
20100270028,train,14-15|Social Sciences|generated,train
20400490005,train,12-13|Arts & Humanities|generated,train
30400110053,train,14-15|Social Sciences|generated,train
10101750024,test,12-13|Arts & Humanities|generated,train
10100180004,dev,12-13|Arts & Humanities|generated,dev
30101560013,train,12-13|Arts & Humanities|generated,train
30100040023,dev,12-13|STEM|generated,dev
30500040068,train,13-14|Arts & Humanities|generated,train
20101730002,train,14-15|STEM|generated,train
10101170050,train,12-13|Arts & Humanities|generated,train
30300640043,test,13-14|Arts & Humanities|generated,train
30101370032,train,15+|Social Sciences|generated,train
20800200053,train,13-14|Arts & Humanities|generated,train
20300270021,test,14-15|Social Sciences|generated,train
20101630031,train,14-15|STEM|generated,train
20100500021,train,14-15|Arts & Humanities|generated,train
10300130028,test,12-13|Arts & Humanities|generated,train
10400150042,train,12-13|Arts & Humanities|generated,train
30500210005,train,14-15|Social Sciences|generated,train
20800040038,train,12-13|Arts & Humanities|generated,train
31100050034,dev,12-13|Arts & Humanities|generated,train
30300300027,train,12-13|Arts & Humanities|generated,train
21100010010,train,14-15|Arts & Humanities|generated,train
20101700042,train,14-15|Arts & Humanities|generated,train
20100500046,train,13-14|Arts & Humanities|generated,train
10101170095,train,12-13|Arts & Humanities|generated,train
20700130003,train,12-13|Arts & Humanities|generated,dev
30100400021,train,12-13|Social Sciences|generated,train
20600700011,train,14-15|Social Sciences|generated,train
20700020016,train,12-13|Arts & Humanities|generated,dev
20500120002,dev,14-15|Arts & Humanities|generated,train
10500360019,train,13-14|Arts & Humanities|generated,train
20400190042,train,14-15|Arts & Humanities|generated,train
10101030061,train,12-13|Arts & Humanities|generated,train
20300030027,dev,14-15|Arts & Humanities|generated,dev
10300220008,test,12-13|Arts & Humanities|generated,train
30101530038,train,13-14|Social Sciences|generated,train
20700540006,train,12-13|Arts & Humanities|generated,train
10500330044,train,13-14|Arts & Humanities|generated,train
20101030018,dev,14-15|STEM|generated,train
10200710014,test,15+|STEM|generated,train
30200950019,train,14-15|STEM|generated,train
10200120006,train,14-15|STEM|generated,dev
31100120023,train,12-13|Arts & Humanities|generated,train
20101320025,train,12-13|Arts & Humanities|generated,train
20100870018,train,12-13|STEM|generated,train
10101290092,train,12-13|Arts & Humanities|generated,train
30100130014,train,12-13|STEM|generated,dev
20400160046,train,12-13|Arts & Humanities|generated,dev
20101330004,train,12-13|Social Sciences|generated,train
30100720028,train,14-15|Arts & Humanities|generated,train
30101340006,train,12-13|Social Sciences|generated,train
10101220041,train,13-14|Arts & Humanities|generated,train
30100040017,train,15+|STEM|generated,dev
20101230028,train,14-15|Social Sciences|generated,train
20300350055,train,12-13|Arts & Humanities|generated,train
20700730009,train,12-13|Arts & Humanities|generated,train
30100050018,train,15+|STEM|generated,dev
20201120008,train,14-15|Social Sciences|generated,train
20100140010,dev,12-13|Arts & Humanities|generated,dev
30100080007,train,14-15|Arts & Humanities|generated,dev
20100310033,dev,14-15|Arts & Humanities|generated,train
20101530013,train,14-15|Social Sciences|generated,train
20300280030,train,13-14|Arts & Humanities|generated,train
10300120025,train,12-13|Arts & Humanities|generated,train
20400410094,train,12-13|Arts & Humanities|generated,train
20200620019,train,14-15|Social Sciences|generated,train
20300220030,train,13-14|Arts & Humanities|generated,train
10500270048,test,12-13|Arts & Humanities|generated,train
10200990004,train,12-13|Social Sciences|generated,train
10200120009,train,12-13|STEM|generated,dev
30200500014,train,12-13|Social Sciences|generated,train
10101420004,train,12-13|Arts & Humanities|generated,train
20101000030,train,14-15|STEM|generated,train
30100430025,train,14-15|Arts & Humanities|generated,train
20400470077,train,13-14|Social Sciences|generated,train
30101320040,test,12-13|Social Sciences|generated,train
20300400006,train,14-15|Arts & Humanities|generated,train
30500020013,dev,14-15|Arts & Humanities|generated,train
10101760006,train,12-13|Arts & Humanities|generated,train
20201090014,train,14-15|Social Sciences|generated,train
20100510012,train,14-15|Social Sciences|generated,dev
20900120066,test,12-13|Arts & Humanities|generated,train
30100670029,train,14-15|Social Sciences|generated,train
10200700020,train,13-14|STEM|generated,train
30300030035,train,14-15|Arts & Humanities|generated,dev
30101460008,train,13-14|Social Sciences|generated,train
20201220005,train,14-15|STEM|generated,train
10300350011,train,12-13|Arts & Humanities|generated,train
30100760044,dev,14-15|Social Sciences|generated,train
10101970021,dev,12-13|Arts & Humanities|generated,train
30200800007,train,14-15|Arts & Humanities|generated,train
20300490036,train,15+|Arts & Humanities|generated,train
30101610037,train,12-13|STEM|generated,train
20101580034,dev,14-15|Social Sciences|generated,train
20300390003,train,14-15|Social Sciences|generated,train
30400110001,train,12-13|Social Sciences|generated,train
20300050039,train,12-13|Arts & Humanities|generated,dev
20100570026,train,12-13|Arts & Humanities|generated,train
20700470005,train,12-13|Arts & Humanities|generated,train
10300190030,train,12-13|Arts & Humanities|generated,train
20200050005,train,12-13|Arts & Humanities|generated,dev
10102130017,train,14-15|Arts & Humanities|generated,train
10300230030,train,12-13|Arts & Humanities|generated,train
10300400064,train,12-13|Arts & Humanities|generated,train
30101350016,train,13-14|Arts & Humanities|generated,train
20500030006,train,14-15|Arts & Humanities|generated,dev
10500210012,train,12-13|Arts & Humanities|generated,train
10300130023,train,12-13|Arts & Humanities|generated,train
21300010042,train,13-14|Arts & Humanities|generated,dev
20500730007,train,14-15|Arts & Humanities|generated,train
20100840016,test,14-15|Social Sciences|generated,train
10100820103,test,14-15|Arts & Humanities|generated,train
30100650006,train,14-15|STEM|generated,train
30500100039,train,15+|Social Sciences|generated,train
30100380004,train,14-15|Arts & Humanities|generated,train
30300350008,train,13-14|STEM|generated,train
30400060011,train,14-15|Social Sciences|generated,train
20400210006,train,12-13|Social Sciences|generated,train
10300150005,train,12-13|Arts & Humanities|generated,train
30101500007,train,12-13|Social Sciences|generated,train
10101780005,train,14-15|Arts & Humanities|generated,train
10500420025,test,14-15|Arts & Humanities|generated,train
10500180013,train,13-14|Arts & Humanities|generated,train
30100940004,train,14-15|Social Sciences|generated,train
20101630016,train,15+|STEM|generated,train
20300170042,train,13-14|Arts & Humanities|generated,train
10101120033,train,14-15|Arts & Humanities|generated,train
20100340001,dev,12-13|STEM|generated,train
30300350014,train,12-13|STEM|generated,train
20300560007,train,12-13|Arts & Humanities|generated,train
10300150041,train,12-13|Arts & Humanities|generated,train
30200920013,train,14-15|Social Sciences|generated,train
20101320026,train,13-14|Arts & Humanities|generated,train
10101290030,train,12-13|Arts & Humanities|generated,train
20100770021,test,15+|Social Sciences|generated,train
10300540057,test,12-13|Arts & Humanities|generated,train
20700710002,train,12-13|Arts & Humanities|generated,train
10100840041,train,12-13|Arts & Humanities|generated,train
20100520015,train,12-13|Arts & Humanities|generated,train
10100910005,train,14-15|Arts & Humanities|generated,train
30100960013,train,13-14|Social Sciences|generated,train
30300010010,train,12-13|Arts & Humanities|generated,dev
30101190015,train,14-15|Social Sciences|generated,train
30101460012,dev,14-15|Social Sciences|generated,train
20300200052,dev,14-15|Arts & Humanities|generated,train
20500710019,dev,12-13|Arts & Humanities|generated,train
30200760017,train,12-13|Arts & Humanities|generated,train
20201320019,train,12-13|STEM|generated,train
30400060025,train,14-15|Social Sciences|generated,train
30101530030,train,14-15|Social Sciences|generated,train
20500740016,train,12-13|Arts & Humanities|generated,train
10100740023,train,12-13|Arts & Humanities|generated,train
20500640019,train,13-14|Arts & Humanities|generated,train
30500050095,train,12-13|Arts & Humanities|generated,train
10101970038,train,12-13|Arts & Humanities|generated,train
10500360011,train,12-13|Arts & Humanities|generated,train
30300070017,test,14-15|STEM|generated,train
10300280007,train,13-14|Arts & Humanities|generated,train
20500320010,test,14-15|Arts & Humanities|generated,train
10101290072,train,12-13|Arts & Humanities|generated,train
30200770012,train,14-15|Arts & Humanities|generated,train
10500500020,train,12-13|Arts & Humanities|generated,train
20200490016,test,12-13|Arts & Humanities|generated,train
20400520081,train,12-13|Arts & Humanities|generated,train
20600240012,train,14-15|STEM|generated,train
20800030020,train,13-14|Arts & Humanities|generated,train
20201140003,train,12-13|Social Sciences|generated,train
10101150064,train,12-13|Arts & Humanities|generated,train
30100150053,train,14-15|Social Sciences|generated,dev
30100440029,train,13-14|Social Sciences|generated,train
10200680006,train,12-13|STEM|generated,train
30500030031,train,12-13|Arts & Humanities|generated,train
30101620013,train,14-15|Arts & Humanities|generated,train
10400250017,train,13-14|Arts & Humanities|generated,train
10300100009,train,12-13|Arts & Humanities|generated,train
20300320013,train,12-13|Arts & Humanities|generated,train
10500560032,train,12-13|Arts & Humanities|generated,train
21000030001,train,12-13|Arts & Humanities|generated,train
10500260057,train,12-13|Arts & Humanities|generated,train
10102210018,train,12-13|Arts & Humanities|generated,train
20700490004,train,12-13|Arts & Humanities|generated,train
20100150030,train,14-15|STEM|generated,dev
30101350018,train,14-15|Arts & Humanities|generated,train
10500230025,train,13-14|Arts & Humanities|generated,train
10100630029,train,12-13|Arts & Humanities|generated,train
20600700004,train,14-15|Social Sciences|generated,train
20400350043,train,14-15|Social Sciences|generated,train
20100410012,train,12-13|Social Sciences|generated,train
10500310047,train,13-14|Arts & Humanities|generated,train
30100450037,train,15+|Social Sciences|generated,train
20100010019,train,14-15|Social Sciences|generated,dev
20700320003,train,13-14|Arts & Humanities|generated,train
10500020057,train,13-14|Arts & Humanities|generated,train
20500650004,train,13-14|Arts & Humanities|generated,train
10100890083,test,12-13|Arts & Humanities|generated,train
10101790002,train,14-15|Arts & Humanities|generated,train
20101140009,train,14-15|Social Sciences|generated,train
20200890017,dev,13-14|Arts & Humanities|generated,train
20101140016,test,12-13|Social Sciences|generated,train
20300270009,train,12-13|Social Sciences|generated,train
30300570014,train,13-14|Social Sciences|generated,train
10300410035,train,13-14|Arts & Humanities|generated,train
10101060016,train,12-13|Arts & Humanities|generated,train
20100370021,dev,14-15|Social Sciences|generated,train
20201380018,train,12-13|STEM|generated,train
30100600041,train,14-15|Social Sciences|generated,train
30200890010,train,14-15|Social Sciences|generated,train
30400140038,dev,12-13|Social Sciences|generated,train
20700080004,train,14-15|Arts & Humanities|generated,dev
30101040011,train,12-13|Arts & Humanities|generated,train
20100300005,train,15+|Social Sciences|generated,train
20900070039,train,12-13|Arts & Humanities|generated,train
10500110034,dev,12-13|Arts & Humanities|generated,train
20300560034,train,13-14|Arts & Humanities|generated,train
10102600008,train,12-13|Arts & Humanities|generated,train
30300040029,test,12-13|STEM|generated,train
10200720015,dev,12-13|STEM|generated,train
30100980005,train,13-14|Social Sciences|generated,train
20100660006,train,14-15|Arts & Humanities|generated,train
20100100054,train,13-14|Arts & Humanities|generated,dev
30400080020,train,12-13|Social Sciences|generated,train
20101470042,dev,14-15|Social Sciences|generated,train
10300180069,test,13-14|Arts & Humanities|generated,train
10101150117,dev,12-13|Arts & Humanities|generated,train
30100820002,test,12-13|Social Sciences|generated,train
10101790022,train,14-15|Arts & Humanities|generated,train
20300270003,train,13-14|Social Sciences|generated,train
30200900003,test,14-15|Social Sciences|generated,train
20600330006,dev,14-15|STEM|generated,train
30100600037,train,15+|Social Sciences|generated,train
10600460001,train,13-14|Arts & Humanities|generated,train
30300200019,train,14-15|STEM|generated,dev
10101430024,train,12-13|Arts & Humanities|generated,train
10101240049,train,12-13|Arts & Humanities|generated,train
20101750010,train,14-15|Social Sciences|generated,train
30500030026,train,14-15|Arts & Humanities|generated,train
10500150052,train,12-13|Arts & Humanities|generated,train
20500230007,train,14-15|Arts & Humanities|generated,train
31200010027,train,14-15|Arts & Humanities|generated,train
30300380044,train,12-13|Social Sciences|generated,train
30500020006,train,14-15|Arts & Humanities|generated,train
20101150011,train,12-13|Social Sciences|generated,train
30101570010,train,12-13|Arts & Humanities|generated,train
20100710025,dev,14-15|Social Sciences|generated,train
30100160034,train,12-13|Social Sciences|generated,train
20100470007,train,14-15|Arts & Humanities|generated,train
30500040035,train,15+|Arts & Humanities|generated,train
20101670007,train,14-15|STEM|generated,train
20200630007,train,14-15|Social Sciences|generated,train
10300210041,train,14-15|Arts & Humanities|generated,train
10300370004,dev,12-13|Arts & Humanities|generated,train
20101330024,train,15+|Social Sciences|generated,train
20200620013,dev,15+|Social Sciences|generated,train
31100050011,train,14-15|Arts & Humanities|generated,train
10201010004,dev,13-14|Social Sciences|generated,train
20100660003,train,14-15|Arts & Humanities|generated,train
10500550035,train,12-13|Arts & Humanities|generated,train
30100810030,train,15+|Social Sciences|generated,train
20300500009,test,12-13|Arts & Humanities|generated,train
10500500049,train,12-13|Arts & Humanities|generated,train
20101470001,train,12-13|Social Sciences|generated,train
30100090029,train,14-15|Arts & Humanities|generated,train
30101520029,train,15+|STEM|generated,train
30101240028,train,14-15|Arts & Humanities|generated,train
10500010010,train,12-13|Arts & Humanities|generated,dev
10500460007,train,13-14|Arts & Humanities|generated,train
10500110014,train,13-14|Arts & Humanities|generated,train
20200660002,train,14-15|Social Sciences|generated,train
10200530004,train,12-13|Arts & Humanities|generated,train
10300530039,train,14-15|Arts & Humanities|generated,train
20201130010,train,14-15|Social Sciences|generated,train
10101410031,test,12-13|Arts & Humanities|generated,train
30200610015,test,14-15|Social Sciences|generated,train
20500200004,train,14-15|Arts & Humanities|generated,train
30100870012,train,12-13|Social Sciences|generated,train
10400360009,test,14-15|Arts & Humanities|generated,train
20101290009,train,14-15|Social Sciences|generated,train
10500500043,train,13-14|Arts & Humanities|generated,train
20101690021,train,14-15|Social Sciences|generated,train
20400430094,train,12-13|Arts & Humanities|generated,train
20400150069,train,12-13|Arts & Humanities|generated,train
20100700028,test,12-13|STEM|generated,train
31100080035,train,13-14|Arts & Humanities|generated,train
20600320006,train,14-15|STEM|generated,train
30100610029,dev,13-14|Arts & Humanities|generated,train
30101510029,test,15+|Social Sciences|generated,train
20200880013,train,14-15|Arts & Humanities|generated,train
20101530021,train,12-13|Social Sciences|generated,train
20400470071,train,14-15|Social Sciences|generated,train
30101580021,train,14-15|STEM|generated,train
20101190034,train,14-15|STEM|generated,train
30100410012,train,14-15|Social Sciences|generated,train
20101370011,train,14-15|Social Sciences|generated,train
10100880013,train,12-13|Arts & Humanities|generated,train
20100570009,dev,12-13|Arts & Humanities|generated,train
20500050001,train,15+|Arts & Humanities|generated,dev
30500100034,train,15+|Social Sciences|generated,train
10101430006,train,15+|Arts & Humanities|generated,train
30200970008,train,14-15|STEM|generated,train
10102690010,test,12-13|Arts & Humanities|generated,train
20300390016,train,12-13|Social Sciences|generated,train
20300460013,train,14-15|Social Sciences|generated,train
10300150018,train,13-14|Arts & Humanities|generated,train
10102000010,train,12-13|Arts & Humanities|generated,train
30101370016,train,12-13|Social Sciences|generated,train
20201410001,train,14-15|STEM|generated,train
20100800013,train,12-13|Social Sciences|generated,train
20300480043,train,12-13|Arts & Humanities|generated,train
10300260018,train,12-13|Arts & Humanities|generated,train
20200430012,train,12-13|Arts & Humanities|generated,train
30400140088,train,14-15|Social Sciences|generated,train
30100660032,train,12-13|Social Sciences|generated,train
20101110011,train,14-15|Social Sciences|generated,train
20500290016,test,12-13|Arts & Humanities|generated,train
20101450030,train,15+|Social Sciences|generated,train
10400280104,train,12-13|Arts & Humanities|generated,train
10101160067,train,12-13|Arts & Humanities|generated,train
30400030033,train,14-15|Social Sciences|generated,train
10200740001,train,14-15|STEM|generated,train
20300220013,train,14-15|Arts & Humanities|generated,train
10300130031,train,12-13|Arts & Humanities|generated,train
20101010040,train,14-15|Arts & Humanities|generated,train
10500240029,test,12-13|Arts & Humanities|generated,train
10101510050,train,12-13|Arts & Humanities|generated,train
20700160009,train,12-13|Arts & Humanities|generated,train
20101050006,train,14-15|STEM|generated,train
30200790018,train,14-15|Arts & Humanities|generated,train
10500500047,train,13-14|Arts & Humanities|generated,train
20500350003,train,15+|Arts & Humanities|generated,train
30100060014,train,13-14|Arts & Humanities|generated,train
20500720002,test,14-15|Arts & Humanities|generated,train
20700620011,test,12-13|Arts & Humanities|generated,train
20400470054,train,12-13|Social Sciences|generated,train
20200750011,test,12-13|Arts & Humanities|generated,train
20100280035,train,12-13|Social Sciences|generated,train
10500320021,train,12-13|Arts & Humanities|generated,train
10300310023,train,12-13|Arts & Humanities|generated,train
30101010005,train,14-15|Arts & Humanities|generated,train
20200050004,dev,12-13|Arts & Humanities|generated,dev
30101360090,train,12-13|Arts & Humanities|generated,train
20500030002,train,14-15|Arts & Humanities|generated,dev
20700390005,train,12-13|Arts & Humanities|generated,train
10300020023,train,13-14|Arts & Humanities|generated,dev
21100020011,train,12-13|Arts & Humanities|generated,train
20400050161,train,13-14|Arts & Humanities|generated,train
20400400041,dev,14-15|Arts & Humanities|generated,dev
20500630016,train,12-13|Arts & Humanities|generated,train
20101290015,train,14-15|Social Sciences|generated,train
20200540003,train,14-15|Social Sciences|generated,train
30100180008,train,12-13|Arts & Humanities|generated,dev
30100670040,train,12-13|Social Sciences|generated,train
30200590011,train,15+|Social Sciences|generated,train
30400140050,train,12-13|Social Sciences|generated,train
30100070004,train,14-15|Social Sciences|generated,dev
20300480019,train,13-14|Arts & Humanities|generated,train
10400240114,train,12-13|Arts & Humanities|generated,train
20100600013,train,14-15|Arts & Humanities|generated,train
20101320022,train,12-13|Arts & Humanities|generated,train
20500580018,train,12-13|Arts & Humanities|generated,train
10102010008,test,14-15|Arts & Humanities|generated,train
10102160022,train,14-15|Arts & Humanities|generated,train
20200760006,test,12-13|Arts & Humanities|generated,train
20300500037,train,12-13|Arts & Humanities|generated,train
10101590009,train,12-13|Arts & Humanities|generated,train
20400160081,train,14-15|Arts & Humanities|generated,dev
20101370013,train,14-15|Social Sciences|generated,train
20101230001,train,12-13|Social Sciences|generated,train
30100990028,train,14-15|Arts & Humanities|generated,train
20100480023,train,14-15|Social Sciences|generated,train
10101940022,test,13-14|Arts & Humanities|generated,train
20300600031,train,14-15|Arts & Humanities|generated,train
10300210038,train,13-14|Arts & Humanities|generated,train
10500150036,train,12-13|Arts & Humanities|generated,train
20500010002,train,14-15|Arts & Humanities|generated,dev
20300250038,train,14-15|Social Sciences|generated,train
30100860028,train,13-14|STEM|generated,train
10100890070,train,12-13|Arts & Humanities|generated,train
20101630012,test,14-15|STEM|generated,train
20200260011,dev,14-15|Arts & Humanities|generated,train
20900120039,train,12-13|Arts & Humanities|generated,train
30101470029,train,14-15|STEM|generated,train
20300220025,train,12-13|Arts & Humanities|generated,train
20300290023,train,15+|Social Sciences|generated,train
20900010004,train,14-15|Arts & Humanities|generated,dev
20101130008,train,14-15|STEM|generated,train
20100170027,train,14-15|Social Sciences|generated,train
20200040009,dev,12-13|Arts & Humanities|generated,dev
30300280037,train,15+|Arts & Humanities|generated,train
20201090002,train,14-15|Social Sciences|generated,train
10102890038,train,12-13|Arts & Humanities|generated,train
20300240042,train,12-13|Arts & Humanities|generated,train
20100480024,train,12-13|Social Sciences|generated,train
30500270031,train,14-15|Social Sciences|generated,train
20300210035,train,13-14|Arts & Humanities|generated,train
20400480016,train,14-15|Social Sciences|generated,dev
20100480031,train,14-15|Social Sciences|generated,train
10100700008,train,12-13|Arts & Humanities|generated,train
20600700014,test,14-15|Social Sciences|generated,train
10500430027,train,14-15|Arts & Humanities|generated,train
10200960016,train,13-14|Social Sciences|generated,train
10300450035,train,12-13|Arts & Humanities|generated,train
10800050001,train,13-14|Arts & Humanities|generated,train
20201250009,train,12-13|STEM|generated,train
30101460021,train,12-13|Social Sciences|generated,train
30100650023,train,14-15|STEM|generated,train
20200360017,test,14-15|Arts & Humanities|generated,train
20600320007,train,14-15|STEM|generated,train
10102130021,train,12-13|Arts & Humanities|generated,train
20300220032,train,13-14|Arts & Humanities|generated,train
30100080004,dev,15+|Arts & Humanities|generated,dev
20400580001,train,12-13|Social Sciences|generated,train
20100100021,dev,15+|Arts & Humanities|generated,dev
10102030030,train,12-13|Arts & Humanities|generated,train
30300330022,train,14-15|Social Sciences|generated,train
10101840005,train,12-13|Arts & Humanities|generated,train
10300290046,train,12-13|Arts & Humanities|generated,train
10600270002,train,12-13|Arts & Humanities|generated,train
10500250043,train,12-13|Arts & Humanities|generated,train
20400100014,train,14-15|Social Sciences|generated,train
30300120013,train,12-13|Social Sciences|generated,train
30101260022,test,12-13|Arts & Humanities|generated,train
20700420005,train,12-13|Arts & Humanities|generated,train
30101330045,train,13-14|Social Sciences|generated,train
20101550027,train,13-14|STEM|generated,train
30400010072,train,14-15|Social Sciences|generated,train
10500430030,test,12-13|Arts & Humanities|generated,train
10600280010,train,12-13|Arts & Humanities|generated,train
30400140030,train,12-13|Social Sciences|generated,train
20300530054,train,14-15|Social Sciences|generated,train
20100450005,train,14-15|Arts & Humanities|generated,train
30100890025,train,14-15|Arts & Humanities|generated,train
20101580054,test,12-13|Social Sciences|generated,train
10101860041,train,12-13|Arts & Humanities|generated,train
10101180072,train,12-13|Arts & Humanities|generated,train
30300550013,train,12-13|Arts & Humanities|generated,train
20100160017,train,14-15|STEM|generated,dev
20300470034,train,14-15|Arts & Humanities|generated,train
20500280011,train,12-13|Arts & Humanities|generated,train
20500830002,train,14-15|Arts & Humanities|generated,train
30400080025,dev,14-15|Social Sciences|generated,train
30500150084,train,14-15|Arts & Humanities|generated,train
20400450059,test,14-15|Social Sciences|generated,train
30200180015,train,14-15|STEM|generated,train
20300580026,test,12-13|Social Sciences|generated,train
20100210003,test,12-13|Social Sciences|generated,train
20100860010,train,14-15|Arts & Humanities|generated,train
20500780001,train,14-15|Arts & Humanities|generated,train
10300370017,train,12-13|Arts & Humanities|generated,train
20400440091,train,12-13|Arts & Humanities|generated,train
20100610002,train,12-13|Arts & Humanities|generated,train
20100920008,train,14-15|Social Sciences|generated,train
10101570024,dev,12-13|Arts & Humanities|generated,train
10100440016,train,14-15|Arts & Humanities|generated,train
30100060031,test,13-14|Arts & Humanities|generated,train
20201210020,train,12-13|STEM|generated,train
20101600025,train,14-15|Social Sciences|generated,train
10101180063,train,12-13|Arts & Humanities|generated,train
30300670015,dev,12-13|Arts & Humanities|generated,train
10500310035,dev,12-13|Arts & Humanities|generated,train
10500110013,dev,13-14|Arts & Humanities|generated,train
30100140020,train,13-14|Social Sciences|generated,dev
30400010106,train,14-15|Social Sciences|generated,train
10500550009,train,12-13|Arts & Humanities|generated,train
20100970022,train,14-15|Social Sciences|generated,train
30300590049,train,12-13|Arts & Humanities|generated,train
30300350035,train,12-13|STEM|generated,train
30100160015,train,14-15|Social Sciences|generated,train
30400170073,train,14-15|Social Sciences|generated,train
30400140062,train,14-15|Social Sciences|generated,train
20100170004,train,14-15|Social Sciences|generated,train
30101260007,train,12-13|Arts & Humanities|generated,train
30300130040,train,13-14|Social Sciences|generated,train
20101530002,train,14-15|Social Sciences|generated,train
30300610035,train,14-15|Social Sciences|generated,train
30300060016,train,13-14|Arts & Humanities|generated,dev
20400160099,dev,12-13|Arts & Humanities|generated,dev
20400390031,test,13-14|Arts & Humanities|generated,train
10101520114,train,12-13|Arts & Humanities|generated,train
20300540071,train,12-13|Arts & Humanities|generated,train
20800030094,test,12-13|Arts & Humanities|generated,train
10101180088,train,12-13|Arts & Humanities|generated,train
30100190035,train,12-13|Arts & Humanities|generated,dev
30300060020,train,12-13|Arts & Humanities|generated,dev
10300190029,train,12-13|Arts & Humanities|generated,train
10101510045,dev,13-14|Arts & Humanities|generated,train
20300220005,train,12-13|Arts & Humanities|generated,train
10100440017,train,14-15|Arts & Humanities|generated,train
20300500024,train,13-14|Arts & Humanities|generated,train
20201380016,train,13-14|STEM|generated,train
20101500030,train,12-13|Social Sciences|generated,train
20400110041,train,13-14|Social Sciences|generated,train
20300320038,train,12-13|Arts & Humanities|generated,train
10300260011,train,12-13|Arts & Humanities|generated,train
30300380038,train,12-13|Social Sciences|generated,train
10101270036,train,12-13|Arts & Humanities|generated,train
30200790012,train,12-13|Arts & Humanities|generated,train
20500360004,train,15+|Arts & Humanities|generated,train
20300150009,train,14-15|Arts & Humanities|generated,train
20100410005,train,14-15|Social Sciences|generated,train
10100260002,dev,12-13|Arts & Humanities|generated,dev
30100410049,train,14-15|Social Sciences|generated,train
30500250067,test,14-15|Arts & Humanities|generated,train
20400110010,test,15+|Social Sciences|generated,train
10101390019,train,12-13|Arts & Humanities|generated,train
20400390034,dev,15+|Arts & Humanities|generated,train
20300150031,test,14-15|Arts & Humanities|generated,train
20100780016,train,13-14|Arts & Humanities|generated,train
30101220010,train,14-15|Social Sciences|generated,train
10300570074,train,14-15|Arts & Humanities|generated,train
20200550003,train,12-13|Social Sciences|generated,train
30100940021,train,14-15|Social Sciences|generated,train
10400310007,train,12-13|Arts & Humanities|generated,dev
10101470024,train,12-13|Arts & Humanities|generated,train
10101430065,train,12-13|Arts & Humanities|generated,train
20300530017,train,14-15|Social Sciences|generated,train
10400310094,train,12-13|Arts & Humanities|generated,dev
20300580021,test,15+|Social Sciences|generated,train
20100770010,test,14-15|Social Sciences|generated,train
30300560012,train,12-13|Arts & Humanities|generated,train
20600070007,test,14-15|Social Sciences|generated,train
20101320027,train,12-13|Arts & Humanities|generated,train
10101970092,dev,13-14|Arts & Humanities|generated,train
20300470029,train,12-13|Arts & Humanities|generated,train
30100920034,train,15+|Arts & Humanities|generated,train
10101870042,train,14-15|Arts & Humanities|generated,train
30500080033,train,14-15|Social Sciences|generated,train
10500040009,train,12-13|Arts & Humanities|generated,dev
10101390016,train,12-13|Arts & Humanities|generated,train
10101570060,train,13-14|Arts & Humanities|generated,train
30300360035,test,14-15|Arts & Humanities|generated,train
10102800026,train,12-13|Arts & Humanities|generated,train
30400150044,train,14-15|Social Sciences|generated,train
10101990009,train,13-14|Arts & Humanities|generated,train
10102890043,train,13-14|Arts & Humanities|generated,train
30300440031,train,12-13|Arts & Humanities|generated,train
20400400109,train,12-13|Arts & Humanities|generated,dev
20201430010,train,12-13|STEM|generated,train
10101150159,train,12-13|Arts & Humanities|generated,train
30100810027,train,15+|Social Sciences|generated,train
20101230007,train,12-13|Social Sciences|generated,train
30200250021,train,14-15|Social Sciences|generated,dev
30101130018,train,12-13|Social Sciences|generated,train
10500260053,train,12-13|Arts & Humanities|generated,train
20100550019,train,12-13|Social Sciences|generated,train
20600530009,train,14-15|Social Sciences|generated,train
20500130017,train,14-15|Arts & Humanities|generated,train
20101590027,dev,12-13|Social Sciences|generated,train
10100640009,train,12-13|Arts & Humanities|generated,train
30300290017,train,13-14|Arts & Humanities|generated,train
20200510009,train,12-13|Social Sciences|generated,train
10300230037,train,13-14|Arts & Humanities|generated,train
30200770020,test,12-13|Arts & Humanities|generated,train
10300360003,test,13-14|Arts & Humanities|generated,train
30100120023,train,14-15|Social Sciences|generated,dev
20700080009,train,14-15|Arts & Humanities|generated,dev
30101420005,train,14-15|Arts & Humanities|generated,train
10400130191,train,12-13|Arts & Humanities|generated,train
20600060014,train,14-15|Social Sciences|generated,train
10100600008,train,12-13|Arts & Humanities|generated,train
20101150015,train,12-13|Social Sciences|generated,train
30101650033,train,15+|Arts & Humanities|generated,train
20200910012,train,14-15|Arts & Humanities|generated,train
30100060010,test,15+|Arts & Humanities|generated,train
30100560013,train,15+|STEM|generated,train
20101320007,train,13-14|Arts & Humanities|generated,train
30101440037,train,14-15|Social Sciences|generated,train
30400020036,train,12-13|Social Sciences|generated,train
30400090050,train,15+|Social Sciences|generated,train
30101610035,test,13-14|STEM|generated,train
20101180021,test,14-15|Arts & Humanities|generated,train
20101350018,train,15+|Arts & Humanities|generated,train
10500010016,dev,13-14|Arts & Humanities|generated,dev
20101370022,train,15+|Social Sciences|generated,train
30200870010,dev,12-13|Social Sciences|generated,train
20101570022,train,14-15|Social Sciences|generated,train
30101140003,train,14-15|Social Sciences|generated,train
30101190024,dev,14-15|Social Sciences|generated,train
30300360023,train,14-15|Arts & Humanities|generated,train
30500090011,dev,14-15|Social Sciences|generated,train
10102700030,train,14-15|Arts & Humanities|generated,train
10300300022,train,13-14|Arts & Humanities|generated,train
20101590004,test,12-13|Social Sciences|generated,train
10500590025,train,14-15|Arts & Humanities|generated,train
20600620011,train,14-15|Social Sciences|generated,train
20300320040,train,12-13|Arts & Humanities|generated,train
20201100005,train,15+|Social Sciences|generated,train
10101280006,train,12-13|Arts & Humanities|generated,train
20101520028,train,12-13|Social Sciences|generated,train
30500200061,train,14-15|Social Sciences|generated,train
20101280018,train,15+|STEM|generated,train
20100960019,train,14-15|Social Sciences|generated,train
20101640016,train,14-15|Social Sciences|generated,train
30400030067,train,12-13|Social Sciences|generated,train
20101460018,dev,14-15|STEM|generated,train
30300360027,train,14-15|Arts & Humanities|generated,train
10500150017,train,12-13|Arts & Humanities|generated,train
30300070025,train,12-13|STEM|generated,train
30100490012,train,14-15|STEM|generated,train
10500560008,train,12-13|Arts & Humanities|generated,train
30100160042,train,14-15|Social Sciences|generated,train
20200470001,train,13-14|Arts & Humanities|generated,train
30101190003,train,14-15|Social Sciences|generated,train
30101510039,train,15+|Social Sciences|generated,train
20200750015,train,15+|Arts & Humanities|generated,train
20300350036,test,14-15|Arts & Humanities|generated,train
20101230014,dev,14-15|Social Sciences|generated,train
20101620021,train,14-15|Social Sciences|generated,train
30300120045,dev,12-13|Social Sciences|generated,train
30300570049,test,12-13|Social Sciences|generated,train
30500050091,train,14-15|Arts & Humanities|generated,train
20600430027,train,12-13|Arts & Humanities|generated,train
10100810003,train,13-14|Arts & Humanities|generated,train
30200890012,train,14-15|Social Sciences|generated,train
10500130023,train,14-15|Arts & Humanities|generated,train
30300530018,dev,12-13|Arts & Humanities|generated,train
30101330017,train,12-13|Social Sciences|generated,train
20500640008,train,14-15|Arts & Humanities|generated,train
10300280025,train,12-13|Arts & Humanities|generated,train
20800080046,train,12-13|Arts & Humanities|generated,train
20101590011,train,14-15|Social Sciences|generated,train
30100470023,train,13-14|Arts & Humanities|generated,train
20101460017,train,14-15|STEM|generated,train
20700050007,dev,12-13|Arts & Humanities|generated,dev
20300600027,test,14-15|Arts & Humanities|generated,train
20500280020,test,12-13|Arts & Humanities|generated,train
10200480019,train,12-13|Arts & Humanities|generated,train
10300290018,train,12-13|Arts & Humanities|generated,train
10500270027,train,13-14|Arts & Humanities|generated,train
30101540049,train,12-13|Social Sciences|generated,train
20600560007,train,14-15|Arts & Humanities|generated,dev
10300600029,train,12-13|Arts & Humanities|generated,train
20400100032,train,14-15|Social Sciences|generated,train
30100650018,test,14-15|STEM|generated,train
20100630014,train,12-13|Social Sciences|generated,train
10101220057,train,14-15|Arts & Humanities|generated,train
30400070074,train,14-15|Social Sciences|generated,train
20100850004,dev,12-13|Social Sciences|generated,train
30200840018,train,12-13|Arts & Humanities|generated,train
30100210052,train,14-15|STEM|generated,train
30100790040,dev,14-15|STEM|generated,train
20500510001,train,12-13|Arts & Humanities|generated,train
20100580022,train,14-15|Arts & Humanities|generated,train
10300260036,train,14-15|Arts & Humanities|generated,train
20100410003,train,13-14|Social Sciences|generated,train
10300150048,train,12-13|Arts & Humanities|generated,train
30100020023,train,12-13|Social Sciences|generated,dev
10102110119,train,14-15|Arts & Humanities|generated,train
20500340010,train,15+|Arts & Humanities|generated,train
20100460027,dev,14-15|Social Sciences|generated,train
30101660027,train,14-15|STEM|generated,train
10101350010,train,13-14|Arts & Humanities|generated,train
20100570007,dev,14-15|Arts & Humanities|generated,train
30100760015,test,14-15|Social Sciences|generated,train
10400130013,dev,14-15|Arts & Humanities|generated,train
20101090025,train,14-15|Arts & Humanities|generated,train
20500130019,train,14-15|Arts & Humanities|generated,train
20101230022,train,12-13|Social Sciences|generated,train
30400170067,test,12-13|Social Sciences|generated,train
20100190002,train,12-13|Social Sciences|generated,train
10101270009,train,12-13|Arts & Humanities|generated,train
10200370018,test,12-13|Arts & Humanities|generated,train
30400060100,train,13-14|Social Sciences|generated,train
20500120010,train,12-13|Arts & Humanities|generated,train
20200950007,train,12-13|Arts & Humanities|generated,train
10500020042,train,12-13|Arts & Humanities|generated,train
10102070054,dev,13-14|Arts & Humanities|generated,train
20200090015,dev,14-15|Social Sciences|generated,dev
30100980022,train,13-14|Social Sciences|generated,train
20300580010,train,12-13|Social Sciences|generated,train
30101140010,train,13-14|Social Sciences|generated,train
30100670024,train,14-15|Social Sciences|generated,train
20101650010,train,14-15|Social Sciences|generated,train
30100660014,train,14-15|Social Sciences|generated,train
30101540015,train,15+|Social Sciences|generated,train
20101430009,train,14-15|Social Sciences|generated,train
30200960007,train,14-15|STEM|generated,train
30101650018,train,15+|Arts & Humanities|generated,train
30100210055,train,12-13|STEM|generated,train
30100830011,train,12-13|Social Sciences|generated,train
10100690041,test,13-14|Arts & Humanities|generated,train
10300130041,train,14-15|Arts & Humanities|generated,train
20201460016,train,12-13|STEM|generated,train
30101010011,train,14-15|Arts & Humanities|generated,train
20600570015,train,14-15|Arts & Humanities|generated,dev
10300350040,train,12-13|Arts & Humanities|generated,train
10100670025,train,13-14|Arts & Humanities|generated,train
10101150120,dev,12-13|Arts & Humanities|generated,train
20400020062,train,12-13|Arts & Humanities|generated,train
10100410044,train,12-13|Arts & Humanities|generated,train
10101880010,dev,12-13|Arts & Humanities|generated,train
30200810018,train,13-14|Arts & Humanities|generated,train
30100490019,train,12-13|STEM|generated,train
30100140002,train,12-13|Social Sciences|generated,dev
20300160015,dev,14-15|Arts & Humanities|generated,train
30100650029,train,14-15|STEM|generated,train
10100380016,train,14-15|Arts & Humanities|generated,train
10100700014,train,12-13|Arts & Humanities|generated,train
30101640010,train,12-13|Social Sciences|generated,train
10100330016,train,12-13|Arts & Humanities|generated,train
30100800017,train,13-14|Arts & Humanities|generated,train
10101700036,test,12-13|Arts & Humanities|generated,train
10500170041,train,13-14|Arts & Humanities|generated,train
30100070009,train,14-15|Social Sciences|generated,dev
10200430010,train,13-14|Arts & Humanities|generated,train
20201400005,train,12-13|STEM|generated,train
30100040039,train,14-15|STEM|generated,dev
10101220047,train,13-14|Arts & Humanities|generated,train
20600140033,train,14-15|Arts & Humanities|generated,dev
20200240001,dev,14-15|Arts & Humanities|generated,train
30500030043,train,14-15|Arts & Humanities|generated,train
20100800016,train,12-13|Social Sciences|generated,train
10100430013,train,13-14|Arts & Humanities|generated,train
10300520014,test,12-13|Arts & Humanities|generated,train
20201000016,train,14-15|Arts & Humanities|generated,train
20500490003,train,14-15|Arts & Humanities|generated,train
30100470032,train,14-15|Arts & Humanities|generated,train
20100370005,train,12-13|Social Sciences|generated,train
30101660049,dev,13-14|STEM|generated,train
20100040028,train,14-15|STEM|generated,dev
10101000014,train,12-13|Arts & Humanities|generated,train
30100850013,train,12-13|Arts & Humanities|generated,train
10300220005,train,12-13|Arts & Humanities|generated,train
20200040013,train,12-13|Arts & Humanities|generated,dev
30300260028,train,14-15|Social Sciences|generated,train
10100850023,train,14-15|Arts & Humanities|generated,train
10101090008,dev,12-13|Arts & Humanities|generated,train
20101460035,train,14-15|STEM|generated,train
30100660015,dev,14-15|Social Sciences|generated,train
30101070015,train,14-15|Social Sciences|generated,train
30300420012,train,12-13|Arts & Humanities|generated,train
10500460009,train,12-13|Arts & Humanities|generated,train
30101320019,train,13-14|Social Sciences|generated,train
20400520073,train,13-14|Arts & Humanities|generated,train
20101000029,train,13-14|STEM|generated,train
20201320015,dev,12-13|STEM|generated,train
30300110037,train,14-15|STEM|generated,train
30400020033,train,14-15|Social Sciences|generated,train
10300330029,train,14-15|Arts & Humanities|generated,train
30400030072,train,12-13|Social Sciences|generated,train
10300290006,train,12-13|Arts & Humanities|generated,train
10400290059,train,12-13|Arts & Humanities|generated,train
20300270012,train,12-13|Social Sciences|generated,train
20300310052,train,13-14|Arts & Humanities|generated,train
10500160016,train,12-13|Arts & Humanities|generated,train
30100650017,train,12-13|STEM|generated,train
20900100004,test,12-13|Arts & Humanities|generated,train
30500250089,dev,12-13|Arts & Humanities|generated,train
30500170066,train,14-15|Arts & Humanities|generated,train
30200990008,train,14-15|STEM|generated,train
20200830010,train,12-13|Arts & Humanities|generated,train
20600470004,test,14-15|STEM|generated,train
30100180013,dev,12-13|Arts & Humanities|generated,dev
30300100026,dev,14-15|STEM|generated,train
30100730020,train,14-15|Social Sciences|generated,train
30101390003,train,12-13|Social Sciences|generated,train
10300360010,train,12-13|Arts & Humanities|generated,train
20101200008,train,15+|Social Sciences|generated,train
10300390047,test,14-15|Arts & Humanities|generated,train
10101390026,train,14-15|Arts & Humanities|generated,train
20101050004,train,14-15|STEM|generated,train
20101110010,train,14-15|Social Sciences|generated,train
30400170056,train,12-13|Social Sciences|generated,train
20300150017,train,12-13|Arts & Humanities|generated,train
30100190010,train,13-14|Arts & Humanities|generated,dev
30101440012,train,15+|Social Sciences|generated,train
20201340002,train,13-14|STEM|generated,train
30200570006,dev,15+|Social Sciences|generated,train
30500010026,test,14-15|Arts & Humanities|generated,train
10201020013,train,12-13|Social Sciences|generated,train
10500410018,test,13-14|Arts & Humanities|generated,train
10300110026,train,12-13|Arts & Humanities|generated,train
10500590020,test,14-15|Arts & Humanities|generated,train
10500380035,test,12-13|Arts & Humanities|generated,train
20101640012,dev,14-15|Social Sciences|generated,train
20400090034,dev,14-15|Social Sciences|generated,train
30200530003,train,14-15|Social Sciences|generated,train
20101630023,train,14-15|STEM|generated,train
30200140001,train,14-15|STEM|generated,train
20900080013,train,12-13|Arts & Humanities|generated,train
10500530039,train,12-13|Arts & Humanities|generated,train
30100790026,train,12-13|STEM|generated,train
30300660030,test,12-13|Arts & Humanities|generated,train
30400030013,dev,15+|Social Sciences|generated,train
30500090072,dev,14-15|Social Sciences|generated,train
20500200005,train,14-15|Arts & Humanities|generated,train
20700600002,train,12-13|Arts & Humanities|generated,train
30100660038,train,12-13|Social Sciences|generated,train
30101500043,train,14-15|Social Sciences|generated,train
30200190017,train,12-13|STEM|generated,train
30100800035,train,14-15|Arts & Humanities|generated,train
30400170063,test,14-15|Social Sciences|generated,train
10500550018,dev,12-13|Arts & Humanities|generated,train
20101320017,train,15+|Arts & Humanities|generated,train
10101540003,test,12-13|Arts & Humanities|generated,train
20400500009,dev,15+|Arts & Humanities|generated,train
20300360045,test,12-13|Arts & Humanities|generated,train
10500380037,train,14-15|Arts & Humanities|generated,train
30100050007,dev,14-15|STEM|generated,dev
10300470033,train,12-13|Arts & Humanities|generated,train
30100760008,train,15+|Social Sciences|generated,train
30500230068,train,13-14|Arts & Humanities|generated,train
20800090002,train,12-13|Arts & Humanities|generated,train
20600650015,train,14-15|Social Sciences|generated,train
20600560006,train,14-15|Arts & Humanities|generated,dev
30200330021,train,14-15|STEM|generated,dev
20101220005,train,14-15|STEM|generated,train
20300210013,train,15+|Arts & Humanities|generated,train
20700340003,train,12-13|Arts & Humanities|generated,train
20101370005,train,12-13|Social Sciences|generated,train
20100650010,train,14-15|Social Sciences|generated,train
30400150015,train,12-13|Social Sciences|generated,train
30200540011,train,14-15|Social Sciences|generated,train
20100140030,train,12-13|Arts & Humanities|generated,dev
20201120007,dev,14-15|Social Sciences|generated,train
20200470010,train,14-15|Arts & Humanities|generated,train
20300250008,train,14-15|Social Sciences|generated,train
20500500017,dev,14-15|Arts & Humanities|generated,train
30500030050,dev,14-15|Arts & Humanities|generated,train
10100730010,train,12-13|Arts & Humanities|generated,train
20700150006,train,12-13|Arts & Humanities|generated,dev
20100880003,train,14-15|STEM|generated,train
10500440022,train,14-15|Arts & Humanities|generated,train
10101050027,dev,13-14|Arts & Humanities|generated,train
20101380010,test,14-15|Social Sciences|generated,train
20101380009,train,15+|Social Sciences|generated,train
30101190023,dev,14-15|Social Sciences|generated,train
30300660012,train,12-13|Arts & Humanities|generated,train
20101130021,train,14-15|STEM|generated,train
30101130027,train,12-13|Social Sciences|generated,train
30201000006,train,15+|Social Sciences|generated,train
10101390008,train,12-13|Arts & Humanities|generated,train
20101680016,train,14-15|Social Sciences|generated,train
20500310005,dev,14-15|Arts & Humanities|generated,train
20100150029,dev,14-15|STEM|generated,dev
20700480009,train,12-13|Arts & Humanities|generated,train
20300030015,dev,12-13|Arts & Humanities|generated,dev
20300310040,train,14-15|Arts & Humanities|generated,train
30101390033,train,13-14|Social Sciences|generated,train
10100670042,test,12-13|Arts & Humanities|generated,train
10100180012,train,14-15|Arts & Humanities|generated,dev
20100840048,train,14-15|Social Sciences|generated,train
30101250012,train,12-13|Arts & Humanities|generated,train
30300660008,train,12-13|Arts & Humanities|generated,train
20200420017,train,12-13|Arts & Humanities|generated,train
20900120042,train,12-13|Arts & Humanities|generated,train
20300210010,train,14-15|Arts & Humanities|generated,train
10100590012,train,12-13|Arts & Humanities|generated,train
20300130011,train,12-13|Arts & Humanities|generated,train
30100700015,train,14-15|Arts & Humanities|generated,train
20800190091,train,12-13|Arts & Humanities|generated,train
10200710016,train,14-15|STEM|generated,train
30200470010,train,12-13|Social Sciences|generated,train
20500740008,train,14-15|Arts & Humanities|generated,train
10300380017,train,13-14|Arts & Humanities|generated,train
20400570079,test,12-13|Social Sciences|generated,train
20200420011,train,13-14|Arts & Humanities|generated,train
20500140008,train,15+|Arts & Humanities|generated,train
10100220004,train,14-15|Arts & Humanities|generated,dev
30101000023,train,14-15|Arts & Humanities|generated,train
30101370046,test,14-15|Social Sciences|generated,train
20600570016,train,14-15|Arts & Humanities|generated,dev
30101180005,test,14-15|Social Sciences|generated,train
10100340006,train,12-13|Arts & Humanities|generated,train
10101970049,train,12-13|Arts & Humanities|generated,train
30100060024,train,13-14|Arts & Humanities|generated,train
30101480010,train,14-15|Arts & Humanities|generated,train
20200830013,dev,14-15|Arts & Humanities|generated,train
30300580036,train,13-14|Arts & Humanities|generated,train
20500850001,train,14-15|Arts & Humanities|generated,train
10300260038,train,12-13|Arts & Humanities|generated,train
20500210008,train,14-15|Arts & Humanities|generated,train
30101020027,train,12-13|STEM|generated,train
20101550020,train,14-15|STEM|generated,train
30101410064,dev,13-14|Arts & Humanities|generated,train
30100600047,dev,13-14|Social Sciences|generated,train
10500480015,dev,12-13|Arts & Humanities|generated,train
30500020035,train,12-13|Arts & Humanities|generated,train
10500170010,train,12-13|Arts & Humanities|generated,train
30101360089,train,13-14|Arts & Humanities|generated,train
30100940019,dev,12-13|Social Sciences|generated,train
30101590014,train,14-15|Social Sciences|generated,train
20500740017,test,14-15|Arts & Humanities|generated,train
10200460005,train,12-13|Arts & Humanities|generated,train
20300270032,test,14-15|Social Sciences|generated,train
30100560016,train,14-15|STEM|generated,train
10101790004,train,12-13|Arts & Humanities|generated,train
20101000018,train,12-13|STEM|generated,train
10500570029,train,12-13|Arts & Humanities|generated,train
20300400047,train,13-14|Arts & Humanities|generated,train
30101580043,test,14-15|STEM|generated,train
30100500018,dev,14-15|Social Sciences|generated,train
20300570029,train,13-14|Arts & Humanities|generated,train
10400110058,train,12-13|Social Sciences|generated,dev
30400170057,train,12-13|Social Sciences|generated,train
10300190039,train,12-13|Arts & Humanities|generated,train
20101530016,train,14-15|Social Sciences|generated,train
10400210093,test,12-13|Social Sciences|generated,train
10300290042,dev,12-13|Arts & Humanities|generated,train
20100370012,train,14-15|Social Sciences|generated,train
30300070023,dev,14-15|STEM|generated,train
20100480026,train,15+|Social Sciences|generated,train
30101200049,train,13-14|Arts & Humanities|generated,train
30200550003,train,14-15|Social Sciences|generated,train
20500710007,train,13-14|Arts & Humanities|generated,train
20100500010,train,14-15|Arts & Humanities|generated,train
30101080023,train,14-15|Arts & Humanities|generated,train
10100220013,train,12-13|Arts & Humanities|generated,dev
10500460035,test,12-13|Arts & Humanities|generated,train
20200650011,train,14-15|Social Sciences|generated,train
20400390029,dev,12-13|Arts & Humanities|generated,train
30300580029,train,12-13|Arts & Humanities|generated,train
10101110007,test,14-15|Arts & Humanities|generated,train
30100120026,dev,12-13|Social Sciences|generated,dev
10300360007,train,14-15|Arts & Humanities|generated,train
30400120072,train,12-13|Social Sciences|generated,train
30100800040,train,12-13|Arts & Humanities|generated,train
20400390023,train,13-14|Arts & Humanities|generated,train
30300030050,train,14-15|Arts & Humanities|generated,dev
20100830001,train,12-13|Social Sciences|generated,train
10300340031,train,13-14|Arts & Humanities|generated,train
20101390003,train,15+|Social Sciences|generated,train
30400140072,train,12-13|Social Sciences|generated,train
10100820102,train,14-15|Arts & Humanities|generated,train
30100690003,train,12-13|Arts & Humanities|generated,train
20400370006,train,15+|Arts & Humanities|generated,train
20100040038,train,14-15|STEM|generated,dev
31100180017,test,12-13|Arts & Humanities|generated,train
30100880011,dev,15+|Arts & Humanities|generated,train
20100700008,train,14-15|STEM|generated,train
10500310015,test,12-13|Arts & Humanities|generated,train
30300550045,train,12-13|Arts & Humanities|generated,train
10500440014,train,13-14|Arts & Humanities|generated,train
20101090033,train,14-15|Arts & Humanities|generated,train
20101340026,train,14-15|STEM|generated,train
10300130030,train,12-13|Arts & Humanities|generated,train
20400520053,train,14-15|Arts & Humanities|generated,train
30101430016,train,14-15|Arts & Humanities|generated,train
30101240018,train,14-15|Arts & Humanities|generated,train
30200900006,test,14-15|Social Sciences|generated,train
30200160015,train,12-13|STEM|generated,train
10400040017,train,13-14|Arts & Humanities|generated,dev
20600100007,train,12-13|Arts & Humanities|generated,dev
20300560018,dev,12-13|Arts & Humanities|generated,train
20200600008,train,14-15|Social Sciences|generated,train
20201280005,train,14-15|STEM|generated,train
20400050112,train,13-14|Arts & Humanities|generated,train
10500380038,train,14-15|Arts & Humanities|generated,train
30400030063,train,14-15|Social Sciences|generated,train
10101320010,train,14-15|Arts & Humanities|generated,train
20300500008,train,13-14|Arts & Humanities|generated,train
30100180032,train,14-15|Arts & Humanities|generated,dev
30100520011,train,14-15|Social Sciences|generated,train
30100500007,train,13-14|Social Sciences|generated,train
30500020011,train,12-13|Arts & Humanities|generated,train
10100830046,train,13-14|Arts & Humanities|generated,train
20600090016,dev,13-14|Arts & Humanities|generated,dev
30100140026,dev,14-15|Social Sciences|generated,dev
10101250017,train,12-13|Arts & Humanities|generated,train
30300310013,dev,12-13|STEM|generated,train
30500040032,train,12-13|Arts & Humanities|generated,train
20700550014,train,13-14|Arts & Humanities|generated,train
20700230015,train,14-15|Arts & Humanities|generated,train
10600040002,train,13-14|Arts & Humanities|generated,train
20100420028,train,14-15|Arts & Humanities|generated,train
20101460003,train,14-15|STEM|generated,train
30500240078,train,13-14|Arts & Humanities|generated,train
10300270052,train,12-13|Arts & Humanities|generated,train
30300060030,train,14-15|Arts & Humanities|generated,dev
20900070040,train,12-13|Arts & Humanities|generated,train
30300570044,train,12-13|Social Sciences|generated,train
20100630029,train,12-13|Social Sciences|generated,train
20300320053,train,14-15|Arts & Humanities|generated,train
20100560021,dev,12-13|Arts & Humanities|generated,train
20101140015,train,14-15|Social Sciences|generated,train
30101100017,test,12-13|Social Sciences|generated,train
20101580055,train,13-14|Social Sciences|generated,train
10101290036,train,12-13|Arts & Humanities|generated,train
20101220002,test,15+|STEM|generated,train
10500380030,train,12-13|Arts & Humanities|generated,train
10300340036,dev,12-13|Arts & Humanities|generated,train
20800010097,train,12-13|Arts & Humanities|generated,dev
10101840007,train,12-13|Arts & Humanities|generated,train
30100430014,train,14-15|Arts & Humanities|generated,train
30101450007,train,14-15|Arts & Humanities|generated,train
20400340037,train,15+|Social Sciences|generated,train
20200350004,train,14-15|Arts & Humanities|generated,train
20200370007,train,12-13|Arts & Humanities|generated,train
10500030056,train,13-14|Arts & Humanities|generated,train
30101010006,train,12-13|Arts & Humanities|generated,train
30100790029,train,12-13|STEM|generated,train
20400440086,train,13-14|Arts & Humanities|generated,train
30100130037,train,15+|STEM|generated,dev
20800060035,train,14-15|Arts & Humanities|generated,train
20200730020,train,14-15|Arts & Humanities|generated,train
20101470015,train,12-13|Social Sciences|generated,train
10300320028,dev,12-13|Arts & Humanities|generated,train
30100490037,test,14-15|STEM|generated,train
10200120008,train,14-15|STEM|generated,dev
30101580005,train,14-15|STEM|generated,train
30101470021,dev,15+|STEM|generated,train
10200740007,test,14-15|STEM|generated,train
30100690002,train,15+|Arts & Humanities|generated,train
20400480094,train,14-15|Social Sciences|generated,dev
30100550025,train,12-13|Social Sciences|generated,train
30300120042,train,15+|Social Sciences|generated,train
20300400035,train,15+|Arts & Humanities|generated,train
10102910014,train,14-15|Arts & Humanities|generated,train
20101200006,dev,12-13|Social Sciences|generated,train
20100090010,test,12-13|Arts & Humanities|generated,train
30100560022,train,14-15|STEM|generated,train
10100670059,train,14-15|Arts & Humanities|generated,train
30400050076,test,14-15|Social Sciences|generated,train
30100900029,train,14-15|STEM|generated,train
10101150132,train,14-15|Arts & Humanities|generated,train
30200560012,train,14-15|Social Sciences|generated,train
30101220011,train,14-15|Social Sciences|generated,train
30400060049,train,12-13|Social Sciences|generated,train
30100400005,train,13-14|Social Sciences|generated,train
10500340039,train,12-13|Arts & Humanities|generated,train
20200580004,train,14-15|Social Sciences|generated,train
10102850043,train,14-15|Arts & Humanities|generated,train
30300030030,train,14-15|Arts & Humanities|generated,dev
20100830012,train,12-13|Social Sciences|generated,train
10100820007,train,12-13|Arts & Humanities|generated,train
10101990031,train,14-15|Arts & Humanities|generated,train
20100740025,train,13-14|STEM|generated,train
20300370002,dev,12-13|Arts & Humanities|generated,train
30300560017,train,12-13|Arts & Humanities|generated,train
20500440015,train,12-13|Arts & Humanities|generated,train
20300460007,train,14-15|Social Sciences|generated,train
30100600016,test,15+|Social Sciences|generated,train
30100660011,test,14-15|Social Sciences|generated,train
20200970012,train,14-15|Arts & Humanities|generated,train
10500220031,train,13-14|Arts & Humanities|generated,train
30300480054,train,12-13|Arts & Humanities|generated,train
30100440007,train,12-13|Social Sciences|generated,train
20100430034,train,14-15|Arts & Humanities|generated,train
20300270011,train,14-15|Social Sciences|generated,train
31200010051,train,12-13|Arts & Humanities|generated,train
10300570019,train,13-14|Arts & Humanities|generated,train
20600630004,train,13-14|Arts & Humanities|generated,dev
10300440030,train,12-13|Arts & Humanities|generated,train
30400170015,train,14-15|Social Sciences|generated,train
10500570021,train,14-15|Arts & Humanities|generated,train
20300260006,train,12-13|Arts & Humanities|generated,train
20200450004,train,13-14|Arts & Humanities|generated,train
30400030043,train,14-15|Social Sciences|generated,train
30400120043,train,12-13|Social Sciences|generated,train
20500470009,test,14-15|Arts & Humanities|generated,train
20300400025,train,14-15|Arts & Humanities|generated,train
30300130012,test,14-15|Social Sciences|generated,train
30100610002,train,12-13|Arts & Humanities|generated,train
30300140012,train,14-15|STEM|generated,train
20101320005,test,14-15|Arts & Humanities|generated,train
30101000018,train,14-15|Arts & Humanities|generated,train
30101280027,dev,13-14|Arts & Humanities|generated,train
30100790023,dev,14-15|STEM|generated,train
20200350019,train,12-13|Arts & Humanities|generated,train
20100970010,train,14-15|Social Sciences|generated,train
10101270032,dev,12-13|Arts & Humanities|generated,train
30100790038,train,14-15|STEM|generated,train
30400020017,train,14-15|Social Sciences|generated,train
20100040024,train,12-13|STEM|generated,dev
10300170026,train,12-13|Arts & Humanities|generated,train
20400160072,train,12-13|Arts & Humanities|generated,dev
10500340029,test,13-14|Arts & Humanities|generated,train
20200450001,test,12-13|Arts & Humanities|generated,train
10400400061,train,12-13|Arts & Humanities|generated,train
10100890021,train,12-13|Arts & Humanities|generated,train
30100090021,dev,14-15|Arts & Humanities|generated,train
20100130012,train,14-15|Social Sciences|generated,dev
10300120033,train,14-15|Arts & Humanities|generated,train
30300380043,train,13-14|Social Sciences|generated,train
30500020036,train,14-15|Arts & Humanities|generated,train
30300030042,train,15+|Arts & Humanities|generated,dev
30500020019,train,14-15|Arts & Humanities|generated,train
30101500050,train,14-15|Social Sciences|generated,train
20300330022,train,14-15|Arts & Humanities|generated,train
10300150056,train,12-13|Arts & Humanities|generated,train
30100870023,train,13-14|Social Sciences|generated,train
30200550011,train,14-15|Social Sciences|generated,train
10500130029,train,13-14|Arts & Humanities|generated,train
20101340029,train,14-15|STEM|generated,train
30300640025,train,14-15|Arts & Humanities|generated,train
10300130040,train,14-15|Arts & Humanities|generated,train
10500460039,train,12-13|Arts & Humanities|generated,train
30300330019,dev,14-15|Social Sciences|generated,train
10101170147,train,14-15|Arts & Humanities|generated,train
10300350024,test,13-14|Arts & Humanities|generated,train
30100090012,train,13-14|Arts & Humanities|generated,train
10200540008,train,12-13|Arts & Humanities|generated,train
20201100015,train,14-15|Social Sciences|generated,train
10500440019,train,12-13|Arts & Humanities|generated,train
30300570033,train,14-15|Social Sciences|generated,train
10300220035,train,12-13|Arts & Humanities|generated,train
20200610008,train,15+|Social Sciences|generated,train
10500440013,train,12-13|Arts & Humanities|generated,train
30200460013,test,12-13|Social Sciences|generated,train
20100980015,train,14-15|STEM|generated,train
20300330025,train,13-14|Arts & Humanities|generated,train
10102850027,train,12-13|Arts & Humanities|generated,train
20100950001,train,14-15|Social Sciences|generated,train
30100500022,test,12-13|Social Sciences|generated,train
20101520016,train,12-13|Social Sciences|generated,train
10400240126,test,12-13|Arts & Humanities|generated,train
10101210035,train,14-15|Arts & Humanities|generated,train
10101790013,train,12-13|Arts & Humanities|generated,train
30100920022,train,14-15|Arts & Humanities|generated,train
30500030065,train,14-15|Arts & Humanities|generated,train
10101250005,train,12-13|Arts & Humanities|generated,train
10400390009,train,13-14|Arts & Humanities|generated,dev
10100190002,train,12-13|Arts & Humanities|generated,dev
20600400008,train,12-13|STEM|generated,train
30200500020,dev,14-15|Social Sciences|generated,train
10102810017,test,12-13|Arts & Humanities|generated,train
10300450016,dev,13-14|Arts & Humanities|generated,train
30101260024,train,15+|Arts & Humanities|generated,train
10100710022,dev,12-13|Arts & Humanities|generated,train
10500550007,train,12-13|Arts & Humanities|generated,train
20100890016,train,14-15|Arts & Humanities|generated,train
10500290032,train,14-15|Arts & Humanities|generated,train
20101280020,train,14-15|STEM|generated,train
10500600021,train,12-13|Arts & Humanities|generated,train
30300100015,train,14-15|STEM|generated,train
20101690018,train,14-15|Social Sciences|generated,train
10200330011,train,12-13|Arts & Humanities|generated,train
30200080008,train,14-15|Arts & Humanities|generated,train
20500190010,test,14-15|Arts & Humanities|generated,train
30100890018,train,14-15|Arts & Humanities|generated,train
30101340024,train,13-14|Social Sciences|generated,train
10100070004,train,12-13|Arts & Humanities|generated,dev
20300550061,train,15+|Arts & Humanities|generated,train
20100810007,train,12-13|Social Sciences|generated,train
30101080018,train,12-13|Arts & Humanities|generated,train
30101630021,train,15+|Arts & Humanities|generated,train
20500870014,dev,14-15|Arts & Humanities|generated,train
30101130003,train,14-15|Social Sciences|generated,train
20100740016,train,14-15|STEM|generated,train
20300050013,train,12-13|Arts & Humanities|generated,dev
20400090108,train,15+|Social Sciences|generated,train
20300600012,dev,12-13|Arts & Humanities|generated,train
20700470007,train,12-13|Arts & Humanities|generated,train
10300540041,train,13-14|Arts & Humanities|generated,train
30101290054,train,15+|Social Sciences|generated,train
30400020070,train,14-15|Social Sciences|generated,train
31100020020,dev,12-13|Arts & Humanities|generated,dev
10200120001,train,12-13|STEM|generated,dev
10101010005,train,12-13|Arts & Humanities|generated,train
20101210022,train,12-13|Social Sciences|generated,train
10100710043,train,13-14|Arts & Humanities|generated,train
20101070007,train,12-13|Social Sciences|generated,train
10600040006,train,12-13|Arts & Humanities|generated,train
20101170021,train,12-13|STEM|generated,train
10300460026,train,13-14|Arts & Humanities|generated,train
30400170060,train,15+|Social Sciences|generated,train
30101010003,train,13-14|Arts & Humanities|generated,train
30300680031,dev,12-13|Arts & Humanities|generated,train
30101020009,train,14-15|STEM|generated,train
20200560010,train,12-13|Social Sciences|generated,train
10100970038,train,13-14|Arts & Humanities|generated,train
20600320004,train,14-15|STEM|generated,train
20100920012,train,15+|Social Sciences|generated,train
20101140018,train,14-15|Social Sciences|generated,train
30300360018,train,15+|Arts & Humanities|generated,train
30100950032,train,14-15|Arts & Humanities|generated,train
10300460066,train,12-13|Arts & Humanities|generated,train
10101290045,test,12-13|Arts & Humanities|generated,train
20600320011,train,14-15|STEM|generated,train
30101340062,train,12-13|Social Sciences|generated,train
30100720004,train,14-15|Arts & Humanities|generated,train
30400130071,train,14-15|Social Sciences|generated,dev
10101510095,dev,13-14|Arts & Humanities|generated,train
30300470027,train,12-13|Arts & Humanities|generated,train
30200070019,train,15+|Arts & Humanities|generated,train
10100310012,train,12-13|Arts & Humanities|generated,train
10400230064,test,12-13|Social Sciences|generated,train
20700660002,train,13-14|Arts & Humanities|generated,train
30101310024,train,14-15|STEM|generated,train
10100820093,test,12-13|Arts & Humanities|generated,train
10500530038,train,12-13|Arts & Humanities|generated,train
10200810018,train,12-13|STEM|generated,train
20200470018,test,14-15|Arts & Humanities|generated,train
30100870015,test,14-15|Social Sciences|generated,train
10100930012,train,12-13|Arts & Humanities|generated,train
20100020003,train,14-15|Social Sciences|generated,dev
31100040015,train,13-14|Arts & Humanities|generated,train
20300610004,test,12-13|Arts & Humanities|generated,train
10500200029,train,13-14|Arts & Humanities|generated,train
10200930005,train,12-13|Social Sciences|generated,train
20100700009,train,14-15|STEM|generated,train
10500110010,train,14-15|Arts & Humanities|generated,train
30100940005,train,15+|Social Sciences|generated,train
30101250020,train,14-15|Arts & Humanities|generated,train
30400030016,train,14-15|Social Sciences|generated,train
30300550017,dev,14-15|Arts & Humanities|generated,train
10102700017,train,12-13|Arts & Humanities|generated,train
30400150030,train,15+|Social Sciences|generated,train
20101470041,train,12-13|Social Sciences|generated,train
10500230040,train,12-13|Arts & Humanities|generated,train
30101370037,train,14-15|Social Sciences|generated,train
30101580061,test,12-13|STEM|generated,train
10400360086,train,12-13|Arts & Humanities|generated,train
10500290007,train,12-13|Arts & Humanities|generated,train
30100100016,train,12-13|Social Sciences|generated,dev
30100720026,train,14-15|Arts & Humanities|generated,train
10300470022,train,12-13|Arts & Humanities|generated,train
10500060018,train,13-14|Arts & Humanities|generated,train
20700250006,train,12-13|Arts & Humanities|generated,train
10300610039,dev,13-14|Arts & Humanities|generated,train
30101140002,train,14-15|Social Sciences|generated,train
20200750005,train,14-15|Arts & Humanities|generated,train
10300240018,train,12-13|Arts & Humanities|generated,train
30400130105,dev,12-13|Social Sciences|generated,dev
20300260018,train,12-13|Arts & Humanities|generated,train
20400430093,train,12-13|Arts & Humanities|generated,train
30300590015,train,12-13|Arts & Humanities|generated,train
20500470001,train,14-15|Arts & Humanities|generated,train
30500040082,train,15+|Arts & Humanities|generated,train
20100570003,train,14-15|Arts & Humanities|generated,train
10500470013,train,12-13|Arts & Humanities|generated,train
30400060022,train,14-15|Social Sciences|generated,train
30200410018,train,13-14|Social Sciences|generated,train
30100620007,train,14-15|Social Sciences|generated,train
20101010057,train,15+|Arts & Humanities|generated,train
30100690048,train,12-13|Arts & Humanities|generated,train
30500270040,train,12-13|Social Sciences|generated,train
20700430001,train,14-15|Arts & Humanities|generated,train
20101430004,dev,14-15|Social Sciences|generated,train
20100650011,train,14-15|Social Sciences|generated,train
30101000007,train,13-14|Arts & Humanities|generated,train
10300120031,dev,14-15|Arts & Humanities|generated,train
10200350014,dev,14-15|Arts & Humanities|generated,train
30101090021,train,12-13|Social Sciences|generated,train
10100810051,train,12-13|Arts & Humanities|generated,train
30101150016,train,15+|Arts & Humanities|generated,train
20600300008,test,14-15|STEM|generated,train
10200120013,train,15+|STEM|generated,dev
10300210027,train,14-15|Arts & Humanities|generated,train
10200810004,train,14-15|STEM|generated,train
31100090008,dev,13-14|Arts & Humanities|generated,train
20300510015,train,12-13|Arts & Humanities|generated,train
20300610028,train,14-15|Arts & Humanities|generated,train
20100900012,train,14-15|Social Sciences|generated,train
30100170029,train,13-14|Arts & Humanities|generated,train
20700340006,train,12-13|Arts & Humanities|generated,train
10300390017,test,12-13|Arts & Humanities|generated,train
30101630008,test,15+|Arts & Humanities|generated,train
30300040036,dev,12-13|STEM|generated,train
20201220003,test,13-14|STEM|generated,train
20101630006,train,14-15|STEM|generated,train
20101160019,dev,14-15|Arts & Humanities|generated,train
20300020045,train,12-13|Arts & Humanities|generated,dev
20100130010,train,14-15|Social Sciences|generated,dev
10102660007,train,12-13|Arts & Humanities|generated,train
30100820017,train,12-13|Social Sciences|generated,train
30300270026,train,15+|STEM|generated,train
30300200023,train,14-15|STEM|generated,dev
30101180020,test,12-13|Social Sciences|generated,train
10101640009,train,12-13|Arts & Humanities|generated,train
20100810023,train,12-13|Social Sciences|generated,train
20101590009,train,12-13|Social Sciences|generated,train
20300500011,train,12-13|Arts & Humanities|generated,train
20100870021,train,12-13|STEM|generated,train
30500100003,dev,12-13|Social Sciences|generated,train
20400310007,dev,12-13|Arts & Humanities|generated,train
20101730010,train,14-15|STEM|generated,train
30201000014,dev,12-13|Social Sciences|generated,train
20101520011,train,12-13|Social Sciences|generated,train
30300450033,train,13-14|STEM|generated,train
30200690018,train,14-15|Social Sciences|generated,train
30100460003,train,14-15|Social Sciences|generated,train
10100200023,train,13-14|Arts & Humanities|generated,dev
10300260004,train,12-13|Arts & Humanities|generated,train
30300070020,train,14-15|STEM|generated,train
30300140038,train,14-15|STEM|generated,train
30300140025,train,12-13|STEM|generated,train
20300270022,train,12-13|Social Sciences|generated,train
20200580016,train,14-15|Social Sciences|generated,train
10500120012,test,12-13|Arts & Humanities|generated,train
20500200007,train,14-15|Arts & Humanities|generated,train
10500420017,test,14-15|Arts & Humanities|generated,train
10102700041,train,12-13|Arts & Humanities|generated,train
20300160014,train,14-15|Arts & Humanities|generated,train
30400080056,train,12-13|Social Sciences|generated,train
30500280060,train,14-15|Social Sciences|generated,train
20500150009,dev,14-15|Arts & Humanities|generated,train
20101580044,train,14-15|Social Sciences|generated,train
10400350013,train,12-13|Social Sciences|generated,train
30100800004,test,14-15|Arts & Humanities|generated,train
30101210034,train,15+|Social Sciences|generated,train
30100890010,dev,14-15|Arts & Humanities|generated,train
30100770010,test,15+|Social Sciences|generated,train
20101660007,dev,14-15|Social Sciences|generated,train
10500400039,train,12-13|Arts & Humanities|generated,train
20100010009,train,12-13|Social Sciences|generated,dev
20300580056,train,12-13|Social Sciences|generated,train
20101380014,train,12-13|Social Sciences|generated,train
30100050024,dev,12-13|STEM|generated,dev
30100670031,train,14-15|Social Sciences|generated,train
10200740020,train,14-15|STEM|generated,train
20100470019,train,14-15|Arts & Humanities|generated,train
20200120024,train,14-15|STEM|generated,dev
10400380093,dev,12-13|Arts & Humanities|generated,train
20600270008,train,14-15|STEM|generated,train
30100640004,train,15+|Arts & Humanities|generated,train
30200700001,train,14-15|Social Sciences|generated,train
20300540115,train,13-14|Arts & Humanities|generated,train
31100080065,train,12-13|Arts & Humanities|generated,train
20900030026,train,12-13|Arts & Humanities|generated,train
30101400022,train,14-15|Arts & Humanities|generated,train
20101280016,train,14-15|STEM|generated,train
20100390021,test,14-15|Social Sciences|generated,train
20500230012,test,14-15|Arts & Humanities|generated,train
20100980016,train,14-15|STEM|generated,train
10100840021,train,12-13|Arts & Humanities|generated,train
20400010104,train,14-15|Arts & Humanities|generated,train
30200060011,train,13-14|Arts & Humanities|generated,train
30200010019,train,14-15|Arts & Humanities|generated,train
20700340007,train,12-13|Arts & Humanities|generated,train
30400070060,test,14-15|Social Sciences|generated,train
20100210020,train,14-15|Social Sciences|generated,train
30100060038,train,13-14|Arts & Humanities|generated,train
20100800006,test,12-13|Social Sciences|generated,train
20600550013,train,14-15|Social Sciences|generated,train
30101420033,train,12-13|Arts & Humanities|generated,train
30101500032,train,14-15|Social Sciences|generated,train
20500240013,train,12-13|Arts & Humanities|generated,train
20500850012,train,14-15|Arts & Humanities|generated,train
30300240012,test,14-15|Social Sciences|generated,train
30300310023,train,12-13|STEM|generated,train
30500120027,test,15+|Arts & Humanities|generated,train
20101730003,train,14-15|STEM|generated,train
30100960034,train,14-15|Social Sciences|generated,train
10101060017,train,12-13|Arts & Humanities|generated,train
10300550020,train,12-13|Arts & Humanities|generated,train
10300540003,train,13-14|Arts & Humanities|generated,train
20300580052,train,14-15|Social Sciences|generated,train
30101280014,train,13-14|Arts & Humanities|generated,train
30100660006,train,15+|Social Sciences|generated,train
30101380033,train,13-14|Social Sciences|generated,train
20500310002,train,12-13|Arts & Humanities|generated,train
30100760006,train,15+|Social Sciences|generated,train
30300370046,train,12-13|Arts & Humanities|generated,train
20101690016,train,13-14|Social Sciences|generated,train
20500780012,train,15+|Arts & Humanities|generated,train
20200310009,train,14-15|Arts & Humanities|generated,train
10400130139,train,12-13|Arts & Humanities|generated,train
30100130019,dev,15+|STEM|generated,dev
10200980004,train,12-13|Social Sciences|generated,train
20101180027,train,14-15|Arts & Humanities|generated,train
31100190014,train,12-13|Arts & Humanities|generated,train
20200370006,train,12-13|Arts & Humanities|generated,train
30100520065,train,14-15|Social Sciences|generated,train
20400570059,test,12-13|Social Sciences|generated,train
10101560024,train,12-13|Arts & Humanities|generated,train
10500450010,train,12-13|Arts & Humanities|generated,train
30101360043,train,12-13|Arts & Humanities|generated,train
30500190008,train,14-15|Social Sciences|generated,train
20100900002,test,12-13|Social Sciences|generated,train
30101250035,train,14-15|Arts & Humanities|generated,train
10100510012,train,13-14|Arts & Humanities|generated,train
30100620027,train,14-15|Social Sciences|generated,train
30300440015,train,12-13|Arts & Humanities|generated,train
10101390037,train,12-13|Arts & Humanities|generated,train
30100820007,train,13-14|Social Sciences|generated,train
20300040012,train,12-13|Arts & Humanities|generated,dev
30200700014,train,15+|Social Sciences|generated,train
20100410020,test,13-14|Social Sciences|generated,train
20300280004,train,13-14|Arts & Humanities|generated,train
10201060017,train,12-13|Social Sciences|generated,train
10102750017,train,13-14|Arts & Humanities|generated,train
20100560008,train,14-15|Arts & Humanities|generated,train
20201100020,train,14-15|Social Sciences|generated,train
20100770019,test,12-13|Social Sciences|generated,train
20300510002,train,14-15|Arts & Humanities|generated,train
30100770003,train,15+|Social Sciences|generated,train
30100980021,train,13-14|Social Sciences|generated,train
30100210061,test,14-15|STEM|generated,train
20600350012,train,14-15|Arts & Humanities|generated,train
10101170187,train,12-13|Arts & Humanities|generated,train
10102750004,train,12-13|Arts & Humanities|generated,train
10200100002,train,14-15|STEM|generated,dev
10300270023,train,12-13|Arts & Humanities|generated,train
30101470010,test,14-15|STEM|generated,train
20200300004,train,12-13|Arts & Humanities|generated,train
20600460017,train,12-13|Arts & Humanities|generated,train
20101140007,train,15+|Social Sciences|generated,train
30400130070,train,12-13|Social Sciences|generated,dev
20101250007,train,14-15|Social Sciences|generated,train
30100980023,train,13-14|Social Sciences|generated,train
10102210024,train,12-13|Arts & Humanities|generated,train
10102800036,train,12-13|Arts & Humanities|generated,train
10400210069,train,12-13|Social Sciences|generated,train
30100010035,train,14-15|Arts & Humanities|generated,dev
30300420032,train,14-15|Arts & Humanities|generated,train
30300490037,train,14-15|Social Sciences|generated,train
20101620024,train,12-13|Social Sciences|generated,train
10400190058,train,12-13|Arts & Humanities|generated,train
30300440026,train,14-15|Arts & Humanities|generated,train
10100290026,train,12-13|Arts & Humanities|generated,train
20101260029,train,14-15|Social Sciences|generated,train
10400260059,train,12-13|Arts & Humanities|generated,train
30100610030,dev,13-14|Arts & Humanities|generated,train
20400580106,train,12-13|Social Sciences|generated,train
20201440005,train,12-13|STEM|generated,train
30400080042,train,14-15|Social Sciences|generated,train
30100170016,train,13-14|Arts & Humanities|generated,train
10400290061,train,12-13|Arts & Humanities|generated,train
20101500015,train,14-15|Social Sciences|generated,train
30101350008,train,12-13|Arts & Humanities|generated,train
30100490050,train,14-15|STEM|generated,train
20200350018,train,14-15|Arts & Humanities|generated,train
10400420096,test,12-13|Arts & Humanities|generated,train
31100170016,train,13-14|Arts & Humanities|generated,train
20100840036,train,14-15|Social Sciences|generated,train
30200420002,test,12-13|Social Sciences|generated,train
30300230014,train,12-13|Social Sciences|generated,train
20100890029,train,14-15|Arts & Humanities|generated,train
30200410007,train,12-13|Social Sciences|generated,train
20100090037,train,12-13|Arts & Humanities|generated,train
20500640018,train,14-15|Arts & Humanities|generated,train
30100870007,train,12-13|Social Sciences|generated,train
20100820004,train,12-13|Social Sciences|generated,train
20100940003,train,15+|STEM|generated,train
30100930122,train,15+|Arts & Humanities|generated,train
20100120006,train,12-13|Social Sciences|generated,dev
20100810014,train,12-13|Social Sciences|generated,train
20100150039,train,14-15|STEM|generated,dev
20100730040,train,13-14|Social Sciences|generated,train
30100670003,train,14-15|Social Sciences|generated,train
10100200081,train,14-15|Arts & Humanities|generated,dev
30200500001,train,12-13|Social Sciences|generated,train
20101430001,train,14-15|Social Sciences|generated,train
30400140042,train,12-13|Social Sciences|generated,train
10500020013,train,12-13|Arts & Humanities|generated,train
30101440027,train,14-15|Social Sciences|generated,train
30100830003,test,13-14|Social Sciences|generated,train
10500390038,train,12-13|Arts & Humanities|generated,train
20400480010,dev,12-13|Social Sciences|generated,dev
30101210013,train,14-15|Social Sciences|generated,train
20201280013,train,14-15|STEM|generated,train
10500020027,train,13-14|Arts & Humanities|generated,train
20800150013,train,12-13|Arts & Humanities|generated,train
30100760014,dev,12-13|Social Sciences|generated,train
20100120026,train,12-13|Social Sciences|generated,dev
30200820016,train,12-13|Arts & Humanities|generated,train
20400090058,train,14-15|Social Sciences|generated,train
10300300009,train,12-13|Arts & Humanities|generated,train
30500010029,train,15+|Arts & Humanities|generated,train
30400020067,train,14-15|Social Sciences|generated,train
30100800053,train,12-13|Arts & Humanities|generated,train
20500200006,train,14-15|Arts & Humanities|generated,train
10102030026,train,12-13|Arts & Humanities|generated,train
30200930005,train,14-15|Social Sciences|generated,dev
10500310006,train,12-13|Arts & Humanities|generated,train
20101170020,train,14-15|STEM|generated,train
20400130208,train,12-13|Arts & Humanities|generated,train
30300400043,test,13-14|Arts & Humanities|generated,train
20300200023,train,14-15|Arts & Humanities|generated,train
30100980007,train,15+|Social Sciences|generated,train
10100340022,test,13-14|Arts & Humanities|generated,train
20101470003,train,14-15|Social Sciences|generated,train
20200920007,train,12-13|Arts & Humanities|generated,train
30300100021,train,14-15|STEM|generated,train
10300310043,train,13-14|Arts & Humanities|generated,train
30300460011,train,12-13|Arts & Humanities|generated,train
30100040034,train,14-15|STEM|generated,dev
10500230009,train,12-13|Arts & Humanities|generated,train
20500090009,train,14-15|Arts & Humanities|generated,dev
20300500042,train,12-13|Arts & Humanities|generated,train
20101110036,test,12-13|Social Sciences|generated,train
30400110062,test,14-15|Social Sciences|generated,train
20500050009,dev,15+|Arts & Humanities|generated,dev
30101430028,train,13-14|Arts & Humanities|generated,train
10500270045,train,13-14|Arts & Humanities|generated,train
20300430029,test,13-14|Arts & Humanities|generated,train
10300520057,train,12-13|Arts & Humanities|generated,train
30100750028,train,15+|Arts & Humanities|generated,train
20101740026,train,14-15|Arts & Humanities|generated,train
30101630014,test,14-15|Arts & Humanities|generated,train
10101010002,train,13-14|Arts & Humanities|generated,train
30101190026,test,14-15|Social Sciences|generated,train
21000100021,train,14-15|Arts & Humanities|generated,train
30101370065,dev,14-15|Social Sciences|generated,train
10300320041,train,13-14|Arts & Humanities|generated,train
10102600007,train,12-13|Arts & Humanities|generated,train
10500590037,train,13-14|Arts & Humanities|generated,train
20100840053,train,14-15|Social Sciences|generated,train
10200770009,train,14-15|STEM|generated,train
20201130003,train,14-15|Social Sciences|generated,train
31100170002,train,12-13|Arts & Humanities|generated,train
30101190007,test,14-15|Social Sciences|generated,train
20700350008,train,12-13|Arts & Humanities|generated,train
10300310003,test,12-13|Arts & Humanities|generated,train
20200640018,train,12-13|Social Sciences|generated,train
10400360005,train,12-13|Arts & Humanities|generated,train
10101150172,train,12-13|Arts & Humanities|generated,train
10300350021,train,12-13|Arts & Humanities|generated,train
20400450026,train,14-15|Social Sciences|generated,train
20300140036,train,14-15|Arts & Humanities|generated,train
20400340050,train,12-13|Social Sciences|generated,train
10101210022,train,14-15|Arts & Humanities|generated,train
31100120014,train,13-14|Arts & Humanities|generated,train
20101430013,train,14-15|Social Sciences|generated,train
10101220034,train,13-14|Arts & Humanities|generated,train
20101690017,train,14-15|Social Sciences|generated,train
10500590006,train,12-13|Arts & Humanities|generated,train
20600340003,train,14-15|Social Sciences|generated,train
20100680015,train,15+|STEM|generated,train
20101340016,dev,14-15|STEM|generated,train
20400170061,train,12-13|Arts & Humanities|generated,train
20400480018,train,15+|Social Sciences|generated,dev
10500200051,train,13-14|Arts & Humanities|generated,train
10200710019,dev,12-13|STEM|generated,train
10101150156,train,12-13|Arts & Humanities|generated,train
30101370047,train,12-13|Social Sciences|generated,train
20600270009,train,12-13|STEM|generated,train
30100530005,train,14-15|Social Sciences|generated,train
10100670013,train,12-13|Arts & Humanities|generated,train
20201220007,train,14-15|STEM|generated,train
20700200008,train,12-13|Arts & Humanities|generated,train
20600370011,train,12-13|STEM|generated,train
30400010071,train,14-15|Social Sciences|generated,train
20300330006,train,14-15|Arts & Humanities|generated,train
30200760007,train,12-13|Arts & Humanities|generated,train
20600400003,dev,14-15|STEM|generated,train
10500290016,train,12-13|Arts & Humanities|generated,train
20200300013,train,13-14|Arts & Humanities|generated,train
30101360017,train,13-14|Arts & Humanities|generated,train
20400440053,train,13-14|Arts & Humanities|generated,train
30200060016,train,13-14|Arts & Humanities|generated,train
20400150089,train,12-13|Arts & Humanities|generated,train
10800160009,train,12-13|Arts & Humanities|generated,train
20100920016,train,14-15|Social Sciences|generated,train
20101200009,train,15+|Social Sciences|generated,train
20101420019,test,14-15|Arts & Humanities|generated,train
30500180023,train,14-15|Arts & Humanities|generated,dev
30101190025,train,12-13|Social Sciences|generated,train
10500590024,train,12-13|Arts & Humanities|generated,train
30300560022,test,14-15|Arts & Humanities|generated,train
10300220004,train,12-13|Arts & Humanities|generated,train
30101630010,train,14-15|Arts & Humanities|generated,train
10400150165,train,12-13|Arts & Humanities|generated,train
10300350010,train,12-13|Arts & Humanities|generated,train
20201320020,train,12-13|STEM|generated,train
10100670084,train,12-13|Arts & Humanities|generated,train
20300530019,train,12-13|Social Sciences|generated,train
20700150008,train,13-14|Arts & Humanities|generated,dev
20101220018,train,14-15|STEM|generated,train
30400150083,train,14-15|Social Sciences|generated,train
10101150005,train,12-13|Arts & Humanities|generated,train
20600640015,train,12-13|Social Sciences|generated,train
20100950011,test,12-13|Social Sciences|generated,train
20201390011,train,14-15|STEM|generated,train
10300570055,train,13-14|Arts & Humanities|generated,train
10600180003,train,13-14|Arts & Humanities|generated,train
30100790006,test,15+|STEM|generated,train
30101060007,train,12-13|Social Sciences|generated,train
10300260032,train,12-13|Arts & Humanities|generated,train
20100730043,train,14-15|Social Sciences|generated,train
10300170023,dev,12-13|Arts & Humanities|generated,train
30100860027,train,13-14|STEM|generated,train
20400090053,train,14-15|Social Sciences|generated,train
30500150074,train,13-14|Arts & Humanities|generated,train
20400570018,test,12-13|Social Sciences|generated,train
10101300006,train,12-13|Arts & Humanities|generated,train
20100630011,train,14-15|Social Sciences|generated,train
10102690009,train,14-15|Arts & Humanities|generated,train
10100730013,train,14-15|Arts & Humanities|generated,train
10500470038,dev,12-13|Arts & Humanities|generated,train
20300560050,train,13-14|Arts & Humanities|generated,train
20300610022,train,15+|Arts & Humanities|generated,train
20100090022,train,14-15|Arts & Humanities|generated,train
30101420029,test,12-13|Arts & Humanities|generated,train
20101230030,dev,12-13|Social Sciences|generated,train
10101170043,train,13-14|Arts & Humanities|generated,train
20101600007,train,15+|Social Sciences|generated,train
10300310040,train,12-13|Arts & Humanities|generated,train
10102620031,train,12-13|Arts & Humanities|generated,train
30500090017,train,14-15|Social Sciences|generated,train
20500760017,train,14-15|Arts & Humanities|generated,train
30300470009,train,13-14|Arts & Humanities|generated,train
30400040048,dev,12-13|Social Sciences|generated,train
10101640029,dev,12-13|Arts & Humanities|generated,train
30100010014,train,12-13|Arts & Humanities|generated,dev
30100800045,train,15+|Arts & Humanities|generated,train
20200800014,train,12-13|Arts & Humanities|generated,train
30300400022,train,13-14|Arts & Humanities|generated,train
30201000008,train,14-15|Social Sciences|generated,train
10102200011,train,12-13|Arts & Humanities|generated,train
10102890015,train,12-13|Arts & Humanities|generated,train
30200560013,train,14-15|Social Sciences|generated,train
10500340037,dev,12-13|Arts & Humanities|generated,train
20101260006,train,12-13|Social Sciences|generated,train
30200550002,test,14-15|Social Sciences|generated,train
20101750027,train,14-15|Social Sciences|generated,train
20500340014,train,14-15|Arts & Humanities|generated,train
30500240053,train,14-15|Arts & Humanities|generated,train
30101140029,train,12-13|Social Sciences|generated,train
10400300025,train,12-13|Arts & Humanities|generated,train
20500430016,train,15+|Arts & Humanities|generated,train
30101390029,train,13-14|Social Sciences|generated,train
30200690010,train,14-15|Social Sciences|generated,train
30400090083,train,14-15|Social Sciences|generated,train
20300320044,train,12-13|Arts & Humanities|generated,train
20300470066,train,12-13|Arts & Humanities|generated,train
20100660025,train,14-15|Arts & Humanities|generated,train
10200570002,train,14-15|Arts & Humanities|generated,train
20200710010,test,12-13|Arts & Humanities|generated,train
20600400017,train,14-15|STEM|generated,train
30101060009,train,12-13|Social Sciences|generated,train
20100740031,train,14-15|STEM|generated,train
20300330035,train,15+|Arts & Humanities|generated,train
30400060063,train,12-13|Social Sciences|generated,train
30100550010,train,15+|Social Sciences|generated,train
10600280005,train,12-13|Arts & Humanities|generated,train
20500680003,train,12-13|Arts & Humanities|generated,train
20400290071,train,14-15|Arts & Humanities|generated,train
20700270005,train,13-14|Arts & Humanities|generated,train
20500280004,train,14-15|Arts & Humanities|generated,train
20300570031,train,12-13|Arts & Humanities|generated,train
10100680025,train,12-13|Arts & Humanities|generated,train
10101070007,train,12-13|Arts & Humanities|generated,train
20300010013,train,14-15|Social Sciences|generated,dev
20500780018,train,12-13|Arts & Humanities|generated,train
30200440013,train,14-15|Social Sciences|generated,train
20101710010,train,14-15|Arts & Humanities|generated,train
10100820016,dev,12-13|Arts & Humanities|generated,train
20300600021,train,14-15|Arts & Humanities|generated,train
10101170188,dev,12-13|Arts & Humanities|generated,train
20500140006,train,14-15|Arts & Humanities|generated,train
10500430020,train,12-13|Arts & Humanities|generated,train
20100460014,test,12-13|Social Sciences|generated,train
20101690019,test,14-15|Social Sciences|generated,train
20600280003,train,13-14|Arts & Humanities|generated,train
20101450001,test,14-15|Social Sciences|generated,train
10500390032,train,13-14|Arts & Humanities|generated,train
10200310002,test,12-13|Arts & Humanities|generated,train
10101970059,train,14-15|Arts & Humanities|generated,train
10300510002,test,14-15|Arts & Humanities|generated,train
20400090016,train,14-15|Social Sciences|generated,train
20900070015,train,14-15|Arts & Humanities|generated,train
10300300005,train,12-13|Arts & Humanities|generated,train
30101620003,train,12-13|Arts & Humanities|generated,train
30101340023,train,14-15|Social Sciences|generated,train
20400310086,train,14-15|Arts & Humanities|generated,train
20600600006,train,15+|Social Sciences|generated,train
20100830020,train,12-13|Social Sciences|generated,train
20101520014,train,14-15|Social Sciences|generated,train
30400150058,train,14-15|Social Sciences|generated,train
20101080007,train,14-15|Social Sciences|generated,train
10400220027,train,12-13|Social Sciences|generated,dev
20500120012,train,14-15|Arts & Humanities|generated,train
30100790021,train,14-15|STEM|generated,train
20500100015,dev,12-13|Arts & Humanities|generated,dev
10300240059,test,12-13|Arts & Humanities|generated,train
30100770012,dev,15+|Social Sciences|generated,train
10200950003,train,12-13|Social Sciences|generated,train
30400110030,train,14-15|Social Sciences|generated,train
30101450019,train,14-15|Arts & Humanities|generated,train
20500210001,test,14-15|Arts & Humanities|generated,train
20100970026,test,15+|Social Sciences|generated,train
10101150018,train,12-13|Arts & Humanities|generated,train
10200470012,test,13-14|Arts & Humanities|generated,train
20400240081,train,14-15|Social Sciences|generated,dev
10400120061,train,14-15|Social Sciences|generated,dev
20700360003,train,12-13|Arts & Humanities|generated,train
30101440030,train,12-13|Social Sciences|generated,train
10200970011,train,12-13|Social Sciences|generated,train
30200670014,train,14-15|Social Sciences|generated,train
20100440011,train,15+|Social Sciences|generated,train
10102090005,train,14-15|Arts & Humanities|generated,train
30400020010,train,14-15|Social Sciences|generated,train
20500350014,train,13-14|Arts & Humanities|generated,train
30400050038,train,12-13|Social Sciences|generated,train
30400050003,train,12-13|Social Sciences|generated,train
20300010002,dev,12-13|Social Sciences|generated,dev
20300210042,train,12-13|Arts & Humanities|generated,train
20400110013,train,15+|Social Sciences|generated,train
30100780024,train,12-13|Arts & Humanities|generated,train
20700120004,dev,12-13|Arts & Humanities|generated,dev
10102650032,train,12-13|Arts & Humanities|generated,train
30500060065,train,14-15|Arts & Humanities|generated,train
20100890010,test,14-15|Arts & Humanities|generated,train
10500140017,train,14-15|Arts & Humanities|generated,train
20600370001,train,14-15|STEM|generated,train
30101070007,train,14-15|Social Sciences|generated,train
30400150041,train,15+|Social Sciences|generated,train
30100400020,train,14-15|Social Sciences|generated,train
10101990033,train,13-14|Arts & Humanities|generated,train
10101030055,dev,13-14|Arts & Humanities|generated,train
20100800005,train,14-15|Social Sciences|generated,train
30100870026,train,13-14|Social Sciences|generated,train
20500340015,train,14-15|Arts & Humanities|generated,train
20700400011,train,12-13|Arts & Humanities|generated,train
20400500031,train,15+|Arts & Humanities|generated,train
20600140025,train,14-15|Arts & Humanities|generated,dev
20101330015,dev,15+|Social Sciences|generated,train
10300570058,train,13-14|Arts & Humanities|generated,train
20200580009,test,14-15|Social Sciences|generated,train
30500120037,train,15+|Arts & Humanities|generated,train
10101560029,train,12-13|Arts & Humanities|generated,train
30100100015,dev,14-15|Social Sciences|generated,dev
30200790006,train,14-15|Arts & Humanities|generated,train
10101290022,train,12-13|Arts & Humanities|generated,train
30400040031,train,14-15|Social Sciences|generated,train
20200780014,train,12-13|Arts & Humanities|generated,train
20100090012,train,15+|Arts & Humanities|generated,train
30300010017,train,13-14|Arts & Humanities|generated,dev
20400250073,train,14-15|Arts & Humanities|generated,train
10500110038,dev,12-13|Arts & Humanities|generated,train
10500580016,train,12-13|Arts & Humanities|generated,train
10500370048,dev,12-13|Arts & Humanities|generated,train
30101580063,dev,14-15|STEM|generated,train
30100120011,train,14-15|Social Sciences|generated,dev
10101410033,train,12-13|Arts & Humanities|generated,train
20300310050,train,13-14|Arts & Humanities|generated,train
21100060015,train,12-13|Arts & Humanities|generated,train
30400050025,train,14-15|Social Sciences|generated,train
10300540013,test,12-13|Arts & Humanities|generated,train
20200280003,train,12-13|Arts & Humanities|generated,train
30300070040,train,12-13|STEM|generated,train
30100670044,train,15+|Social Sciences|generated,train
20101360019,train,15+|Social Sciences|generated,train
20100660016,train,14-15|Arts & Humanities|generated,train
21300010015,dev,15+|Arts & Humanities|generated,dev
10101970048,train,14-15|Arts & Humanities|generated,train
20101550004,train,14-15|STEM|generated,train
31200010034,train,14-15|Arts & Humanities|generated,train
20500710001,dev,15+|Arts & Humanities|generated,train
20300580031,train,15+|Social Sciences|generated,train
20200970002,train,12-13|Arts & Humanities|generated,train
30100700008,train,12-13|Arts & Humanities|generated,train
10400470060,train,12-13|Social Sciences|generated,dev
30200480006,train,14-15|Social Sciences|generated,train
20300280005,train,13-14|Arts & Humanities|generated,train
30200390011,train,15+|Social Sciences|generated,dev
20100300020,train,12-13|Social Sciences|generated,train
20400240072,train,14-15|Social Sciences|generated,dev
10300610006,train,14-15|Arts & Humanities|generated,train
30100590007,test,14-15|Social Sciences|generated,train
30300420025,train,12-13|Arts & Humanities|generated,train
31200010023,train,14-15|Arts & Humanities|generated,train
30500060068,train,13-14|Arts & Humanities|generated,train
20400100023,train,14-15|Social Sciences|generated,train
30100020012,train,14-15|Social Sciences|generated,dev
20200570018,train,14-15|Social Sciences|generated,train
30400010107,test,14-15|Social Sciences|generated,train
30300230013,train,15+|Social Sciences|generated,train
20400470066,test,12-13|Social Sciences|generated,train
31100200001,train,13-14|Arts & Humanities|generated,train
30100660049,train,12-13|Social Sciences|generated,train
20300320049,train,12-13|Arts & Humanities|generated,train
20101420018,train,14-15|Arts & Humanities|generated,train
20700070006,train,14-15|Arts & Humanities|generated,dev
30100210011,train,14-15|STEM|generated,train
20100130047,train,14-15|Social Sciences|generated,dev
10500260050,dev,12-13|Arts & Humanities|generated,train
10101010011,train,12-13|Arts & Humanities|generated,train
10500570030,train,12-13|Arts & Humanities|generated,train
20101010035,train,14-15|Arts & Humanities|generated,train
20700700003,test,12-13|Arts & Humanities|generated,train
10500030058,train,13-14|Arts & Humanities|generated,train
30100660003,train,15+|Social Sciences|generated,train
30101610002,train,14-15|STEM|generated,train
30400090041,test,14-15|Social Sciences|generated,train
20400480071,train,14-15|Social Sciences|generated,dev
20400040100,test,12-13|Arts & Humanities|generated,train
30100700007,train,13-14|Arts & Humanities|generated,train
10200930018,train,14-15|Social Sciences|generated,train
20500700012,test,12-13|Arts & Humanities|generated,train
20100390019,train,14-15|Social Sciences|generated,train
10101700032,train,12-13|Arts & Humanities|generated,train
20300280013,train,13-14|Arts & Humanities|generated,train
30100890024,test,14-15|Arts & Humanities|generated,train
30101570013,dev,12-13|Arts & Humanities|generated,train
30101610038,dev,14-15|STEM|generated,train
10200740012,train,13-14|STEM|generated,train
10101130015,train,14-15|Arts & Humanities|generated,train
20400030028,train,12-13|Arts & Humanities|generated,train
10101210036,train,12-13|Arts & Humanities|generated,train
20101000015,dev,14-15|STEM|generated,train
20300570009,test,12-13|Arts & Humanities|generated,train
10100720016,train,12-13|Arts & Humanities|generated,train
20101510009,test,12-13|Social Sciences|generated,train
30200560019,train,14-15|Social Sciences|generated,train
20700680004,train,12-13|Arts & Humanities|generated,train
20200930004,train,14-15|Arts & Humanities|generated,train
30500180042,train,12-13|Arts & Humanities|generated,dev
20700410007,train,14-15|Arts & Humanities|generated,train
10200390014,train,14-15|Arts & Humanities|generated,train
20800040068,test,12-13|Arts & Humanities|generated,train
10300170010,train,12-13|Arts & Humanities|generated,train
20400440034,train,13-14|Arts & Humanities|generated,train
30101170037,test,14-15|Social Sciences|generated,train
20700470006,train,12-13|Arts & Humanities|generated,train
30200410005,train,12-13|Social Sciences|generated,train
20500800018,train,14-15|Arts & Humanities|generated,train
30101440010,dev,12-13|Social Sciences|generated,train
30200430013,train,12-13|Social Sciences|generated,train
20400470108,train,12-13|Social Sciences|generated,train
30300540057,train,14-15|Arts & Humanities|generated,train
20100280015,train,14-15|Social Sciences|generated,train
20200490017,train,12-13|Arts & Humanities|generated,train
20100310028,dev,13-14|Arts & Humanities|generated,train
10500590021,train,13-14|Arts & Humanities|generated,train
30200410006,train,12-13|Social Sciences|generated,train
20200070016,train,14-15|Social Sciences|generated,dev
10102700023,test,14-15|Arts & Humanities|generated,train
20300270028,train,14-15|Social Sciences|generated,train
20201340011,train,12-13|STEM|generated,train
20400350008,train,14-15|Social Sciences|generated,train
30101570020,train,13-14|Arts & Humanities|generated,train
10300150055,train,12-13|Arts & Humanities|generated,train
30101070004,test,12-13|Social Sciences|generated,train
10100820060,train,14-15|Arts & Humanities|generated,train
20400410076,train,12-13|Arts & Humanities|generated,train
20101580050,train,12-13|Social Sciences|generated,train
10500280008,dev,12-13|Arts & Humanities|generated,train
30300560021,train,12-13|Arts & Humanities|generated,train
10100440009,train,14-15|Arts & Humanities|generated,train
20101080030,dev,13-14|Social Sciences|generated,train
30101450013,train,14-15|Arts & Humanities|generated,train
10200290002,train,12-13|Arts & Humanities|generated,train
20100650006,train,14-15|Social Sciences|generated,train
20100420002,train,12-13|Arts & Humanities|generated,train
10200720002,test,14-15|STEM|generated,train
10101410021,test,14-15|Arts & Humanities|generated,train
10500360047,dev,13-14|Arts & Humanities|generated,train
10200540015,test,12-13|Arts & Humanities|generated,train
30100590013,dev,13-14|Social Sciences|generated,train
30100720003,train,14-15|Arts & Humanities|generated,train
10500010028,train,13-14|Arts & Humanities|generated,dev
20300270026,train,13-14|Social Sciences|generated,train
10500050043,train,12-13|Arts & Humanities|generated,train
10100820113,train,12-13|Arts & Humanities|generated,train
31100090028,train,12-13|Arts & Humanities|generated,train
20400420106,train,14-15|Arts & Humanities|generated,train
20300340013,train,14-15|Social Sciences|generated,train
20500750006,dev,12-13|Arts & Humanities|generated,train
30101470020,train,13-14|STEM|generated,train
10200280005,train,14-15|Arts & Humanities|generated,train
10300190076,train,13-14|Arts & Humanities|generated,train
30100700018,train,14-15|Arts & Humanities|generated,train
20300570004,train,14-15|Arts & Humanities|generated,train
20100100047,train,14-15|Arts & Humanities|generated,dev
30100120035,train,15+|Social Sciences|generated,dev
20101400008,train,15+|Social Sciences|generated,train
10300100047,train,13-14|Arts & Humanities|generated,train
20101370023,dev,14-15|Social Sciences|generated,train
30300570026,train,12-13|Social Sciences|generated,train
20200610001,train,14-15|Social Sciences|generated,train
20200040004,dev,12-13|Arts & Humanities|generated,dev
10200570001,train,14-15|Arts & Humanities|generated,train
30101330002,train,12-13|Social Sciences|generated,train
10300120040,test,12-13|Arts & Humanities|generated,train
20100940016,train,12-13|STEM|generated,train
10101950015,test,12-13|Arts & Humanities|generated,train
20400480007,train,14-15|Social Sciences|generated,dev
30400150088,train,14-15|Social Sciences|generated,train
10100580005,dev,13-14|Arts & Humanities|generated,train
30100610023,train,15+|Arts & Humanities|generated,train
20101570015,train,15+|Social Sciences|generated,train
30101180032,train,13-14|Social Sciences|generated,train
30400020021,train,14-15|Social Sciences|generated,train
20600100013,train,12-13|Arts & Humanities|generated,dev
30200880007,test,14-15|Social Sciences|generated,train
10102820004,train,12-13|Arts & Humanities|generated,train
20101640017,train,12-13|Social Sciences|generated,train
30400120008,dev,12-13|Social Sciences|generated,train
20201220011,train,14-15|STEM|generated,train
10101170015,train,12-13|Arts & Humanities|generated,train
30200510005,train,14-15|Social Sciences|generated,train
30100600045,train,13-14|Social Sciences|generated,train
20200430016,dev,12-13|Arts & Humanities|generated,train
20900110005,train,13-14|Arts & Humanities|generated,train
20700140007,train,14-15|Arts & Humanities|generated,dev
20100210027,train,14-15|Social Sciences|generated,train
10101160107,train,12-13|Arts & Humanities|generated,train
30101360007,dev,13-14|Arts & Humanities|generated,train
30300110003,train,14-15|STEM|generated,train
30101580012,train,14-15|STEM|generated,train
10101220006,train,12-13|Arts & Humanities|generated,train
10300540032,test,13-14|Arts & Humanities|generated,train
30100820004,train,13-14|Social Sciences|generated,train
10600040007,dev,12-13|Arts & Humanities|generated,train
10300450038,dev,12-13|Arts & Humanities|generated,train
30400040088,train,12-13|Social Sciences|generated,train
10101390033,train,12-13|Arts & Humanities|generated,train
20100680032,train,14-15|STEM|generated,train
30100010032,dev,12-13|Arts & Humanities|generated,dev
20300320027,train,13-14|Arts & Humanities|generated,train
30500050075,test,13-14|Arts & Humanities|generated,train
20500060001,train,14-15|Arts & Humanities|generated,dev
20300510005,train,13-14|Arts & Humanities|generated,train
10500060041,train,13-14|Arts & Humanities|generated,train
10100100008,train,12-13|Arts & Humanities|generated,dev
20201400015,train,12-13|STEM|generated,train
31100030012,train,14-15|Arts & Humanities|generated,dev
30101560005,train,12-13|Arts & Humanities|generated,train
20300540114,train,12-13|Arts & Humanities|generated,train
20300210016,train,14-15|Arts & Humanities|generated,train
10500050045,train,12-13|Arts & Humanities|generated,train
10102600014,train,12-13|Arts & Humanities|generated,train
10102160030,train,13-14|Arts & Humanities|generated,train
20100120035,train,12-13|Social Sciences|generated,dev
20300490008,train,15+|Arts & Humanities|generated,train
20300380020,train,14-15|Arts & Humanities|generated,train
10200340018,train,14-15|Arts & Humanities|generated,train
20600290010,dev,14-15|STEM|generated,train
30101500041,train,12-13|Social Sciences|generated,train
10101560004,train,14-15|Arts & Humanities|generated,train
10500280024,train,13-14|Arts & Humanities|generated,train
10102700031,train,14-15|Arts & Humanities|generated,train
20300270024,train,14-15|Social Sciences|generated,train
30400050004,train,12-13|Social Sciences|generated,train
20101130032,test,12-13|STEM|generated,train
10300510003,dev,12-13|Arts & Humanities|generated,train
10100920017,train,12-13|Arts & Humanities|generated,train
30100040028,train,14-15|STEM|generated,dev
20101470004,test,13-14|Social Sciences|generated,train
30101170024,dev,14-15|Social Sciences|generated,train
20700670002,test,12-13|Arts & Humanities|generated,train
10500380021,train,14-15|Arts & Humanities|generated,train
10300210032,train,14-15|Arts & Humanities|generated,train
20201280017,train,14-15|STEM|generated,train
10500200028,train,13-14|Arts & Humanities|generated,train
10101180076,train,12-13|Arts & Humanities|generated,train
20100430035,train,14-15|Arts & Humanities|generated,train
30300070038,train,14-15|STEM|generated,train
10101990027,train,14-15|Arts & Humanities|generated,train
20400040004,test,12-13|Arts & Humanities|generated,train
30300560023,train,12-13|Arts & Humanities|generated,train
20100470002,train,14-15|Arts & Humanities|generated,train
10500200040,train,12-13|Arts & Humanities|generated,train
31100050015,train,13-14|Arts & Humanities|generated,train
20100830011,train,14-15|Social Sciences|generated,train
10500500045,train,12-13|Arts & Humanities|generated,train
30200690016,test,14-15|Social Sciences|generated,train
20101580043,train,12-13|Social Sciences|generated,train
10400440116,train,14-15|Social Sciences|generated,train
10500360012,train,13-14|Arts & Humanities|generated,train
30101370009,dev,14-15|Social Sciences|generated,train
10101220033,train,12-13|Arts & Humanities|generated,train
10300310010,train,13-14|Arts & Humanities|generated,train
20101710001,train,14-15|Arts & Humanities|generated,train
20200860018,train,14-15|Arts & Humanities|generated,train
20600340005,train,13-14|Social Sciences|generated,train
30200580019,train,15+|Social Sciences|generated,train
10101510073,train,12-13|Arts & Humanities|generated,train
10101610068,train,12-13|Arts & Humanities|generated,train
30300310036,train,12-13|STEM|generated,train
20300010012,train,14-15|Social Sciences|generated,dev
10102850105,train,14-15|Arts & Humanities|generated,train
30200440010,train,15+|Social Sciences|generated,train
30500090049,train,14-15|Social Sciences|generated,train
21000040039,test,13-14|Arts & Humanities|generated,train
20500150014,train,12-13|Arts & Humanities|generated,train
10300460029,train,12-13|Arts & Humanities|generated,train
10101290038,train,12-13|Arts & Humanities|generated,train
30400150049,train,14-15|Social Sciences|generated,train
20101120014,train,14-15|Social Sciences|generated,train
20200490013,train,12-13|Arts & Humanities|generated,train
20500820008,train,14-15|Arts & Humanities|generated,train
30400060079,train,14-15|Social Sciences|generated,train
20300600023,train,12-13|Arts & Humanities|generated,train
10500460017,train,13-14|Arts & Humanities|generated,train
30101220026,train,14-15|Social Sciences|generated,train
10100170019,train,14-15|Arts & Humanities|generated,dev
30200120003,dev,14-15|STEM|generated,train
20100210026,train,12-13|Social Sciences|generated,train
30400050045,train,14-15|Social Sciences|generated,train
10400240019,train,14-15|Arts & Humanities|generated,train
10500110025,train,12-13|Arts & Humanities|generated,train
10300460065,train,12-13|Arts & Humanities|generated,train
30101310030,train,14-15|STEM|generated,train
30101440033,train,14-15|Social Sciences|generated,train
10100930025,test,12-13|Arts & Humanities|generated,train
20500530012,train,14-15|Arts & Humanities|generated,train
10101750018,test,14-15|Arts & Humanities|generated,train
10400400148,train,12-13|Arts & Humanities|generated,train
20500440017,train,14-15|Arts & Humanities|generated,train
20300460027,train,15+|Social Sciences|generated,train
20600700007,train,14-15|Social Sciences|generated,train
20201400019,train,14-15|STEM|generated,train
20600090022,train,14-15|Arts & Humanities|generated,dev
20101280019,train,14-15|STEM|generated,train
30101380025,dev,12-13|Social Sciences|generated,train
20500280005,train,13-14|Arts & Humanities|generated,train
20100820019,train,12-13|Social Sciences|generated,train
20101360026,test,13-14|Social Sciences|generated,train
10100380053,train,12-13|Arts & Humanities|generated,train
30100940007,train,12-13|Social Sciences|generated,train
30101310012,train,14-15|STEM|generated,train
10101000021,train,14-15|Arts & Humanities|generated,train
30200450002,train,14-15|Social Sciences|generated,train
30200620012,dev,12-13|Social Sciences|generated,train
20300530025,train,14-15|Social Sciences|generated,train
10400440052,test,14-15|Social Sciences|generated,train
20100100030,dev,15+|Arts & Humanities|generated,dev
20400130226,train,14-15|Arts & Humanities|generated,train
10100880026,train,12-13|Arts & Humanities|generated,train
30500210074,train,12-13|Social Sciences|generated,train
30400140028,train,14-15|Social Sciences|generated,train
20900050016,train,12-13|Arts & Humanities|generated,train
30300560014,train,12-13|Arts & Humanities|generated,train
30101590012,train,13-14|Social Sciences|generated,train
20101180009,dev,14-15|Arts & Humanities|generated,train
10100160021,train,12-13|Arts & Humanities|generated,dev
30101190022,train,14-15|Social Sciences|generated,train
30400110002,train,14-15|Social Sciences|generated,train
30200200015,train,14-15|STEM|generated,train
10101970086,train,14-15|Arts & Humanities|generated,train
10100910021,train,14-15|Arts & Humanities|generated,train
20101250040,train,15+|Social Sciences|generated,train
20700820014,test,14-15|Arts & Humanities|generated,train
20200340009,train,12-13|Arts & Humanities|generated,train
20200350006,train,12-13|Arts & Humanities|generated,train
31100020046,train,13-14|Arts & Humanities|generated,dev
30300080037,train,14-15|STEM|generated,dev
30101570018,train,15+|Arts & Humanities|generated,train
20300380008,train,12-13|Arts & Humanities|generated,train
30200180009,train,12-13|STEM|generated,train
20400500053,train,15+|Arts & Humanities|generated,train
20201460014,train,14-15|STEM|generated,train
30101580016,dev,12-13|STEM|generated,train
10200970014,train,12-13|Social Sciences|generated,train
10100610015,train,12-13|Arts & Humanities|generated,train
30300010030,train,12-13|Arts & Humanities|generated,dev
10101240037,train,13-14|Arts & Humanities|generated,train
20400090097,train,14-15|Social Sciences|generated,train
20300400044,train,14-15|Arts & Humanities|generated,train
20101580030,train,14-15|Social Sciences|generated,train
30300380033,train,12-13|Social Sciences|generated,train
10300010024,dev,14-15|Arts & Humanities|generated,dev
10500590040,test,13-14|Arts & Humanities|generated,train
30100760024,train,12-13|Social Sciences|generated,train
10300280003,train,12-13|Arts & Humanities|generated,train
20600450002,train,14-15|STEM|generated,train
10200800012,train,12-13|STEM|generated,train
10300190023,train,12-13|Arts & Humanities|generated,train
30300570028,dev,12-13|Social Sciences|generated,train
10102130011,train,12-13|Arts & Humanities|generated,train
30200760018,train,12-13|Arts & Humanities|generated,train
30100670018,train,14-15|Social Sciences|generated,train
20201380005,train,14-15|STEM|generated,train
10101200003,train,12-13|Arts & Humanities|generated,train
30300030034,train,12-13|Arts & Humanities|generated,dev
20201210015,dev,13-14|STEM|generated,train
30101090009,train,14-15|Social Sciences|generated,train
20900040015,train,12-13|Arts & Humanities|generated,train
10300450048,train,12-13|Arts & Humanities|generated,train
30100900019,train,14-15|STEM|generated,train
20100100020,train,14-15|Arts & Humanities|generated,dev
30300590044,train,12-13|Arts & Humanities|generated,train
30100980018,train,13-14|Social Sciences|generated,train
10400220052,train,14-15|Social Sciences|generated,dev
20400330057,train,15+|Social Sciences|generated,train
20300250006,train,12-13|Social Sciences|generated,train
30101010009,train,14-15|Arts & Humanities|generated,train
10101970028,dev,12-13|Arts & Humanities|generated,train
10500340015,train,12-13|Arts & Humanities|generated,train
30200740010,train,14-15|Arts & Humanities|generated,train
10500400048,train,12-13|Arts & Humanities|generated,train
20100920017,train,12-13|Social Sciences|generated,train
20200360003,train,15+|Arts & Humanities|generated,train
30101240006,train,14-15|Arts & Humanities|generated,train
30200530010,test,14-15|Social Sciences|generated,train
10500290022,train,13-14|Arts & Humanities|generated,train
30300440035,train,12-13|Arts & Humanities|generated,train
30101330043,train,12-13|Social Sciences|generated,train
20600620008,train,14-15|Social Sciences|generated,train
20100630001,dev,12-13|Social Sciences|generated,train
10500590023,train,12-13|Arts & Humanities|generated,train
30200660010,train,14-15|Social Sciences|generated,train
20100740024,train,12-13|STEM|generated,train
10101530018,dev,12-13|Arts & Humanities|generated,train
20300400002,train,14-15|Arts & Humanities|generated,train
30101380030,train,14-15|Social Sciences|generated,train
10300470003,train,12-13|Arts & Humanities|generated,train
20200660001,test,15+|Social Sciences|generated,train
20100650013,train,14-15|Social Sciences|generated,train
20200420020,train,12-13|Arts & Humanities|generated,train
20300050033,train,12-13|Arts & Humanities|generated,dev
20300320048,train,12-13|Arts & Humanities|generated,train
30100060003,train,13-14|Arts & Humanities|generated,train
10500280028,test,12-13|Arts & Humanities|generated,train
20101310018,train,14-15|Social Sciences|generated,train
10500260052,train,13-14|Arts & Humanities|generated,train
30100960023,train,14-15|Social Sciences|generated,train
30200450001,train,13-14|Social Sciences|generated,train
20101520030,train,14-15|Social Sciences|generated,train
30300130023,train,13-14|Social Sciences|generated,train
10101560007,train,13-14|Arts & Humanities|generated,train
10300110018,train,14-15|Arts & Humanities|generated,train
30100490015,test,12-13|STEM|generated,train
10102080002,train,12-13|Arts & Humanities|generated,train
20100040040,train,14-15|STEM|generated,dev
31100060024,train,13-14|Arts & Humanities|generated,train
30101540053,train,14-15|Social Sciences|generated,train
20300540051,train,12-13|Arts & Humanities|generated,train
30300470036,train,12-13|Arts & Humanities|generated,train
30100410006,test,13-14|Social Sciences|generated,train
30101080021,train,15+|Arts & Humanities|generated,train
20201200017,train,12-13|STEM|generated,train
30101470030,train,14-15|STEM|generated,train
20100850031,train,14-15|Social Sciences|generated,train
10500010005,train,12-13|Arts & Humanities|generated,dev
20200040008,train,12-13|Arts & Humanities|generated,dev
20600430026,train,14-15|Arts & Humanities|generated,train
30300040023,test,12-13|STEM|generated,train
20100890025,train,12-13|Arts & Humanities|generated,train
20200510017,train,14-15|Social Sciences|generated,train
10100680015,train,12-13|Arts & Humanities|generated,train
20300210032,train,14-15|Arts & Humanities|generated,train
10500330048,train,12-13|Arts & Humanities|generated,train
30101380014,train,14-15|Social Sciences|generated,train
30300020036,train,13-14|Arts & Humanities|generated,train
20500530015,train,14-15|Arts & Humanities|generated,train
10101410035,train,13-14|Arts & Humanities|generated,train
10300190018,test,13-14|Arts & Humanities|generated,train
20101710006,train,12-13|Arts & Humanities|generated,train
20500010007,train,14-15|Arts & Humanities|generated,dev
20700400010,train,12-13|Arts & Humanities|generated,train
20101000020,train,14-15|STEM|generated,train
31100120037,train,14-15|Arts & Humanities|generated,train
20500510002,train,14-15|Arts & Humanities|generated,train
30500110071,train,12-13|Social Sciences|generated,dev
20800200084,train,12-13|Arts & Humanities|generated,train
20200830001,train,12-13|Arts & Humanities|generated,train
10102210009,train,14-15|Arts & Humanities|generated,train
10500370012,train,13-14|Arts & Humanities|generated,train
30500270046,train,14-15|Social Sciences|generated,train
10100470010,train,14-15|Arts & Humanities|generated,train
20600530005,train,14-15|Social Sciences|generated,train
20101060021,train,14-15|STEM|generated,train
10500210033,train,14-15|Arts & Humanities|generated,train
30100590022,train,14-15|Social Sciences|generated,train
20100500042,train,14-15|Arts & Humanities|generated,train
20800090042,train,12-13|Arts & Humanities|generated,train
20101230002,train,14-15|Social Sciences|generated,train
10101150114,train,12-13|Arts & Humanities|generated,train
30300460026,train,14-15|Arts & Humanities|generated,train
10400400169,dev,12-13|Arts & Humanities|generated,train
10101800005,train,14-15|Arts & Humanities|generated,train
20101470030,train,15+|Social Sciences|generated,train
30100520017,train,12-13|Social Sciences|generated,train
30100170008,train,12-13|Arts & Humanities|generated,train
30100520044,train,13-14|Social Sciences|generated,train
30300300032,train,15+|Arts & Humanities|generated,train
30200010003,train,12-13|Arts & Humanities|generated,train
30101180014,train,15+|Social Sciences|generated,train
30100190013,dev,14-15|Arts & Humanities|generated,dev
20200290004,train,12-13|Arts & Humanities|generated,train
20100810010,train,12-13|Social Sciences|generated,train
10101940003,train,13-14|Arts & Humanities|generated,train
20100030006,train,12-13|Arts & Humanities|generated,dev
30100120020,train,14-15|Social Sciences|generated,dev
20101140012,train,12-13|Social Sciences|generated,train
20500830019,train,14-15|Arts & Humanities|generated,train
10102810002,train,12-13|Arts & Humanities|generated,train
30400070068,train,14-15|Social Sciences|generated,train
30300660019,train,14-15|Arts & Humanities|generated,train
10300590041,train,14-15|Arts & Humanities|generated,train
30101310008,train,14-15|STEM|generated,train
20101420015,train,14-15|Arts & Humanities|generated,train
30400120030,train,15+|Social Sciences|generated,train
30300130016,train,12-13|Social Sciences|generated,train
10101360015,train,12-13|Arts & Humanities|generated,train
30100980027,train,13-14|Social Sciences|generated,train
30101250029,test,14-15|Arts & Humanities|generated,train
30300060025,train,12-13|Arts & Humanities|generated,dev
20101440018,train,12-13|STEM|generated,train
10101540007,train,12-13|Arts & Humanities|generated,train
20300010015,dev,12-13|Social Sciences|generated,dev
30100190030,dev,13-14|Arts & Humanities|generated,dev
20300470044,train,12-13|Arts & Humanities|generated,train
20300410078,train,15+|Arts & Humanities|generated,train
10102210010,train,13-14|Arts & Humanities|generated,train
30400050066,train,14-15|Social Sciences|generated,train
30200580014,train,14-15|Social Sciences|generated,train
30100210023,train,12-13|STEM|generated,train
10101530030,train,12-13|Arts & Humanities|generated,train
20100040039,dev,14-15|STEM|generated,dev
10100410026,train,12-13|Arts & Humanities|generated,train
30100440055,train,14-15|Social Sciences|generated,train
30500160074,dev,12-13|Arts & Humanities|generated,train
30300020014,dev,12-13|Arts & Humanities|generated,train
10500610005,train,12-13|Arts & Humanities|generated,train
20101440004,train,13-14|STEM|generated,train
10500290019,train,13-14|Arts & Humanities|generated,train
20400570075,train,12-13|Social Sciences|generated,train
20300390020,dev,15+|Social Sciences|generated,train
20100870028,test,12-13|STEM|generated,train
31100110040,train,13-14|Arts & Humanities|generated,train
10300140003,train,13-14|Arts & Humanities|generated,train
20100020020,dev,12-13|Social Sciences|generated,dev
30500010028,train,12-13|Arts & Humanities|generated,train
20400060066,train,14-15|Arts & Humanities|generated,train
20100400024,train,15+|Social Sciences|generated,train
30100380013,train,14-15|Arts & Humanities|generated,train
20600090026,train,12-13|Arts & Humanities|generated,dev
30300080024,train,12-13|STEM|generated,dev
30400050012,train,14-15|Social Sciences|generated,train
20400090042,train,14-15|Social Sciences|generated,train
10200120014,train,14-15|STEM|generated,dev
30101080011,test,12-13|Arts & Humanities|generated,train
10101270047,train,14-15|Arts & Humanities|generated,train
30101360098,train,12-13|Arts & Humanities|generated,train
20600650006,train,12-13|Social Sciences|generated,train
30100600046,dev,12-13|Social Sciences|generated,train
20101420012,dev,12-13|Arts & Humanities|generated,train
20100850026,train,14-15|Social Sciences|generated,train
20300460018,train,14-15|Social Sciences|generated,train
30300030044,train,14-15|Arts & Humanities|generated,dev
30100980015,train,15+|Social Sciences|generated,train
30300580026,train,12-13|Arts & Humanities|generated,train
20600320016,test,14-15|STEM|generated,train
20300130013,dev,13-14|Arts & Humanities|generated,train
20100970001,train,13-14|Social Sciences|generated,train
10200570012,train,13-14|Arts & Humanities|generated,train
10101150145,train,13-14|Arts & Humanities|generated,train
20300180033,train,14-15|Arts & Humanities|generated,train
20100820028,train,14-15|Social Sciences|generated,train
30100760019,test,14-15|Social Sciences|generated,train
30300100023,train,14-15|STEM|generated,train
20100600019,train,14-15|Arts & Humanities|generated,train
20700660013,train,14-15|Arts & Humanities|generated,train
30400120063,train,12-13|Social Sciences|generated,train
30300480032,train,13-14|Arts & Humanities|generated,train
20400450037,test,12-13|Social Sciences|generated,train
30500040031,train,15+|Arts & Humanities|generated,train
20300150035,train,14-15|Arts & Humanities|generated,train
30300660025,train,14-15|Arts & Humanities|generated,train
10200830018,train,12-13|Social Sciences|generated,train
20101720016,train,14-15|Social Sciences|generated,train
20201110005,train,14-15|Social Sciences|generated,train
20400030041,train,12-13|Arts & Humanities|generated,train
30100600034,test,13-14|Social Sciences|generated,train
30100860020,train,14-15|STEM|generated,train
20400580099,train,13-14|Social Sciences|generated,train
30300530046,dev,12-13|Arts & Humanities|generated,train
10500130022,train,12-13|Arts & Humanities|generated,train
20100490015,train,14-15|Social Sciences|generated,train
10500140008,train,13-14|Arts & Humanities|generated,train
20300270007,test,15+|Social Sciences|generated,train
20500340018,train,12-13|Arts & Humanities|generated,train
20300580033,train,15+|Social Sciences|generated,train
30101470014,dev,14-15|STEM|generated,train
30100040009,train,12-13|STEM|generated,dev
20101190018,train,14-15|STEM|generated,train
20700660015,test,12-13|Arts & Humanities|generated,train
20500790020,train,14-15|Arts & Humanities|generated,train
10300450026,test,13-14|Arts & Humanities|generated,train
20400170075,train,14-15|Arts & Humanities|generated,train
20300510081,test,13-14|Arts & Humanities|generated,train
20400300060,train,14-15|Arts & Humanities|generated,train
20500750017,train,14-15|Arts & Humanities|generated,train
10500140027,test,13-14|Arts & Humanities|generated,train
20400190011,train,12-13|Arts & Humanities|generated,train
30101330014,train,13-14|Social Sciences|generated,train
10100930046,test,14-15|Arts & Humanities|generated,train
30300450022,train,12-13|STEM|generated,train
20300370015,train,12-13|Arts & Humanities|generated,train
30100830025,train,14-15|Social Sciences|generated,train
30300240017,dev,14-15|Social Sciences|generated,train
30400040087,train,12-13|Social Sciences|generated,train
30300500011,train,12-13|STEM|generated,train
20100730013,train,15+|Social Sciences|generated,train
20100020019,train,12-13|Social Sciences|generated,dev
21000090026,test,14-15|Arts & Humanities|generated,train
20100450009,dev,14-15|Arts & Humanities|generated,train
30300310038,train,14-15|STEM|generated,train
10100460006,train,12-13|Arts & Humanities|generated,train
30300400038,train,12-13|Arts & Humanities|generated,train
20100460020,train,12-13|Social Sciences|generated,train
20100400027,train,14-15|Social Sciences|generated,train
30100820016,train,12-13|Social Sciences|generated,train
20201340013,train,12-13|STEM|generated,train
20100310035,train,12-13|Arts & Humanities|generated,train
20300220008,train,13-14|Arts & Humanities|generated,train
30300090047,train,14-15|STEM|generated,train
30400080051,train,14-15|Social Sciences|generated,train
20400430110,train,12-13|Arts & Humanities|generated,train
10500380022,test,13-14|Arts & Humanities|generated,train
20201140018,train,12-13|Social Sciences|generated,train
20200980017,dev,12-13|Arts & Humanities|generated,train
30101320051,train,14-15|Social Sciences|generated,train
20300270004,train,15+|Social Sciences|generated,train
20100030027,dev,14-15|Arts & Humanities|generated,dev
20201180002,train,14-15|STEM|generated,train
10101510019,train,12-13|Arts & Humanities|generated,train
20100420010,train,14-15|Arts & Humanities|generated,train
20101080027,train,14-15|Social Sciences|generated,train
20500260018,dev,14-15|Arts & Humanities|generated,train
20300270017,train,13-14|Social Sciences|generated,train
20101340015,train,14-15|STEM|generated,train
10300310050,train,12-13|Arts & Humanities|generated,train
20300610009,train,13-14|Arts & Humanities|generated,train
20400370026,train,14-15|Arts & Humanities|generated,train
20700790001,train,14-15|Arts & Humanities|generated,train
20100880026,train,14-15|STEM|generated,train
20101380030,test,14-15|Social Sciences|generated,train
20600510002,train,14-15|Arts & Humanities|generated,dev
20201120020,train,14-15|Social Sciences|generated,train
30101110018,train,14-15|Arts & Humanities|generated,train
30300270035,train,12-13|STEM|generated,train
20101230019,train,12-13|Social Sciences|generated,train
20100480011,train,15+|Social Sciences|generated,train
30200670020,test,14-15|Social Sciences|generated,train
30101100023,dev,14-15|Social Sciences|generated,train
30100620002,test,14-15|Social Sciences|generated,train
10101150133,train,13-14|Arts & Humanities|generated,train
31200010030,train,12-13|Arts & Humanities|generated,train
30400060066,test,12-13|Social Sciences|generated,train
10500140038,dev,13-14|Arts & Humanities|generated,train
10500200012,train,12-13|Arts & Humanities|generated,train
10500330022,train,13-14|Arts & Humanities|generated,train
30200670009,train,12-13|Social Sciences|generated,train
20100610028,train,14-15|Arts & Humanities|generated,train
20400050123,train,12-13|Arts & Humanities|generated,train
10101000016,train,12-13|Arts & Humanities|generated,train
20400110034,test,14-15|Social Sciences|generated,train
10102090002,train,14-15|Arts & Humanities|generated,train
10100500007,train,12-13|Arts & Humanities|generated,train
10101440022,train,14-15|Arts & Humanities|generated,train
20101310026,train,12-13|Social Sciences|generated,train
10101470049,dev,12-13|Arts & Humanities|generated,train
20200290005,test,12-13|Arts & Humanities|generated,train
30101500020,test,14-15|Social Sciences|generated,train
20101360016,train,15+|Social Sciences|generated,train
10100810090,train,12-13|Arts & Humanities|generated,train
10101220058,train,12-13|Arts & Humanities|generated,train
30300440007,train,14-15|Arts & Humanities|generated,train
20400570088,train,12-13|Social Sciences|generated,train
10300500028,train,13-14|Arts & Humanities|generated,train
30101010016,train,14-15|Arts & Humanities|generated,train
20300330011,train,14-15|Arts & Humanities|generated,train
10500030052,train,12-13|Arts & Humanities|generated,train
10500510022,dev,12-13|Arts & Humanities|generated,train
30200500004,train,12-13|Social Sciences|generated,train
20100460001,train,15+|Social Sciences|generated,train
20500220011,train,14-15|Arts & Humanities|generated,train
20300200055,train,12-13|Arts & Humanities|generated,train
20300290026,dev,14-15|Social Sciences|generated,train
10101500037,train,12-13|Arts & Humanities|generated,train
20101590022,train,12-13|Social Sciences|generated,train
20600530006,train,12-13|Social Sciences|generated,train
10102650007,train,12-13|Arts & Humanities|generated,train
10101210037,train,12-13|Arts & Humanities|generated,train
30101320017,train,14-15|Social Sciences|generated,train
10101610013,train,12-13|Arts & Humanities|generated,train
20300580020,train,14-15|Social Sciences|generated,train
10400230076,dev,12-13|Social Sciences|generated,train
20300580058,dev,14-15|Social Sciences|generated,train
30100770026,train,12-13|Social Sciences|generated,train
30200330010,train,12-13|STEM|generated,dev
20500710020,test,14-15|Arts & Humanities|generated,train
20100470005,test,14-15|Arts & Humanities|generated,train
10101860038,train,14-15|Arts & Humanities|generated,train
20300110009,train,13-14|Arts & Humanities|generated,train
20101400030,dev,15+|Social Sciences|generated,train
10200770004,train,14-15|STEM|generated,train
20100170021,dev,12-13|Social Sciences|generated,train
10300310024,train,13-14|Arts & Humanities|generated,train
30100010010,dev,14-15|Arts & Humanities|generated,dev
20200680005,train,14-15|Social Sciences|generated,train
20101580042,train,12-13|Social Sciences|generated,train
20500440010,train,15+|Arts & Humanities|generated,train
30300470033,train,13-14|Arts & Humanities|generated,train
20500530019,dev,14-15|Arts & Humanities|generated,train
30400150068,train,14-15|Social Sciences|generated,train
30100740018,train,14-15|Social Sciences|generated,train
30500020018,train,14-15|Arts & Humanities|generated,train
30400120022,train,12-13|Social Sciences|generated,train
10500150009,dev,12-13|Arts & Humanities|generated,train
10500550026,train,13-14|Arts & Humanities|generated,train
10500580010,train,12-13|Arts & Humanities|generated,train
10101180089,train,12-13|Arts & Humanities|generated,train
30100670045,dev,14-15|Social Sciences|generated,train
20400190022,train,12-13|Arts & Humanities|generated,train
20200860014,train,12-13|Arts & Humanities|generated,train
20101340027,train,14-15|STEM|generated,train
10101790017,train,13-14|Arts & Humanities|generated,train
20500760019,test,13-14|Arts & Humanities|generated,train
10100220012,train,12-13|Arts & Humanities|generated,dev
30300490043,test,13-14|Social Sciences|generated,train
20100820014,test,14-15|Social Sciences|generated,train
30100180015,train,13-14|Arts & Humanities|generated,dev
30101010024,train,13-14|Arts & Humanities|generated,train
20300030008,dev,13-14|Arts & Humanities|generated,dev
30100730002,train,14-15|Social Sciences|generated,train
30300670044,train,12-13|Arts & Humanities|generated,train
20200530003,train,14-15|Social Sciences|generated,train
30100510014,dev,13-14|Social Sciences|generated,train
10600240004,train,12-13|Arts & Humanities|generated,train
20700050003,train,12-13|Arts & Humanities|generated,dev
20300150024,train,12-13|Arts & Humanities|generated,train
10500540026,train,14-15|Arts & Humanities|generated,train
20500250006,train,15+|Arts & Humanities|generated,train
30300370022,train,14-15|Arts & Humanities|generated,train
30400020032,train,15+|Social Sciences|generated,train
30400050024,train,14-15|Social Sciences|generated,train
20100120017,train,14-15|Social Sciences|generated,dev
20900040040,test,12-13|Arts & Humanities|generated,train
30500020023,train,15+|Arts & Humanities|generated,train
30400060038,train,15+|Social Sciences|generated,train
20100710026,train,12-13|Social Sciences|generated,train
30200850006,train,14-15|Social Sciences|generated,train
20100810001,train,12-13|Social Sciences|generated,train
30101580003,train,14-15|STEM|generated,train
10102200003,train,12-13|Arts & Humanities|generated,train
10101910001,dev,12-13|Arts & Humanities|generated,train
10102770004,train,14-15|Arts & Humanities|generated,train
20300500012,train,12-13|Arts & Humanities|generated,train
20100950006,train,14-15|Social Sciences|generated,train
10500110032,train,14-15|Arts & Humanities|generated,train
10102650078,train,12-13|Arts & Humanities|generated,train
30100610039,train,14-15|Arts & Humanities|generated,train
10100650005,test,13-14|Arts & Humanities|generated,train
20400470059,dev,14-15|Social Sciences|generated,train
30101320007,train,12-13|Social Sciences|generated,train
30101410047,dev,12-13|Arts & Humanities|generated,train
10300540035,test,12-13|Arts & Humanities|generated,train
10300210025,train,14-15|Arts & Humanities|generated,train
10500230039,train,12-13|Arts & Humanities|generated,train
20101010006,train,14-15|Arts & Humanities|generated,train
30101340038,test,12-13|Social Sciences|generated,train
30101150029,train,14-15|Arts & Humanities|generated,train
30101220029,train,14-15|Social Sciences|generated,train
10500030055,test,12-13|Arts & Humanities|generated,train
20500480005,dev,12-13|Arts & Humanities|generated,train
20300320021,train,12-13|Arts & Humanities|generated,train
30500120038,train,15+|Arts & Humanities|generated,train
20201180007,dev,14-15|STEM|generated,train
30200540014,train,12-13|Social Sciences|generated,train
10300110015,train,13-14|Arts & Humanities|generated,train
30101370061,train,15+|Social Sciences|generated,train
20900140032,train,12-13|Arts & Humanities|generated,train
20300010025,train,12-13|Social Sciences|generated,dev
30400080035,train,15+|Social Sciences|generated,train
20600430020,train,15+|Arts & Humanities|generated,train
30500150086,train,14-15|Arts & Humanities|generated,train
10300390025,train,13-14|Arts & Humanities|generated,train
10102700039,dev,12-13|Arts & Humanities|generated,train
31100120012,dev,12-13|Arts & Humanities|generated,train
10300570043,test,12-13|Arts & Humanities|generated,train
20100430010,train,13-14|Arts & Humanities|generated,train
10102640025,train,13-14|Arts & Humanities|generated,train
20800150020,train,12-13|Arts & Humanities|generated,train
20400130179,test,12-13|Arts & Humanities|generated,train
20200750006,test,14-15|Arts & Humanities|generated,train
10300100028,train,12-13|Arts & Humanities|generated,train
20101210001,dev,12-13|Social Sciences|generated,train
10102650079,train,14-15|Arts & Humanities|generated,train
31100030019,train,12-13|Arts & Humanities|generated,dev
10300540028,test,13-14|Arts & Humanities|generated,train
20101250026,train,12-13|Social Sciences|generated,train
10101870005,train,12-13|Arts & Humanities|generated,train
20300010021,train,14-15|Social Sciences|generated,dev
30300270049,train,12-13|STEM|generated,train
30100700022,train,14-15|Arts & Humanities|generated,train
20400090073,train,12-13|Social Sciences|generated,train
20400440118,train,12-13|Arts & Humanities|generated,train
10500570006,train,13-14|Arts & Humanities|generated,train
30101090005,train,13-14|Social Sciences|generated,train
10102770021,train,15+|Arts & Humanities|generated,train
20900070041,train,12-13|Arts & Humanities|generated,train
20300510020,train,12-13|Arts & Humanities|generated,train
20300390007,train,12-13|Social Sciences|generated,train
20101050026,train,14-15|STEM|generated,train
10101240043,train,12-13|Arts & Humanities|generated,train
10101120015,train,13-14|Arts & Humanities|generated,train
30200430006,train,12-13|Social Sciences|generated,train
10300220009,dev,12-13|Arts & Humanities|generated,train
10100810073,train,12-13|Arts & Humanities|generated,train
30300070010,train,12-13|STEM|generated,train
20400090051,train,12-13|Social Sciences|generated,train
30101090012,train,13-14|Social Sciences|generated,train
20101450025,train,12-13|Social Sciences|generated,train
20400160044,dev,12-13|Arts & Humanities|generated,dev
10102690029,train,12-13|Arts & Humanities|generated,train
20101390020,train,14-15|Social Sciences|generated,train
10102160016,train,14-15|Arts & Humanities|generated,train
20101310006,train,14-15|Social Sciences|generated,train
10102200002,train,12-13|Arts & Humanities|generated,train
10100820053,train,13-14|Arts & Humanities|generated,train
30101620029,train,12-13|Arts & Humanities|generated,train
30300400044,train,12-13|Arts & Humanities|generated,train
30100020009,train,14-15|Social Sciences|generated,dev
10101520112,train,12-13|Arts & Humanities|generated,train
10101970082,train,14-15|Arts & Humanities|generated,train
10200580014,train,12-13|Arts & Humanities|generated,train
20500700020,train,14-15|Arts & Humanities|generated,train
10500430039,dev,13-14|Arts & Humanities|generated,train
10200110011,train,12-13|STEM|generated,dev
10300580021,train,13-14|Arts & Humanities|generated,train
10400040111,train,12-13|Arts & Humanities|generated,dev
30101420015,train,12-13|Arts & Humanities|generated,train
10100600002,train,13-14|Arts & Humanities|generated,train
20201390002,dev,14-15|STEM|generated,train
20400330022,train,14-15|Social Sciences|generated,train
20100940005,train,14-15|STEM|generated,train
10200660010,train,13-14|STEM|generated,train
10500610017,train,12-13|Arts & Humanities|generated,train
20101090027,train,12-13|Arts & Humanities|generated,train
20101430019,train,14-15|Social Sciences|generated,train
30101490012,train,14-15|Arts & Humanities|generated,train
30200780011,dev,14-15|Arts & Humanities|generated,train
20300160023,train,12-13|Arts & Humanities|generated,train
20101140008,train,12-13|Social Sciences|generated,train
20101000027,train,12-13|STEM|generated,train
20200240013,train,14-15|Arts & Humanities|generated,train
20300220034,train,13-14|Arts & Humanities|generated,train
30100030022,train,14-15|Social Sciences|generated,dev
20101530024,train,14-15|Social Sciences|generated,train
10300260019,train,12-13|Arts & Humanities|generated,train
10200760012,test,15+|STEM|generated,train
30400060021,train,15+|Social Sciences|generated,train
20300190026,train,13-14|Arts & Humanities|generated,train
20400020023,train,13-14|Arts & Humanities|generated,train
30300480017,train,12-13|Arts & Humanities|generated,train
10101920002,train,13-14|Arts & Humanities|generated,train
20100460004,train,14-15|Social Sciences|generated,train
20300140023,train,15+|Arts & Humanities|generated,train
10101150108,train,12-13|Arts & Humanities|generated,train
20200320015,train,12-13|Arts & Humanities|generated,train
20100910005,train,12-13|STEM|generated,train
10100600009,train,13-14|Arts & Humanities|generated,train
20200830020,dev,12-13|Arts & Humanities|generated,train
30400140087,train,12-13|Social Sciences|generated,train
20300140004,train,13-14|Arts & Humanities|generated,train
30200460003,train,14-15|Social Sciences|generated,train
20101320008,train,12-13|Arts & Humanities|generated,train
20400030087,train,14-15|Arts & Humanities|generated,train
10100340032,train,13-14|Arts & Humanities|generated,train
20500870021,train,14-15|Arts & Humanities|generated,train
10100970041,train,14-15|Arts & Humanities|generated,train
30300630047,train,12-13|Arts & Humanities|generated,train
10300380033,test,13-14|Arts & Humanities|generated,train
20100680003,train,13-14|STEM|generated,train
10500300005,train,12-13|Arts & Humanities|generated,train
30101270007,train,13-14|Arts & Humanities|generated,train
20101700015,test,14-15|Arts & Humanities|generated,train
20700470009,test,12-13|Arts & Humanities|generated,train
30300200026,train,12-13|STEM|generated,dev
10300490024,train,12-13|Arts & Humanities|generated,train
20200040010,train,12-13|Arts & Humanities|generated,dev
20500270005,train,14-15|Arts & Humanities|generated,train
20300160025,train,13-14|Arts & Humanities|generated,train
30101570003,test,13-14|Arts & Humanities|generated,train
20101080029,train,14-15|Social Sciences|generated,train
30100690007,train,15+|Arts & Humanities|generated,train
20100280027,train,14-15|Social Sciences|generated,train
20700630008,train,12-13|Arts & Humanities|generated,train
20100340018,train,14-15|STEM|generated,train
30400090057,train,13-14|Social Sciences|generated,train
20700720001,train,12-13|Arts & Humanities|generated,train
20201430012,train,14-15|STEM|generated,train
10300340003,train,12-13|Arts & Humanities|generated,train
20101310013,dev,14-15|Social Sciences|generated,train
30300100008,train,14-15|STEM|generated,train
20200890012,train,12-13|Arts & Humanities|generated,train
30101020003,train,14-15|STEM|generated,train
30100440019,train,13-14|Social Sciences|generated,train
10400440006,train,14-15|Social Sciences|generated,train
20100730012,train,14-15|Social Sciences|generated,train
20101330031,train,12-13|Social Sciences|generated,train
20500490017,train,14-15|Arts & Humanities|generated,train
20101480024,train,14-15|Arts & Humanities|generated,train
30100410028,train,14-15|Social Sciences|generated,train
30101450011,train,14-15|Arts & Humanities|generated,train
30100530024,train,14-15|Social Sciences|generated,train
10200810024,train,12-13|STEM|generated,train
20700800008,test,12-13|Arts & Humanities|generated,train
30300580015,train,14-15|Arts & Humanities|generated,train
20300010004,train,14-15|Social Sciences|generated,dev
10300570011,train,12-13|Arts & Humanities|generated,train
10300570045,train,12-13|Arts & Humanities|generated,train
20300110033,dev,14-15|Arts & Humanities|generated,train
30101640028,train,14-15|Social Sciences|generated,train
10102620013,train,14-15|Arts & Humanities|generated,train
20101500006,dev,12-13|Social Sciences|generated,train
30101430003,train,14-15|Arts & Humanities|generated,train
10400120087,train,12-13|Social Sciences|generated,dev
20100670029,dev,12-13|Social Sciences|generated,train
20400440011,test,13-14|Arts & Humanities|generated,train
10100210054,train,12-13|Arts & Humanities|generated,dev
30400150108,dev,14-15|Social Sciences|generated,train
30100830030,train,14-15|Social Sciences|generated,train
10400280163,train,13-14|Arts & Humanities|generated,train
10102110133,train,14-15|Arts & Humanities|generated,train
30300090011,train,14-15|STEM|generated,train
30100750007,train,12-13|Arts & Humanities|generated,train
10102590006,test,13-14|Arts & Humanities|generated,train
30200380011,train,15+|Social Sciences|generated,dev
30400040064,dev,14-15|Social Sciences|generated,train
30100140012,dev,15+|Social Sciences|generated,dev
30300110043,train,14-15|STEM|generated,train
10101530008,test,12-13|Arts & Humanities|generated,train
10102570033,train,12-13|Arts & Humanities|generated,train
20500070015,dev,14-15|Arts & Humanities|generated,dev
20100280032,train,12-13|Social Sciences|generated,train
20100960021,train,14-15|Social Sciences|generated,train
10101700016,train,12-13|Arts & Humanities|generated,train
10200920019,train,12-13|Social Sciences|generated,train
20101670002,dev,14-15|STEM|generated,train
20400530071,train,14-15|Social Sciences|generated,train
20100130001,train,14-15|Social Sciences|generated,dev
10101150109,train,12-13|Arts & Humanities|generated,train
20300050044,train,13-14|Arts & Humanities|generated,dev
30300670067,test,13-14|Arts & Humanities|generated,train
10500300031,train,13-14|Arts & Humanities|generated,train
10600340002,train,12-13|Arts & Humanities|generated,train
20101070011,train,14-15|Social Sciences|generated,train
20101440028,train,14-15|STEM|generated,train
30300260015,train,14-15|Social Sciences|generated,train
30101250014,train,14-15|Arts & Humanities|generated,train
20300390009,train,14-15|Social Sciences|generated,train
20500440001,train,15+|Arts & Humanities|generated,train
30200800017,dev,12-13|Arts & Humanities|generated,train
10500040011,train,13-14|Arts & Humanities|generated,dev
20100970025,test,12-13|Social Sciences|generated,train
30101140005,train,12-13|Social Sciences|generated,train
10101570025,train,13-14|Arts & Humanities|generated,train
30100060054,train,13-14|Arts & Humanities|generated,train
20500070016,train,12-13|Arts & Humanities|generated,dev
30200450019,train,14-15|Social Sciences|generated,train
20600430032,train,12-13|Arts & Humanities|generated,train
20200410017,train,13-14|Arts & Humanities|generated,train
20101720010,dev,12-13|Social Sciences|generated,train
10300450004,train,12-13|Arts & Humanities|generated,train
30200660008,train,12-13|Social Sciences|generated,train
30201010011,dev,14-15|Social Sciences|generated,train
20500430018,train,12-13|Arts & Humanities|generated,train
10500040017,train,14-15|Arts & Humanities|generated,dev
30300480057,train,14-15|Arts & Humanities|generated,train
20500590019,train,13-14|Arts & Humanities|generated,train
30101070017,train,13-14|Social Sciences|generated,train
10101000022,train,14-15|Arts & Humanities|generated,train
10100550003,train,13-14|Arts & Humanities|generated,train
10400420095,train,14-15|Arts & Humanities|generated,train
30300410057,test,13-14|Arts & Humanities|generated,train
20201330010,train,12-13|STEM|generated,train
20201380020,test,14-15|STEM|generated,train
20400470091,train,14-15|Social Sciences|generated,train
30300360011,test,14-15|Arts & Humanities|generated,train
20101560020,dev,12-13|Social Sciences|generated,train
10500410042,train,12-13|Arts & Humanities|generated,train
10300110013,train,13-14|Arts & Humanities|generated,train
20700650003,train,12-13|Arts & Humanities|generated,train
20700600001,train,12-13|Arts & Humanities|generated,train
20101460002,train,14-15|STEM|generated,train
30100550009,train,14-15|Social Sciences|generated,train
30300350020,train,14-15|STEM|generated,train
30500060066,train,12-13|Arts & Humanities|generated,train
30300080028,dev,12-13|STEM|generated,dev
30101010010,train,14-15|Arts & Humanities|generated,train
30100170021,train,12-13|Arts & Humanities|generated,train
10400060096,train,13-14|Arts & Humanities|generated,train
10100630024,test,14-15|Arts & Humanities|generated,train
20100880013,train,12-13|STEM|generated,train
30100130042,train,12-13|STEM|generated,dev
20300200003,train,14-15|Arts & Humanities|generated,train
20101480006,train,15+|Arts & Humanities|generated,train
10101910013,train,12-13|Arts & Humanities|generated,train
10200120018,train,14-15|STEM|generated,dev
30100640033,train,12-13|Arts & Humanities|generated,train
20200760003,dev,15+|Arts & Humanities|generated,train
20300330046,dev,13-14|Arts & Humanities|generated,train
20201270013,train,12-13|STEM|generated,train
20500190018,train,15+|Arts & Humanities|generated,train
20400570031,train,14-15|Social Sciences|generated,train
10101520006,train,12-13|Arts & Humanities|generated,train
20300180018,train,12-13|Arts & Humanities|generated,train
10600040008,train,12-13|Arts & Humanities|generated,train
20400580046,train,12-13|Social Sciences|generated,train
30100960004,train,15+|Social Sciences|generated,train
20500300018,train,12-13|Arts & Humanities|generated,train
20200420006,train,12-13|Arts & Humanities|generated,train
30100520041,dev,14-15|Social Sciences|generated,train
20700730008,train,12-13|Arts & Humanities|generated,train
20500480019,train,14-15|Arts & Humanities|generated,train
20300060018,dev,12-13|Arts & Humanities|generated,dev
30100410032,train,14-15|Social Sciences|generated,train
10300360014,train,13-14|Arts & Humanities|generated,train
20101590005,test,14-15|Social Sciences|generated,train
30300310017,train,14-15|STEM|generated,train
20300580025,train,12-13|Social Sciences|generated,train
30101190029,train,14-15|Social Sciences|generated,train
20101640010,dev,12-13|Social Sciences|generated,train
20500500016,train,14-15|Arts & Humanities|generated,train
10300440003,test,12-13|Arts & Humanities|generated,train
20100430025,train,13-14|Arts & Humanities|generated,train
30400030004,train,15+|Social Sciences|generated,train
20600430017,dev,12-13|Arts & Humanities|generated,train
30300200039,train,15+|STEM|generated,dev
30101170027,train,14-15|Social Sciences|generated,train
30300350022,train,14-15|STEM|generated,train
20500480002,train,14-15|Arts & Humanities|generated,train
10100930020,dev,12-13|Arts & Humanities|generated,train
20100550020,test,15+|Social Sciences|generated,train
30300460015,train,12-13|Arts & Humanities|generated,train
10102700024,train,12-13|Arts & Humanities|generated,train
10101510029,train,13-14|Arts & Humanities|generated,train
10101700037,train,15+|Arts & Humanities|generated,train
30300300019,train,14-15|Arts & Humanities|generated,train
30100890028,train,14-15|Arts & Humanities|generated,train
30100570037,train,13-14|STEM|generated,train
20600350002,test,14-15|Arts & Humanities|generated,train
20101050017,dev,14-15|STEM|generated,train
10101000040,train,12-13|Arts & Humanities|generated,train
20300410079,train,13-14|Arts & Humanities|generated,train
30100950027,train,15+|Arts & Humanities|generated,train
30100790022,train,12-13|STEM|generated,train
20101520010,train,12-13|Social Sciences|generated,train
20300430044,dev,13-14|Arts & Humanities|generated,train
20100130020,train,14-15|Social Sciences|generated,dev
30300090013,train,12-13|STEM|generated,train
20300520011,train,13-14|Arts & Humanities|generated,train
20300320002,train,12-13|Arts & Humanities|generated,train
30100550018,train,12-13|Social Sciences|generated,train
20101150030,train,12-13|Social Sciences|generated,train
20100010010,train,15+|Social Sciences|generated,dev
30400130048,dev,14-15|Social Sciences|generated,dev
20201100013,train,14-15|Social Sciences|generated,train
30100100027,train,12-13|Social Sciences|generated,dev
10101150020,train,12-13|Arts & Humanities|generated,train
10101290099,train,13-14|Arts & Humanities|generated,train
30100590011,test,14-15|Social Sciences|generated,train
20900010011,dev,12-13|Arts & Humanities|generated,dev
30101150025,train,15+|Arts & Humanities|generated,train
30200110006,test,14-15|STEM|generated,train
30200390012,dev,14-15|Social Sciences|generated,dev
20500280016,train,15+|Arts & Humanities|generated,train
20300220011,train,12-13|Arts & Humanities|generated,train
10400370014,train,14-15|Arts & Humanities|generated,train
20400480082,dev,12-13|Social Sciences|generated,dev
30300480040,train,12-13|Arts & Humanities|generated,train
30100680057,train,15+|STEM|generated,train
10500240021,train,12-13|Arts & Humanities|generated,train
10101570005,train,14-15|Arts & Humanities|generated,train
20500510007,train,14-15|Arts & Humanities|generated,train
10101700031,train,12-13|Arts & Humanities|generated,train
20500470010,train,12-13|Arts & Humanities|generated,train
20200030011,train,12-13|Arts & Humanities|generated,dev
20101600001,train,14-15|Social Sciences|generated,train
30200590003,train,14-15|Social Sciences|generated,train
20800080033,train,12-13|Arts & Humanities|generated,train
10100590013,train,14-15|Arts & Humanities|generated,train
10100220007,train,12-13|Arts & Humanities|generated,dev
10102010012,train,12-13|Arts & Humanities|generated,train
20101520006,train,12-13|Social Sciences|generated,train
30100480022,train,15+|STEM|generated,dev
20101060002,dev,14-15|STEM|generated,train
10101390022,train,12-13|Arts & Humanities|generated,train
30100870021,train,13-14|Social Sciences|generated,train
10101220044,train,12-13|Arts & Humanities|generated,train
30500030047,dev,14-15|Arts & Humanities|generated,train
20100050028,train,14-15|Social Sciences|generated,dev
20700420009,train,13-14|Arts & Humanities|generated,train
20900010027,train,12-13|Arts & Humanities|generated,dev
30200110001,test,14-15|STEM|generated,train
20300330027,train,14-15|Arts & Humanities|generated,train
30101180021,train,12-13|Social Sciences|generated,train
30100600044,train,12-13|Social Sciences|generated,train
20101000005,train,14-15|STEM|generated,train
30500190072,train,14-15|Social Sciences|generated,train
10300230009,train,13-14|Arts & Humanities|generated,train
30101020026,dev,12-13|STEM|generated,train
10101700008,train,14-15|Arts & Humanities|generated,train
20101480027,test,13-14|Arts & Humanities|generated,train
10500290028,train,14-15|Arts & Humanities|generated,train
20101570007,train,14-15|Social Sciences|generated,train
30101100021,train,14-15|Social Sciences|generated,train
21300010051,train,13-14|Arts & Humanities|generated,dev
30101650028,train,14-15|Arts & Humanities|generated,train
30101430032,train,14-15|Arts & Humanities|generated,train
30300300041,test,12-13|Arts & Humanities|generated,train
30200540006,train,14-15|Social Sciences|generated,train
30101390031,train,13-14|Social Sciences|generated,train
10101520127,train,12-13|Arts & Humanities|generated,train
10300410010,dev,14-15|Arts & Humanities|generated,train
20300120024,train,14-15|Arts & Humanities|generated,train
30400140034,test,14-15|Social Sciences|generated,train
20700530006,train,12-13|Arts & Humanities|generated,train
10201020007,train,12-13|Social Sciences|generated,train
30200230010,test,13-14|STEM|generated,train
30100110006,train,12-13|Social Sciences|generated,train
10101200058,train,13-14|Arts & Humanities|generated,train
30100560023,test,12-13|STEM|generated,train
30300230027,train,14-15|Social Sciences|generated,train
10400290135,dev,12-13|Arts & Humanities|generated,train
30101600010,train,13-14|STEM|generated,train
30300680014,train,14-15|Arts & Humanities|generated,train
30200900020,test,14-15|Social Sciences|generated,train
20500510003,dev,14-15|Arts & Humanities|generated,train
30101360005,train,13-14|Arts & Humanities|generated,train
20200090007,train,14-15|Social Sciences|generated,dev
20400090014,test,12-13|Social Sciences|generated,train
30100800038,train,14-15|Arts & Humanities|generated,train
20100960022,train,14-15|Social Sciences|generated,train
30400150098,train,14-15|Social Sciences|generated,train
10101520134,train,13-14|Arts & Humanities|generated,train
20101440033,train,15+|STEM|generated,train
10101970039,test,14-15|Arts & Humanities|generated,train
10102040021,train,12-13|Arts & Humanities|generated,train
20101700041,train,15+|Arts & Humanities|generated,train
10101470051,train,12-13|Arts & Humanities|generated,train
10101790024,train,14-15|Arts & Humanities|generated,train
20300320016,train,13-14|Arts & Humanities|generated,train
20300170005,train,12-13|Arts & Humanities|generated,train
31100060033,train,12-13|Arts & Humanities|generated,train
20101140003,train,14-15|Social Sciences|generated,train
20100740032,train,14-15|STEM|generated,train
30500270028,train,12-13|Social Sciences|generated,train
30100520062,train,15+|Social Sciences|generated,train
10500010024,dev,12-13|Arts & Humanities|generated,dev
20300550042,train,14-15|Arts & Humanities|generated,train
20100190023,test,14-15|Social Sciences|generated,train
10102850086,train,12-13|Arts & Humanities|generated,train
30400140035,train,14-15|Social Sciences|generated,train
30101340012,train,13-14|Social Sciences|generated,train
30100900035,train,14-15|STEM|generated,train
10101290048,train,12-13|Arts & Humanities|generated,train
30100740019,train,14-15|Social Sciences|generated,train
30200560003,train,14-15|Social Sciences|generated,train
20100770027,train,14-15|Social Sciences|generated,train
30300640031,test,12-13|Arts & Humanities|generated,train
30400110010,train,12-13|Social Sciences|generated,train
30101250025,train,14-15|Arts & Humanities|generated,train
20101370027,train,14-15|Social Sciences|generated,train
20700160005,test,12-13|Arts & Humanities|generated,train
20101150002,train,12-13|Social Sciences|generated,train
20600410011,train,14-15|STEM|generated,train
30100420019,train,14-15|Social Sciences|generated,train
20300140008,train,12-13|Arts & Humanities|generated,train
10500220035,dev,13-14|Arts & Humanities|generated,train
31200010039,dev,13-14|Arts & Humanities|generated,train
30100690047,test,14-15|Arts & Humanities|generated,train
30101600033,train,12-13|STEM|generated,train
20400500033,train,15+|Arts & Humanities|generated,train
30100210044,train,14-15|STEM|generated,train
30101580006,train,14-15|STEM|generated,train
20101600008,train,12-13|Social Sciences|generated,train
30400030045,train,14-15|Social Sciences|generated,train
30101540028,train,15+|Social Sciences|generated,train
10200740015,train,12-13|STEM|generated,train
10300050025,train,12-13|Arts & Humanities|generated,dev
10400440048,train,14-15|Social Sciences|generated,train
20300010022,train,14-15|Social Sciences|generated,dev
10400360115,train,12-13|Arts & Humanities|generated,train
10200660006,train,13-14|STEM|generated,train
20101560031,train,12-13|Social Sciences|generated,train
30400010012,train,14-15|Social Sciences|generated,train
20400180062,train,12-13|Arts & Humanities|generated,train
31100120021,train,13-14|Arts & Humanities|generated,train
20300050006,train,12-13|Arts & Humanities|generated,dev
20100620032,train,12-13|Social Sciences|generated,train
20100100022,train,12-13|Arts & Humanities|generated,dev
20300140002,train,14-15|Arts & Humanities|generated,train
10100690043,test,13-14|Arts & Humanities|generated,train
10100410049,train,12-13|Arts & Humanities|generated,train
30101180034,train,12-13|Social Sciences|generated,train
10500480070,train,13-14|Arts & Humanities|generated,train
30300070011,train,14-15|STEM|generated,train
20400480008,train,14-15|Social Sciences|generated,dev
30101000030,train,12-13|Arts & Humanities|generated,train
20600300011,train,14-15|STEM|generated,train
20201270014,train,12-13|STEM|generated,train
10400210075,dev,12-13|Social Sciences|generated,train
30101570004,train,12-13|Arts & Humanities|generated,train
10200400005,train,12-13|Arts & Humanities|generated,train
30100450008,test,14-15|Social Sciences|generated,train
10300320044,train,12-13|Arts & Humanities|generated,train
10300110061,train,12-13|Arts & Humanities|generated,train
20700020009,train,14-15|Arts & Humanities|generated,dev
20300330033,train,15+|Arts & Humanities|generated,train
20101000014,train,12-13|STEM|generated,train
20100400006,train,15+|Social Sciences|generated,train
30101540023,train,13-14|Social Sciences|generated,train
20100890027,test,12-13|Arts & Humanities|generated,train
10300610026,test,13-14|Arts & Humanities|generated,train
20201270016,train,13-14|STEM|generated,train
10500450050,dev,12-13|Arts & Humanities|generated,train
20100370007,train,14-15|Social Sciences|generated,train
20800070071,test,13-14|Arts & Humanities|generated,train
10101290044,train,15+|Arts & Humanities|generated,train
10300430015,train,12-13|Arts & Humanities|generated,train
30101390005,train,12-13|Social Sciences|generated,train
20200050008,train,12-13|Arts & Humanities|generated,dev
10100810045,dev,12-13|Arts & Humanities|generated,train
10300140031,train,13-14|Arts & Humanities|generated,train
10500040023,dev,12-13|Arts & Humanities|generated,dev
30101110019,train,12-13|Arts & Humanities|generated,train
30101580032,train,14-15|STEM|generated,train
30400060028,train,14-15|Social Sciences|generated,train
30101500016,train,12-13|Social Sciences|generated,train
30100570032,train,15+|STEM|generated,train
20400540089,train,14-15|Arts & Humanities|generated,train
20400290098,test,14-15|Arts & Humanities|generated,train
20100040018,train,14-15|STEM|generated,dev
20500310014,train,12-13|Arts & Humanities|generated,train
30101340008,dev,13-14|Social Sciences|generated,train
20100470004,train,12-13|Arts & Humanities|generated,train
20201270008,test,12-13|STEM|generated,train
30100030012,train,15+|Social Sciences|generated,dev
10400450080,dev,12-13|Social Sciences|generated,train
20600400013,test,14-15|STEM|generated,train
30400010058,train,14-15|Social Sciences|generated,train
30200790007,train,12-13|Arts & Humanities|generated,train
30400010089,train,12-13|Social Sciences|generated,train
10300280017,train,12-13|Arts & Humanities|generated,train
20300210039,train,12-13|Arts & Humanities|generated,train
20300180016,train,15+|Arts & Humanities|generated,train
30100060056,train,12-13|Arts & Humanities|generated,train
10500280031,train,13-14|Arts & Humanities|generated,train
20101250005,dev,14-15|Social Sciences|generated,train
20400220048,train,14-15|Social Sciences|generated,train
30101320038,train,12-13|Social Sciences|generated,train
20300010020,train,13-14|Social Sciences|generated,dev
30300570015,train,12-13|Social Sciences|generated,train
20800040019,train,12-13|Arts & Humanities|generated,train
30101210038,test,12-13|Social Sciences|generated,train
30500060079,train,14-15|Arts & Humanities|generated,train
30300500042,train,14-15|STEM|generated,train
20500310013,train,14-15|Arts & Humanities|generated,train
10200760015,test,13-14|STEM|generated,train
30200050005,train,12-13|Arts & Humanities|generated,train
10101580046,train,13-14|Arts & Humanities|generated,train
30101390040,train,12-13|Social Sciences|generated,train
20100120033,train,14-15|Social Sciences|generated,dev
20101220004,train,14-15|STEM|generated,train
10200740005,train,14-15|STEM|generated,train
10300430021,train,12-13|Arts & Humanities|generated,train
10300020025,train,13-14|Arts & Humanities|generated,dev
10101430035,test,12-13|Arts & Humanities|generated,train
20500840017,train,14-15|Arts & Humanities|generated,train
10300110034,dev,12-13|Arts & Humanities|generated,train
30300490026,train,12-13|Social Sciences|generated,train
30101500014,test,12-13|Social Sciences|generated,train
30100100023,dev,12-13|Social Sciences|generated,dev
10300490011,train,13-14|Arts & Humanities|generated,train
30100610025,train,15+|Arts & Humanities|generated,train
20101620027,test,12-13|Social Sciences|generated,train
30101580008,train,14-15|STEM|generated,train
20100480009,test,12-13|Social Sciences|generated,train
30101210045,train,15+|Social Sciences|generated,train
10500430028,train,12-13|Arts & Humanities|generated,train
30200500002,train,12-13|Social Sciences|generated,train
20900040002,train,13-14|Arts & Humanities|generated,train
30100700019,train,14-15|Arts & Humanities|generated,train
30300420015,train,15+|Arts & Humanities|generated,train
10500510011,train,13-14|Arts & Humanities|generated,train
10100440010,train,14-15|Arts & Humanities|generated,train
10100410058,train,13-14|Arts & Humanities|generated,train
30200250002,train,14-15|Social Sciences|generated,dev
10300380044,train,12-13|Arts & Humanities|generated,train
30400020073,train,15+|Social Sciences|generated,train
20600240021,dev,14-15|STEM|generated,train
30101310016,train,14-15|STEM|generated,train
31100170017,train,12-13|Arts & Humanities|generated,train
10102210038,train,12-13|Arts & Humanities|generated,train
20100430005,train,14-15|Arts & Humanities|generated,train
30100180024,train,14-15|Arts & Humanities|generated,dev
30400170050,train,14-15|Social Sciences|generated,train
30100610024,dev,14-15|Arts & Humanities|generated,train
20101560015,train,12-13|Social Sciences|generated,train
20300220021,train,13-14|Arts & Humanities|generated,train
30101060006,train,14-15|Social Sciences|generated,train
20101200023,train,12-13|Social Sciences|generated,train
20100670031,train,14-15|Social Sciences|generated,train
10300420011,train,13-14|Arts & Humanities|generated,train
10500060026,train,12-13|Arts & Humanities|generated,train
30300350023,test,14-15|STEM|generated,train
10300470061,train,12-13|Arts & Humanities|generated,train
10500250039,train,13-14|Arts & Humanities|generated,train
20700610003,train,12-13|Arts & Humanities|generated,train
30200770010,train,12-13|Arts & Humanities|generated,train
20101720019,train,14-15|Social Sciences|generated,train
20700290004,train,14-15|Arts & Humanities|generated,train
30300200038,train,14-15|STEM|generated,dev
20101190001,train,14-15|STEM|generated,train
20700290009,dev,13-14|Arts & Humanities|generated,train
20300550013,test,12-13|Arts & Humanities|generated,train
20700620009,test,12-13|Arts & Humanities|generated,train
20800160005,test,13-14|Arts & Humanities|generated,train
20400060097,train,14-15|Arts & Humanities|generated,train
30101400031,train,15+|Arts & Humanities|generated,train
30100520032,test,12-13|Social Sciences|generated,train
30101360102,train,12-13|Arts & Humanities|generated,train
20100190014,train,14-15|Social Sciences|generated,train
30200790004,train,13-14|Arts & Humanities|generated,train
20300570005,train,12-13|Arts & Humanities|generated,train
10300340049,train,13-14|Arts & Humanities|generated,train
20101190002,dev,14-15|STEM|generated,train
20100280028,train,13-14|Social Sciences|generated,train
30500210010,train,14-15|Social Sciences|generated,train
20300170028,train,12-13|Arts & Humanities|generated,train
20300500038,train,14-15|Arts & Humanities|generated,train
10100970040,train,13-14|Arts & Humanities|generated,train
20201140001,dev,14-15|Social Sciences|generated,train
30400060071,train,14-15|Social Sciences|generated,train
30100760032,dev,15+|Social Sciences|generated,train
20101470010,train,14-15|Social Sciences|generated,train
30400040077,train,14-15|Social Sciences|generated,train
20300380003,train,12-13|Arts & Humanities|generated,train
30100100026,train,12-13|Social Sciences|generated,dev
10500510023,train,14-15|Arts & Humanities|generated,train
30100830031,train,15+|Social Sciences|generated,train
20101090002,dev,14-15|Arts & Humanities|generated,train
30100480004,train,14-15|STEM|generated,dev
20100480008,train,14-15|Social Sciences|generated,train
10300020052,train,12-13|Arts & Humanities|generated,dev
30101140008,train,15+|Social Sciences|generated,train
20600290008,train,14-15|STEM|generated,train
20101710019,train,14-15|Arts & Humanities|generated,train
20600060016,train,12-13|Social Sciences|generated,train
30300660031,test,12-13|Arts & Humanities|generated,train
30200670001,test,12-13|Social Sciences|generated,train
20101080023,train,14-15|Social Sciences|generated,train
30100410035,train,14-15|Social Sciences|generated,train
31100120043,train,12-13|Arts & Humanities|generated,train
20300570019,train,13-14|Arts & Humanities|generated,train
10200010007,train,12-13|Arts & Humanities|generated,dev
30101470009,train,13-14|STEM|generated,train
10500320034,train,13-14|Arts & Humanities|generated,train
20700810002,train,14-15|Arts & Humanities|generated,train
20700500006,train,12-13|Arts & Humanities|generated,train
30400050077,test,12-13|Social Sciences|generated,train
20101310012,dev,15+|Social Sciences|generated,train
10101230014,train,14-15|Arts & Humanities|generated,train
30400040069,train,14-15|Social Sciences|generated,train
10300560027,train,12-13|Arts & Humanities|generated,train
20101190017,train,14-15|STEM|generated,train
20100700049,train,14-15|STEM|generated,train
30300410015,train,13-14|Arts & Humanities|generated,train
30101610046,train,12-13|STEM|generated,train
20500550015,train,12-13|Arts & Humanities|generated,train
20500120015,train,12-13|Arts & Humanities|generated,train
30101210005,train,14-15|Social Sciences|generated,train
10101690013,train,14-15|Arts & Humanities|generated,train
10101970017,train,14-15|Arts & Humanities|generated,train
30101440008,train,14-15|Social Sciences|generated,train
20700160008,train,12-13|Arts & Humanities|generated,train
20200650015,train,14-15|Social Sciences|generated,train
10100150015,dev,12-13|Arts & Humanities|generated,dev
10300330033,train,13-14|Arts & Humanities|generated,train
30200620019,test,12-13|Social Sciences|generated,train
30300270028,train,12-13|STEM|generated,train
30101000029,train,12-13|Arts & Humanities|generated,train
10101340007,dev,12-13|Arts & Humanities|generated,train
20500470007,train,14-15|Arts & Humanities|generated,train
20101430006,train,14-15|Social Sciences|generated,train
20300610014,train,12-13|Arts & Humanities|generated,train
30101320046,train,14-15|Social Sciences|generated,train
30300070028,train,14-15|STEM|generated,train
20100480016,train,14-15|Social Sciences|generated,train
10300600012,train,12-13|Arts & Humanities|generated,train
20600500002,dev,12-13|Arts & Humanities|generated,dev
30300080038,dev,15+|STEM|generated,dev
20500840011,train,14-15|Arts & Humanities|generated,train
20500040010,train,12-13|Arts & Humanities|generated,dev
20101710016,dev,15+|Arts & Humanities|generated,train
20201390010,dev,14-15|STEM|generated,train
30100410022,train,12-13|Social Sciences|generated,train
10101170179,train,14-15|Arts & Humanities|generated,train
30101050009,test,13-14|STEM|generated,train
20700820017,train,12-13|Arts & Humanities|generated,train
10500110016,train,13-14|Arts & Humanities|generated,train
30200700002,train,14-15|Social Sciences|generated,train
20400570058,train,12-13|Social Sciences|generated,train
20200640006,dev,14-15|Social Sciences|generated,train
30100400013,train,14-15|Social Sciences|generated,train
20300380005,train,14-15|Arts & Humanities|generated,train
20300270034,train,12-13|Social Sciences|generated,train
30200150008,train,14-15|STEM|generated,train
20500730001,train,14-15|Arts & Humanities|generated,train
10400240008,test,12-13|Arts & Humanities|generated,train
20100060006,train,12-13|Social Sciences|generated,dev
10100460010,train,12-13|Arts & Humanities|generated,train
30400090061,train,12-13|Social Sciences|generated,train
30500090019,train,14-15|Social Sciences|generated,train
20300290005,test,15+|Social Sciences|generated,train
21100010009,train,14-15|Arts & Humanities|generated,train
20100500013,dev,14-15|Arts & Humanities|generated,train
30100150006,train,14-15|Social Sciences|generated,dev
20100170031,train,15+|Social Sciences|generated,train
20400490049,train,12-13|Arts & Humanities|generated,train
10101780028,train,12-13|Arts & Humanities|generated,train
30201040003,train,14-15|Social Sciences|generated,train
20101110012,train,14-15|Social Sciences|generated,train
20700670006,train,14-15|Arts & Humanities|generated,train
10101510027,train,12-13|Arts & Humanities|generated,train
20200800018,dev,12-13|Arts & Humanities|generated,train
30200500017,train,14-15|Social Sciences|generated,train
30100670008,train,14-15|Social Sciences|generated,train
30200120019,train,14-15|STEM|generated,train
30500170065,train,13-14|Arts & Humanities|generated,train
20101550009,train,14-15|STEM|generated,train
20500480017,train,12-13|Arts & Humanities|generated,train
10200120005,train,15+|STEM|generated,dev
20100510015,dev,14-15|Social Sciences|generated,dev
10100140030,dev,12-13|Arts & Humanities|generated,dev
30100050022,train,14-15|STEM|generated,dev
20100890024,train,14-15|Arts & Humanities|generated,train
20400170076,train,14-15|Arts & Humanities|generated,train
20300280024,train,14-15|Arts & Humanities|generated,train
20101670017,test,14-15|STEM|generated,train
10101150158,train,12-13|Arts & Humanities|generated,train
30500250088,train,14-15|Arts & Humanities|generated,train
20101150010,train,14-15|Social Sciences|generated,train
30100610035,train,15+|Arts & Humanities|generated,train
10500600011,train,12-13|Arts & Humanities|generated,train
20101580012,train,14-15|Social Sciences|generated,train
30500020004,dev,12-13|Arts & Humanities|generated,train
20500100004,train,14-15|Arts & Humanities|generated,dev
30500250047,train,12-13|Arts & Humanities|generated,train
30300070026,train,14-15|STEM|generated,train
30101210050,train,14-15|Social Sciences|generated,train
10300440044,test,12-13|Arts & Humanities|generated,train
20101190015,dev,14-15|STEM|generated,train
20101520031,train,14-15|Social Sciences|generated,train
20101260009,dev,12-13|Social Sciences|generated,train
20200570015,train,12-13|Social Sciences|generated,train
20100450018,train,12-13|Arts & Humanities|generated,train
20200460005,train,13-14|Arts & Humanities|generated,train
10300280029,train,12-13|Arts & Humanities|generated,train
20100090047,train,12-13|Arts & Humanities|generated,train
30101550089,train,13-14|Arts & Humanities|generated,train
30300070022,train,14-15|STEM|generated,train
10500610008,train,14-15|Arts & Humanities|generated,train
30100680051,train,12-13|STEM|generated,train
20101480025,dev,13-14|Arts & Humanities|generated,train
21100010003,train,12-13|Arts & Humanities|generated,train
20300350020,train,13-14|Arts & Humanities|generated,train
10300230039,dev,12-13|Arts & Humanities|generated,train
20100850020,train,14-15|Social Sciences|generated,train
20101520015,dev,14-15|Social Sciences|generated,train
10200130023,train,14-15|STEM|generated,dev
30500080025,train,14-15|Social Sciences|generated,train
20100100041,train,14-15|Arts & Humanities|generated,dev
30101640026,train,15+|Social Sciences|generated,train
30100120012,train,14-15|Social Sciences|generated,dev
30400170047,train,14-15|Social Sciences|generated,train
10102000008,train,12-13|Arts & Humanities|generated,train
20100820026,train,12-13|Social Sciences|generated,train
30101190027,train,14-15|Social Sciences|generated,train
20100620021,train,14-15|Social Sciences|generated,train
30100790052,train,14-15|STEM|generated,train
10300150065,train,12-13|Arts & Humanities|generated,train
10101290026,test,12-13|Arts & Humanities|generated,train
20500500010,train,13-14|Arts & Humanities|generated,train
30500090029,train,13-14|Social Sciences|generated,train
31200010014,train,15+|Arts & Humanities|generated,train
20500140010,dev,14-15|Arts & Humanities|generated,train
10300120019,train,13-14|Arts & Humanities|generated,train
30101340043,train,14-15|Social Sciences|generated,train
20700270007,train,14-15|Arts & Humanities|generated,train
20101520017,train,14-15|Social Sciences|generated,train
20200650006,train,14-15|Social Sciences|generated,train
10101170023,train,14-15|Arts & Humanities|generated,train
30100500015,train,12-13|Social Sciences|generated,train
30101190013,train,14-15|Social Sciences|generated,train
20500650007,test,12-13|Arts & Humanities|generated,train
30400080072,train,14-15|Social Sciences|generated,train
10102070025,train,12-13|Arts & Humanities|generated,train
30101310019,train,14-15|STEM|generated,train
30200430019,train,12-13|Social Sciences|generated,train
10101980045,test,13-14|Arts & Humanities|generated,train
30500240082,test,15+|Arts & Humanities|generated,train
20101370006,train,12-13|Social Sciences|generated,train
30101500031,train,14-15|Social Sciences|generated,train
20201130008,train,14-15|Social Sciences|generated,train
20900080018,train,12-13|Arts & Humanities|generated,train
20400540052,test,13-14|Arts & Humanities|generated,train
30200540009,train,12-13|Social Sciences|generated,train
30400090043,train,14-15|Social Sciences|generated,train
20600030004,test,14-15|Social Sciences|generated,train
30101510021,train,15+|Social Sciences|generated,train
20300120040,test,12-13|Arts & Humanities|generated,train
30400140048,train,12-13|Social Sciences|generated,train
20200680008,train,15+|Social Sciences|generated,train
20300010009,train,14-15|Social Sciences|generated,dev
20201220013,dev,14-15|STEM|generated,train
20700840001,train,14-15|Arts & Humanities|generated,train
20400130070,train,12-13|Arts & Humanities|generated,train
20200030012,dev,12-13|Arts & Humanities|generated,dev
30300680041,train,14-15|Arts & Humanities|generated,train
10200830001,train,12-13|Social Sciences|generated,train
10500440016,train,12-13|Arts & Humanities|generated,train
20100170011,train,14-15|Social Sciences|generated,train
20700700011,train,12-13|Arts & Humanities|generated,train
10400090057,train,13-14|Social Sciences|generated,train
30101090038,train,14-15|Social Sciences|generated,train
30101570009,train,14-15|Arts & Humanities|generated,train
20700070002,dev,13-14|Arts & Humanities|generated,dev
30500240083,train,14-15|Arts & Humanities|generated,train
20100280034,train,14-15|Social Sciences|generated,train
20600510008,train,14-15|Arts & Humanities|generated,dev
10101270017,train,14-15|Arts & Humanities|generated,train
10100590089,train,14-15|Arts & Humanities|generated,train
30101390035,train,12-13|Social Sciences|generated,train
30100390017,dev,14-15|Arts & Humanities|generated,train
10102620017,train,12-13|Arts & Humanities|generated,train
30300300031,train,14-15|Arts & Humanities|generated,train
20101260007,train,13-14|Social Sciences|generated,train
30400170009,train,14-15|Social Sciences|generated,train
30400150070,train,12-13|Social Sciences|generated,train
10101290016,train,14-15|Arts & Humanities|generated,train
30400040015,train,14-15|Social Sciences|generated,train
30100100024,train,12-13|Social Sciences|generated,dev
30300610017,train,15+|Social Sciences|generated,train
10100820127,dev,12-13|Arts & Humanities|generated,train
20300350042,train,14-15|Arts & Humanities|generated,train
10300310042,train,13-14|Arts & Humanities|generated,train
10500050038,test,14-15|Arts & Humanities|generated,train
20400390027,train,14-15|Arts & Humanities|generated,train
10100020003,train,12-13|Arts & Humanities|generated,dev
21300010059,train,13-14|Arts & Humanities|generated,dev
30100910007,train,13-14|Arts & Humanities|generated,train
30200840019,test,15+|Arts & Humanities|generated,train
21300010043,train,15+|Arts & Humanities|generated,dev
30200890020,train,14-15|Social Sciences|generated,train
20101020013,train,15+|Arts & Humanities|generated,train
20300360017,train,13-14|Arts & Humanities|generated,train
20300180013,train,13-14|Arts & Humanities|generated,train
10400110180,dev,13-14|Social Sciences|generated,dev
30200190014,test,12-13|STEM|generated,train
20300010018,train,12-13|Social Sciences|generated,dev
10101390031,train,14-15|Arts & Humanities|generated,train
20100830007,train,15+|Social Sciences|generated,train
30100990016,train,12-13|Arts & Humanities|generated,train
10300370041,train,12-13|Arts & Humanities|generated,train
20300190030,train,12-13|Arts & Humanities|generated,train
20101620029,train,12-13|Social Sciences|generated,train
10101570050,train,12-13|Arts & Humanities|generated,train
30400140076,train,12-13|Social Sciences|generated,train
20100030015,train,14-15|Arts & Humanities|generated,dev
20101010048,test,12-13|Arts & Humanities|generated,train
20300330044,train,14-15|Arts & Humanities|generated,train
20300580022,train,12-13|Social Sciences|generated,train
20200700014,train,14-15|Arts & Humanities|generated,train
30200140009,train,14-15|STEM|generated,train
10500280023,train,12-13|Arts & Humanities|generated,train
30100850018,dev,14-15|Arts & Humanities|generated,train
10100820015,train,12-13|Arts & Humanities|generated,train
30200750005,train,12-13|Arts & Humanities|generated,train
10101640035,train,12-13|Arts & Humanities|generated,train
10400400062,train,12-13|Arts & Humanities|generated,train
20100280043,train,14-15|Social Sciences|generated,train
30100600008,train,14-15|Social Sciences|generated,train
30400060081,test,14-15|Social Sciences|generated,train
10300540037,train,13-14|Arts & Humanities|generated,train
20900110015,train,12-13|Arts & Humanities|generated,train
30101340048,train,14-15|Social Sciences|generated,train
30300400009,train,14-15|Arts & Humanities|generated,train
20101380003,train,14-15|Social Sciences|generated,train
30400020027,train,12-13|Social Sciences|generated,train
20101360001,train,14-15|Social Sciences|generated,train
10100630023,train,12-13|Arts & Humanities|generated,train
30200540013,train,15+|Social Sciences|generated,train
20100740030,train,14-15|STEM|generated,train
30101580054,train,14-15|STEM|generated,train
20100170019,train,15+|Social Sciences|generated,train
20200580019,train,14-15|Social Sciences|generated,train
30101580019,train,14-15|STEM|generated,train
30300680043,train,14-15|Arts & Humanities|generated,train
30200540016,dev,12-13|Social Sciences|generated,train
20200600004,test,15+|Social Sciences|generated,train
20700780007,train,12-13|Arts & Humanities|generated,train
10300300004,train,12-13|Arts & Humanities|generated,train
20200580008,train,14-15|Social Sciences|generated,train
20201390004,train,12-13|STEM|generated,train
10101730008,train,12-13|Arts & Humanities|generated,train
20100740020,train,14-15|STEM|generated,train
20300530036,train,14-15|Social Sciences|generated,train
30500020039,dev,14-15|Arts & Humanities|generated,train
10102620023,train,12-13|Arts & Humanities|generated,train
20500520006,train,14-15|Arts & Humanities|generated,train
30101640017,train,14-15|Social Sciences|generated,train
10500310059,train,12-13|Arts & Humanities|generated,train
30100210010,test,14-15|STEM|generated,train
20500270003,test,14-15|Arts & Humanities|generated,train
30100670055,test,15+|Social Sciences|generated,train
10400170023,dev,12-13|Arts & Humanities|generated,train
30300680019,test,12-13|Arts & Humanities|generated,train
30101530015,dev,14-15|Social Sciences|generated,train
20500320016,train,13-14|Arts & Humanities|generated,train
20101210017,train,12-13|Social Sciences|generated,train
30101610041,train,15+|STEM|generated,train
20200980006,train,14-15|Arts & Humanities|generated,train
30500020021,train,14-15|Arts & Humanities|generated,train
30200870011,train,14-15|Social Sciences|generated,train
10400470058,train,12-13|Social Sciences|generated,dev
30100210051,test,12-13|STEM|generated,train
20400250020,test,14-15|Arts & Humanities|generated,train
30100180005,train,12-13|Arts & Humanities|generated,dev
10500240032,dev,12-13|Arts & Humanities|generated,train
30200540017,train,12-13|Social Sciences|generated,train
20500830005,train,14-15|Arts & Humanities|generated,train
20500770005,test,13-14|Arts & Humanities|generated,train
30300020024,test,12-13|Arts & Humanities|generated,train
10500450051,dev,13-14|Arts & Humanities|generated,train
30100620006,train,12-13|Social Sciences|generated,train
30101340044,train,12-13|Social Sciences|generated,train
10500410035,train,12-13|Arts & Humanities|generated,train
30100030009,dev,14-15|Social Sciences|generated,dev
10100690013,train,13-14|Arts & Humanities|generated,train
20800080005,train,12-13|Arts & Humanities|generated,train
20200400007,train,13-14|Arts & Humanities|generated,train
10100690048,test,12-13|Arts & Humanities|generated,train
30100130031,train,14-15|STEM|generated,dev
20101190005,train,14-15|STEM|generated,train
30101440022,train,14-15|Social Sciences|generated,train
20201120011,train,14-15|Social Sciences|generated,train
20700110004,train,14-15|Arts & Humanities|generated,dev
20300260014,train,12-13|Arts & Humanities|generated,train
20101440005,train,14-15|STEM|generated,train
10100610006,train,14-15|Arts & Humanities|generated,train
30101180029,dev,12-13|Social Sciences|generated,train
30300120028,test,15+|Social Sciences|generated,train
10500430029,dev,13-14|Arts & Humanities|generated,train
10300270028,train,12-13|Arts & Humanities|generated,train
20900120010,train,12-13|Arts & Humanities|generated,train
10500460005,train,13-14|Arts & Humanities|generated,train
20100650005,train,12-13|Social Sciences|generated,train
10400360020,train,14-15|Arts & Humanities|generated,train
30101110024,train,14-15|Arts & Humanities|generated,train
30100140031,train,14-15|Social Sciences|generated,dev
30101500034,train,12-13|Social Sciences|generated,train
10100640013,train,14-15|Arts & Humanities|generated,train
30300440025,train,12-13|Arts & Humanities|generated,train
30100480005,train,14-15|STEM|generated,dev
30300080034,train,12-13|STEM|generated,dev
10200110019,train,12-13|STEM|generated,dev
10300600003,train,12-13|Arts & Humanities|generated,train
20400420087,train,14-15|Arts & Humanities|generated,train
10100220011,train,12-13|Arts & Humanities|generated,dev
30400040067,train,14-15|Social Sciences|generated,train
30100670022,train,14-15|Social Sciences|generated,train
10400450003,train,14-15|Social Sciences|generated,train
20100420006,test,13-14|Arts & Humanities|generated,train
30100130034,train,14-15|STEM|generated,dev
30100610013,train,15+|Arts & Humanities|generated,train
20300490012,train,14-15|Arts & Humanities|generated,train
20200330003,train,12-13|Arts & Humanities|generated,train
20400110035,train,12-13|Social Sciences|generated,train
10100920005,test,12-13|Arts & Humanities|generated,train
30100660054,train,15+|Social Sciences|generated,train
30100750004,test,15+|Arts & Humanities|generated,train
30300440036,train,14-15|Arts & Humanities|generated,train
10300300020,train,13-14|Arts & Humanities|generated,train
10500320017,train,12-13|Arts & Humanities|generated,train
20101020015,train,13-14|Arts & Humanities|generated,train
20400100018,train,14-15|Social Sciences|generated,train
30100830028,train,12-13|Social Sciences|generated,train
30400050039,dev,12-13|Social Sciences|generated,train
10500470028,train,12-13|Arts & Humanities|generated,train
30100790043,train,14-15|STEM|generated,train
20600240013,train,14-15|STEM|generated,train
10300110095,train,12-13|Arts & Humanities|generated,train
20300140026,train,12-13|Arts & Humanities|generated,train
30500110009,train,12-13|Social Sciences|generated,dev
20400130072,train,14-15|Arts & Humanities|generated,train
10100970029,train,13-14|Arts & Humanities|generated,train
10300570056,test,12-13|Arts & Humanities|generated,train
30100960055,train,13-14|Social Sciences|generated,train
30100550022,train,12-13|Social Sciences|generated,train
10300240061,train,13-14|Arts & Humanities|generated,train
30200220008,train,14-15|STEM|generated,train
30101130021,train,14-15|Social Sciences|generated,train
20900120065,test,13-14|Arts & Humanities|generated,train
10300150062,train,12-13|Arts & Humanities|generated,train
30400020030,dev,14-15|Social Sciences|generated,train
10102730027,train,12-13|Arts & Humanities|generated,train
20101050033,dev,14-15|STEM|generated,train
20101120017,train,14-15|Social Sciences|generated,train
10101240044,train,12-13|Arts & Humanities|generated,train
30101170008,test,12-13|Social Sciences|generated,train
30300600035,train,14-15|Social Sciences|generated,train
30101360085,train,12-13|Arts & Humanities|generated,train
30100730025,test,14-15|Social Sciences|generated,train
20101690007,dev,14-15|Social Sciences|generated,train
30101210027,test,14-15|Social Sciences|generated,train
30100120017,train,12-13|Social Sciences|generated,dev
20100420024,train,14-15|Arts & Humanities|generated,train
10200960020,train,14-15|Social Sciences|generated,train
30101610042,train,12-13|STEM|generated,train
30300660026,train,13-14|Arts & Humanities|generated,train
30100490029,train,14-15|STEM|generated,train
30400150082,train,12-13|Social Sciences|generated,train
20400040047,train,12-13|Arts & Humanities|generated,train
10101200044,train,12-13|Arts & Humanities|generated,train
30101010012,train,14-15|Arts & Humanities|generated,train
30100040002,train,12-13|STEM|generated,dev
30500020017,train,14-15|Arts & Humanities|generated,train
20101370012,train,14-15|Social Sciences|generated,train
10300410050,train,12-13|Arts & Humanities|generated,train
20900130021,train,12-13|Arts & Humanities|generated,train
20300010023,train,12-13|Social Sciences|generated,dev
20300400053,train,13-14|Arts & Humanities|generated,train
20300050028,train,12-13|Arts & Humanities|generated,dev
20300270033,train,14-15|Social Sciences|generated,train
20100720020,dev,14-15|STEM|generated,train
30100210003,train,14-15|STEM|generated,train
10300210013,train,12-13|Arts & Humanities|generated,train
10300010023,dev,12-13|Arts & Humanities|generated,dev
30300290031,dev,14-15|Arts & Humanities|generated,train
20100280016,dev,14-15|Social Sciences|generated,train
10500050011,test,12-13|Arts & Humanities|generated,train
20100460023,train,13-14|Social Sciences|generated,train
20300360005,train,12-13|Arts & Humanities|generated,train
20101610022,dev,15+|STEM|generated,train
30400140045,dev,12-13|Social Sciences|generated,train
20100420008,train,12-13|Arts & Humanities|generated,train
10101300004,dev,12-13|Arts & Humanities|generated,train
30100560011,dev,14-15|STEM|generated,train
30100670050,train,14-15|Social Sciences|generated,train
10400280162,train,13-14|Arts & Humanities|generated,train
30100570029,train,12-13|STEM|generated,train
30300310022,train,14-15|STEM|generated,train
10101150024,dev,12-13|Arts & Humanities|generated,train
20300360008,train,12-13|Arts & Humanities|generated,train
20101680007,train,14-15|Social Sciences|generated,train
20300540118,train,13-14|Arts & Humanities|generated,train
10300430008,train,12-13|Arts & Humanities|generated,train
20200520010,train,14-15|Social Sciences|generated,train
20100560001,train,14-15|Arts & Humanities|generated,train
10300190069,test,14-15|Arts & Humanities|generated,train
30100040016,dev,14-15|STEM|generated,dev
30200230002,test,14-15|STEM|generated,train
30100210035,train,14-15|STEM|generated,train
30100740010,train,14-15|Social Sciences|generated,train
20101250001,train,12-13|Social Sciences|generated,train
30101400052,test,14-15|Arts & Humanities|generated,train
30100520021,train,12-13|Social Sciences|generated,train
20100850003,train,13-14|Social Sciences|generated,train
20900010018,dev,12-13|Arts & Humanities|generated,dev
10400400179,train,13-14|Arts & Humanities|generated,train
20300470076,test,12-13|Arts & Humanities|generated,train
30200670008,test,12-13|Social Sciences|generated,train
30100700011,train,14-15|Arts & Humanities|generated,train
30200640005,train,14-15|Social Sciences|generated,train
20200590010,train,14-15|Social Sciences|generated,train
30300390043,train,14-15|Arts & Humanities|generated,train
20300400024,train,14-15|Arts & Humanities|generated,train
20100800022,train,14-15|Social Sciences|generated,train
20101310031,dev,12-13|Social Sciences|generated,train
20100090042,test,12-13|Arts & Humanities|generated,train
20101620008,dev,13-14|Social Sciences|generated,train
10500010026,train,12-13|Arts & Humanities|generated,dev
20201200008,train,12-13|STEM|generated,train
30400170074,train,14-15|Social Sciences|generated,train
10101150160,train,12-13|Arts & Humanities|generated,train
10300450045,dev,12-13|Arts & Humanities|generated,train
20101640024,train,12-13|Social Sciences|generated,train
20300470006,dev,12-13|Arts & Humanities|generated,train
20100670028,train,12-13|Social Sciences|generated,train
30500100026,train,14-15|Social Sciences|generated,train
20500720007,train,12-13|Arts & Humanities|generated,train
10300010010,train,13-14|Arts & Humanities|generated,dev
10100750007,test,12-13|Arts & Humanities|generated,train
10101750019,train,13-14|Arts & Humanities|generated,train
10500530025,train,13-14|Arts & Humanities|generated,train
20100020013,train,15+|Social Sciences|generated,dev
10500110017,train,12-13|Arts & Humanities|generated,train
30300100011,train,14-15|STEM|generated,train
30101530024,test,14-15|Social Sciences|generated,train
30300400012,train,12-13|Arts & Humanities|generated,train
30300570048,train,12-13|Social Sciences|generated,train
20400050098,train,14-15|Arts & Humanities|generated,train
30100770024,test,14-15|Social Sciences|generated,train
10101520008,dev,13-14|Arts & Humanities|generated,train
20100860036,train,14-15|Arts & Humanities|generated,train
10500250017,train,12-13|Arts & Humanities|generated,train
10300010009,train,12-13|Arts & Humanities|generated,dev
30100550023,train,14-15|Social Sciences|generated,train
10102110105,train,14-15|Arts & Humanities|generated,train
10200520002,train,12-13|Arts & Humanities|generated,train
20101160011,dev,12-13|Arts & Humanities|generated,train
20300310007,train,12-13|Arts & Humanities|generated,train
10500540019,test,12-13|Arts & Humanities|generated,train
20201430006,train,12-13|STEM|generated,train
20300110023,test,14-15|Arts & Humanities|generated,train
30101020013,test,14-15|STEM|generated,train
20101000019,train,12-13|STEM|generated,train
20300560057,dev,12-13|Arts & Humanities|generated,train
30101660044,train,12-13|STEM|generated,train
10300320043,train,13-14|Arts & Humanities|generated,train
20400030013,train,12-13|Arts & Humanities|generated,train
10101290061,train,12-13|Arts & Humanities|generated,train
30101390016,test,12-13|Social Sciences|generated,train
10101200063,train,13-14|Arts & Humanities|generated,train
20101340052,train,14-15|STEM|generated,train
20101110017,train,14-15|Social Sciences|generated,train
30300460022,train,12-13|Arts & Humanities|generated,train
20400050069,train,14-15|Arts & Humanities|generated,train
10102130009,dev,14-15|Arts & Humanities|generated,train
30400120011,train,12-13|Social Sciences|generated,train
20100480017,train,12-13|Social Sciences|generated,train
30100040011,train,14-15|STEM|generated,dev
30200140015,train,14-15|STEM|generated,train
10500360008,train,12-13|Arts & Humanities|generated,train
10100330144,train,13-14|Arts & Humanities|generated,train
20101670009,train,15+|STEM|generated,train
30101080013,train,12-13|Arts & Humanities|generated,train
30200040001,train,15+|Arts & Humanities|generated,train
20400220055,train,15+|Social Sciences|generated,train
20101180011,train,14-15|Arts & Humanities|generated,train
30500240081,train,15+|Arts & Humanities|generated,train
20100310013,dev,15+|Arts & Humanities|generated,train
20201420015,train,14-15|STEM|generated,train
30100430027,train,14-15|Arts & Humanities|generated,train
30100760009,train,13-14|Social Sciences|generated,train
10400150015,train,12-13|Arts & Humanities|generated,train
10300230040,dev,13-14|Arts & Humanities|generated,train
30300540008,train,13-14|Arts & Humanities|generated,train
30200670016,train,12-13|Social Sciences|generated,train
20600270007,train,14-15|STEM|generated,train
20100380016,test,14-15|Arts & Humanities|generated,train
30100760041,train,12-13|Social Sciences|generated,train
30101110031,train,14-15|Arts & Humanities|generated,train
30101060018,train,15+|Social Sciences|generated,train
20100830009,train,14-15|Social Sciences|generated,train
20500010004,train,15+|Arts & Humanities|generated,dev
30300080011,train,12-13|STEM|generated,dev
30101330040,test,12-13|Social Sciences|generated,train
20100140025,train,12-13|Arts & Humanities|generated,dev
10100720010,test,14-15|Arts & Humanities|generated,train
30500030064,train,14-15|Arts & Humanities|generated,train
10500590008,train,13-14|Arts & Humanities|generated,train
10102930015,train,14-15|Arts & Humanities|generated,train
20500600010,train,13-14|Arts & Humanities|generated,train
10200330001,train,12-13|Arts & Humanities|generated,train
10101210038,dev,14-15|Arts & Humanities|generated,train
10101390009,train,12-13|Arts & Humanities|generated,train
20400330061,train,14-15|Social Sciences|generated,train
10100910028,train,13-14|Arts & Humanities|generated,train
20200680007,train,15+|Social Sciences|generated,train
10500570014,train,12-13|Arts & Humanities|generated,train
20600420010,train,13-14|STEM|generated,train
20300260005,train,12-13|Arts & Humanities|generated,train
30400040095,train,12-13|Social Sciences|generated,train
20400240033,train,12-13|Social Sciences|generated,dev
10100580002,train,12-13|Arts & Humanities|generated,train
10500370042,train,12-13|Arts & Humanities|generated,train
30100440031,train,12-13|Social Sciences|generated,train
30300310016,test,12-13|STEM|generated,train
30400110066,train,14-15|Social Sciences|generated,train
10100290016,train,12-13|Arts & Humanities|generated,train
10500290034,test,12-13|Arts & Humanities|generated,train
30100960051,train,12-13|Social Sciences|generated,train
20600630003,dev,12-13|Arts & Humanities|generated,dev
10300570075,train,13-14|Arts & Humanities|generated,train
10400250011,train,14-15|Arts & Humanities|generated,train
20101360007,test,14-15|Social Sciences|generated,train
20800160016,test,12-13|Arts & Humanities|generated,train
30400050023,test,14-15|Social Sciences|generated,train
30400130052,train,12-13|Social Sciences|generated,dev
10400150046,train,14-15|Arts & Humanities|generated,train
20300350045,dev,12-13|Arts & Humanities|generated,train
10300240052,train,12-13|Arts & Humanities|generated,train
30100130028,train,13-14|STEM|generated,dev
20101040014,train,15+|STEM|generated,train
30100040012,train,14-15|STEM|generated,dev
10300430007,train,14-15|Arts & Humanities|generated,train
20100800010,test,12-13|Social Sciences|generated,train
30300680016,train,14-15|Arts & Humanities|generated,train
20700640002,train,12-13|Arts & Humanities|generated,train
20101180012,test,14-15|Arts & Humanities|generated,train
30300590010,train,12-13|Arts & Humanities|generated,train
20300570036,train,14-15|Arts & Humanities|generated,train
20100910023,train,14-15|STEM|generated,train
20400570095,test,12-13|Social Sciences|generated,train
20101230006,test,14-15|Social Sciences|generated,train
20201130012,train,14-15|Social Sciences|generated,train
30500240047,train,13-14|Arts & Humanities|generated,train
20100350030,train,13-14|Social Sciences|generated,train
20500790001,train,12-13|Arts & Humanities|generated,train
20500020013,train,14-15|Arts & Humanities|generated,dev
30300440027,dev,12-13|Arts & Humanities|generated,train
31200010001,test,13-14|Arts & Humanities|generated,train
10102860016,train,13-14|Arts & Humanities|generated,train
10102650041,train,14-15|Arts & Humanities|generated,train
20101130036,train,14-15|STEM|generated,train
20100750005,dev,14-15|STEM|generated,train
30100130022,train,14-15|STEM|generated,dev
30100490025,test,14-15|STEM|generated,train
20400430065,train,12-13|Arts & Humanities|generated,train
10300290027,train,13-14|Arts & Humanities|generated,train
10300300027,train,13-14|Arts & Humanities|generated,train
20600090027,train,14-15|Arts & Humanities|generated,dev
30100520029,train,12-13|Social Sciences|generated,train
20201310016,train,12-13|STEM|generated,train
20100730017,train,15+|Social Sciences|generated,train
10300210031,train,14-15|Arts & Humanities|generated,train
10500210021,train,12-13|Arts & Humanities|generated,train
10400200109,train,13-14|Arts & Humanities|generated,dev
10101410040,train,14-15|Arts & Humanities|generated,train
30500190046,train,12-13|Social Sciences|generated,train
30200960018,train,13-14|STEM|generated,train
20700410001,train,13-14|Arts & Humanities|generated,train
20100140005,dev,14-15|Arts & Humanities|generated,dev
10500210019,train,13-14|Arts & Humanities|generated,train
20100700043,train,12-13|STEM|generated,train
20300290034,train,14-15|Social Sciences|generated,train
10400450057,train,14-15|Social Sciences|generated,train
20900070008,dev,13-14|Arts & Humanities|generated,train
10400420100,train,12-13|Arts & Humanities|generated,train
20300600014,train,15+|Arts & Humanities|generated,train
20300150081,train,13-14|Arts & Humanities|generated,train
30100500024,train,13-14|Social Sciences|generated,train
30100660029,train,13-14|Social Sciences|generated,train
20100040021,train,14-15|STEM|generated,dev
20100680011,train,14-15|STEM|generated,train
20600410013,train,15+|STEM|generated,train
10500010007,dev,13-14|Arts & Humanities|generated,dev
30100440042,train,14-15|Social Sciences|generated,train
10100730024,train,14-15|Arts & Humanities|generated,train
30101630012,test,14-15|Arts & Humanities|generated,train
30100100021,train,12-13|Social Sciences|generated,dev
20100150026,train,14-15|STEM|generated,dev
30200520007,train,14-15|Social Sciences|generated,train
20600340006,train,14-15|Social Sciences|generated,train
20100580028,train,12-13|Arts & Humanities|generated,train
30300280045,train,12-13|Arts & Humanities|generated,train
30200850009,train,15+|Social Sciences|generated,train
20100350029,train,12-13|Social Sciences|generated,train
10101430032,train,14-15|Arts & Humanities|generated,train
10200570011,test,14-15|Arts & Humanities|generated,train
20101220015,train,15+|STEM|generated,train
10500460029,dev,12-13|Arts & Humanities|generated,train
30101660028,train,12-13|STEM|generated,train
30101610039,train,12-13|STEM|generated,train
10101700007,train,12-13|Arts & Humanities|generated,train
31100160014,train,12-13|Arts & Humanities|generated,train
10400470046,train,12-13|Social Sciences|generated,dev
20500270015,dev,14-15|Arts & Humanities|generated,train
20100380008,train,12-13|Arts & Humanities|generated,train
20100670008,train,14-15|Social Sciences|generated,train
20700160003,train,12-13|Arts & Humanities|generated,train
10400420106,train,12-13|Arts & Humanities|generated,train
10100410023,test,12-13|Arts & Humanities|generated,train
20100070024,train,14-15|Arts & Humanities|generated,dev
20400050070,train,12-13|Arts & Humanities|generated,train
30500230097,train,14-15|Arts & Humanities|generated,train
30200590007,train,14-15|Social Sciences|generated,train
20400250070,train,12-13|Arts & Humanities|generated,train
20101390015,train,14-15|Social Sciences|generated,train
20600630005,train,15+|Arts & Humanities|generated,dev
10500410008,test,12-13|Arts & Humanities|generated,train
30100050019,dev,14-15|STEM|generated,dev
30101580028,dev,12-13|STEM|generated,train
20100350008,dev,14-15|Social Sciences|generated,train
30400170042,train,14-15|Social Sciences|generated,train
20201080004,train,13-14|Social Sciences|generated,train
30400080006,train,14-15|Social Sciences|generated,train
30200890002,train,14-15|Social Sciences|generated,train
20300200050,train,14-15|Arts & Humanities|generated,train
10300310054,train,12-13|Arts & Humanities|generated,train
10102850018,train,12-13|Arts & Humanities|generated,train
30100190015,train,14-15|Arts & Humanities|generated,dev
10101240048,train,12-13|Arts & Humanities|generated,train
20101470036,train,15+|Social Sciences|generated,train
10102110047,train,13-14|Arts & Humanities|generated,train
10300300018,train,13-14|Arts & Humanities|generated,train
30101580065,train,14-15|STEM|generated,train
10102130010,train,12-13|Arts & Humanities|generated,train
10102110072,train,12-13|Arts & Humanities|generated,train
10500160045,train,14-15|Arts & Humanities|generated,train
30200180016,train,14-15|STEM|generated,train
10100970031,train,12-13|Arts & Humanities|generated,train
20600330003,train,14-15|STEM|generated,train
10100770018,dev,12-13|Arts & Humanities|generated,train
20300510056,train,12-13|Arts & Humanities|generated,train
20100120015,dev,15+|Social Sciences|generated,dev
30101320055,train,14-15|Social Sciences|generated,train
10102110093,train,12-13|Arts & Humanities|generated,train
20300180023,train,13-14|Arts & Humanities|generated,train
20100830018,train,12-13|Social Sciences|generated,train
30300480008,train,12-13|Arts & Humanities|generated,train
20100440012,train,14-15|Social Sciences|generated,train
10500140028,train,13-14|Arts & Humanities|generated,train
31100010004,train,14-15|Arts & Humanities|generated,dev
30500080060,train,14-15|Social Sciences|generated,train
30101130008,train,12-13|Social Sciences|generated,train
10400440033,dev,15+|Social Sciences|generated,train
20100090026,dev,12-13|Arts & Humanities|generated,train
30100100007,train,12-13|Social Sciences|generated,dev
20101460027,train,12-13|STEM|generated,train
30200840017,train,15+|Arts & Humanities|generated,train
10102140025,test,12-13|Arts & Humanities|generated,train
30100130048,train,12-13|STEM|generated,dev
30101380039,train,14-15|Social Sciences|generated,train
20100100031,train,14-15|Arts & Humanities|generated,dev
20300270010,train,12-13|Social Sciences|generated,train
10300100025,train,12-13|Arts & Humanities|generated,train
30300390014,train,12-13|Arts & Humanities|generated,train
20100050037,train,14-15|Social Sciences|generated,dev
30500180028,dev,12-13|Arts & Humanities|generated,dev
30101320047,dev,14-15|Social Sciences|generated,train
10300560018,train,13-14|Arts & Humanities|generated,train
30400070064,train,13-14|Social Sciences|generated,train
30100420033,train,14-15|Social Sciences|generated,train
10102070063,train,14-15|Arts & Humanities|generated,train
20400110002,dev,14-15|Social Sciences|generated,train
20100410001,test,12-13|Social Sciences|generated,train
20700160004,train,12-13|Arts & Humanities|generated,train
20101220023,train,14-15|STEM|generated,train
20900070029,train,12-13|Arts & Humanities|generated,train
20200650008,train,14-15|Social Sciences|generated,train
30100500010,train,14-15|Social Sciences|generated,train
30100440017,train,12-13|Social Sciences|generated,train
30101400023,test,14-15|Arts & Humanities|generated,train
30400170084,train,14-15|Social Sciences|generated,train
30101000034,train,15+|Arts & Humanities|generated,train
30101090035,train,12-13|Social Sciences|generated,train
10500330047,train,12-13|Arts & Humanities|generated,train
20100440019,train,12-13|Social Sciences|generated,train
20101380001,train,15+|Social Sciences|generated,train
30100590028,train,13-14|Social Sciences|generated,train
10400410083,train,14-15|Arts & Humanities|generated,train
20800200075,train,14-15|Arts & Humanities|generated,train
30400070009,train,14-15|Social Sciences|generated,train
10102000004,train,14-15|Arts & Humanities|generated,train
20400020066,test,12-13|Arts & Humanities|generated,train
20600570006,train,12-13|Arts & Humanities|generated,dev
10102850041,train,14-15|Arts & Humanities|generated,train
10500420021,train,14-15|Arts & Humanities|generated,train
10300270050,train,13-14|Arts & Humanities|generated,train
20101490013,train,12-13|Arts & Humanities|generated,train
20800190060,test,12-13|Arts & Humanities|generated,train
30100400009,dev,12-13|Social Sciences|generated,train
20700210003,test,12-13|Arts & Humanities|generated,train
10201080024,train,12-13|Social Sciences|generated,train
30400140059,train,12-13|Social Sciences|generated,train
10200390016,train,14-15|Arts & Humanities|generated,train
10101400024,train,14-15|Arts & Humanities|generated,train
30300270027,train,12-13|STEM|generated,train
20100830027,train,14-15|Social Sciences|generated,train
10102000037,train,14-15|Arts & Humanities|generated,train
10500390022,train,14-15|Arts & Humanities|generated,train
10101150092,test,12-13|Arts & Humanities|generated,train
30400050017,train,14-15|Social Sciences|generated,train
10101520015,train,12-13|Arts & Humanities|generated,train
20300170054,test,12-13|Arts & Humanities|generated,train
20200680010,train,12-13|Social Sciences|generated,train
20500650001,train,14-15|Arts & Humanities|generated,train
30500040064,train,12-13|Arts & Humanities|generated,train
30400010002,train,12-13|Social Sciences|generated,train
10200500011,train,14-15|Arts & Humanities|generated,train
30101420035,train,12-13|Arts & Humanities|generated,train
20101290022,train,15+|Social Sciences|generated,train
10300400035,dev,12-13|Arts & Humanities|generated,train
20300170026,train,13-14|Arts & Humanities|generated,train
10102140010,train,12-13|Arts & Humanities|generated,train
30100800011,train,14-15|Arts & Humanities|generated,train
10300440045,train,12-13|Arts & Humanities|generated,train
20100380006,train,12-13|Arts & Humanities|generated,train
20500770013,test,12-13|Arts & Humanities|generated,train
30100860033,dev,13-14|STEM|generated,train
30400040094,train,14-15|Social Sciences|generated,train
30200780016,train,12-13|Arts & Humanities|generated,train
20300470082,dev,13-14|Arts & Humanities|generated,train
20100610014,train,15+|Arts & Humanities|generated,train
30400010082,train,14-15|Social Sciences|generated,train
10100650019,dev,13-14|Arts & Humanities|generated,train
30200770002,train,14-15|Arts & Humanities|generated,train
20500510013,train,15+|Arts & Humanities|generated,train
20300590007,dev,14-15|Arts & Humanities|generated,train
20600320003,train,14-15|STEM|generated,train
30100950022,train,14-15|Arts & Humanities|generated,train
20800160096,train,12-13|Arts & Humanities|generated,train
20500700014,test,14-15|Arts & Humanities|generated,train
20400140009,train,12-13|Arts & Humanities|generated,train
10100440021,train,14-15|Arts & Humanities|generated,train
30100110005,dev,15+|Social Sciences|generated,train
10300470034,train,12-13|Arts & Humanities|generated,train
20300050027,train,12-13|Arts & Humanities|generated,dev
20101080018,train,14-15|Social Sciences|generated,train
20500430014,train,14-15|Arts & Humanities|generated,train
30400120055,test,14-15|Social Sciences|generated,train
10300150050,dev,13-14|Arts & Humanities|generated,train
30100100028,dev,15+|Social Sciences|generated,dev
20400350057,train,12-13|Social Sciences|generated,train
10400440083,train,12-13|Social Sciences|generated,train
20100600011,train,14-15|Arts & Humanities|generated,train
30100610006,test,14-15|Arts & Humanities|generated,train
30500190024,train,15+|Social Sciences|generated,train
10101150178,train,12-13|Arts & Humanities|generated,train
10100690039,train,12-13|Arts & Humanities|generated,train
20100300026,train,15+|Social Sciences|generated,train
10500540018,test,13-14|Arts & Humanities|generated,train
10100970007,train,13-14|Arts & Humanities|generated,train
10500040024,train,12-13|Arts & Humanities|generated,dev
10600130001,train,12-13|Arts & Humanities|generated,train
10102850030,train,14-15|Arts & Humanities|generated,train
20400540083,train,13-14|Arts & Humanities|generated,train
20100160003,train,14-15|STEM|generated,dev
31100070021,train,13-14|Arts & Humanities|generated,train
20200660011,test,14-15|Social Sciences|generated,train
10300410031,train,13-14|Arts & Humanities|generated,train
20100120008,train,14-15|Social Sciences|generated,dev
30101370035,train,14-15|Social Sciences|generated,train
30101500025,train,14-15|Social Sciences|generated,train
20300120053,test,13-14|Arts & Humanities|generated,train
20500250014,train,15+|Arts & Humanities|generated,train
20200540019,dev,12-13|Social Sciences|generated,train
20400220032,train,15+|Social Sciences|generated,train
30200460002,test,14-15|Social Sciences|generated,train
20800090015,train,12-13|Arts & Humanities|generated,train
20101590010,train,12-13|Social Sciences|generated,train
20300340016,train,14-15|Social Sciences|generated,train
30400070030,dev,12-13|Social Sciences|generated,train
30100890032,test,12-13|Arts & Humanities|generated,train
20200120006,train,12-13|STEM|generated,dev
10500340023,train,14-15|Arts & Humanities|generated,train
20100660002,train,12-13|Arts & Humanities|generated,train
20300330015,train,12-13|Arts & Humanities|generated,train
20500520012,test,14-15|Arts & Humanities|generated,train
30500030060,dev,12-13|Arts & Humanities|generated,train
10300340047,train,13-14|Arts & Humanities|generated,train
30100560006,train,14-15|STEM|generated,train
10300440048,test,12-13|Arts & Humanities|generated,train
30400140057,train,12-13|Social Sciences|generated,train
10101890006,test,12-13|Arts & Humanities|generated,train
20500710013,train,12-13|Arts & Humanities|generated,train
20400160055,train,12-13|Arts & Humanities|generated,dev
30500060070,dev,14-15|Arts & Humanities|generated,train
20200460013,test,13-14|Arts & Humanities|generated,train
30300360012,dev,14-15|Arts & Humanities|generated,train
20100670027,train,12-13|Social Sciences|generated,train
20300270005,train,15+|Social Sciences|generated,train
30100400008,train,14-15|Social Sciences|generated,train
30100760011,train,14-15|Social Sciences|generated,train
30200650012,train,14-15|Social Sciences|generated,train
10101170082,train,13-14|Arts & Humanities|generated,train
10500410041,train,12-13|Arts & Humanities|generated,train
30101630009,train,14-15|Arts & Humanities|generated,train
30400020022,dev,14-15|Social Sciences|generated,train
10400420103,test,13-14|Arts & Humanities|generated,train
30200460004,train,14-15|Social Sciences|generated,train
30300350013,train,12-13|STEM|generated,train
10500570008,train,13-14|Arts & Humanities|generated,train
10500460004,train,12-13|Arts & Humanities|generated,train
20200990016,dev,12-13|Arts & Humanities|generated,train
30300450038,train,12-13|STEM|generated,train
10400360168,train,12-13|Arts & Humanities|generated,train
10100840015,train,12-13|Arts & Humanities|generated,train
10101040076,train,14-15|Arts & Humanities|generated,train
20300590037,train,13-14|Arts & Humanities|generated,train
20101040021,train,14-15|STEM|generated,train
20400400025,train,12-13|Arts & Humanities|generated,dev
10100930035,train,14-15|Arts & Humanities|generated,train
10200340001,train,12-13|Arts & Humanities|generated,train
10100250002,train,12-13|Arts & Humanities|generated,dev
10101260010,train,12-13|Arts & Humanities|generated,train
10102650043,train,13-14|Arts & Humanities|generated,train
20101090026,train,12-13|Arts & Humanities|generated,train
30300440013,train,14-15|Arts & Humanities|generated,train
30400170055,train,14-15|Social Sciences|generated,train
30100570030,train,15+|STEM|generated,train
30101190048,train,14-15|Social Sciences|generated,train
30100440046,train,14-15|Social Sciences|generated,train
10300410021,test,12-13|Arts & Humanities|generated,train
10500260008,train,13-14|Arts & Humanities|generated,train
20700430006,train,13-14|Arts & Humanities|generated,train
10500180022,train,12-13|Arts & Humanities|generated,train
30300300039,train,14-15|Arts & Humanities|generated,train
20400320083,dev,12-13|Arts & Humanities|generated,dev
10100820105,dev,14-15|Arts & Humanities|generated,train
30101320031,train,12-13|Social Sciences|generated,train
20500290001,train,14-15|Arts & Humanities|generated,train
20101210019,train,14-15|Social Sciences|generated,train
20101090043,train,14-15|Arts & Humanities|generated,train
20200520017,train,12-13|Social Sciences|generated,train
20500350012,train,14-15|Arts & Humanities|generated,train
10100810015,train,12-13|Arts & Humanities|generated,train
30500170052,test,14-15|Arts & Humanities|generated,train
20100740015,train,14-15|STEM|generated,train
10300340037,dev,12-13|Arts & Humanities|generated,train
30100650021,test,14-15|STEM|generated,train
30100050027,train,14-15|STEM|generated,dev
20400300033,train,14-15|Arts & Humanities|generated,train
20101590002,train,12-13|Social Sciences|generated,train
10300190075,dev,14-15|Arts & Humanities|generated,train
30400140036,train,14-15|Social Sciences|generated,train
20500240015,dev,13-14|Arts & Humanities|generated,train
30300460042,train,14-15|Arts & Humanities|generated,train
10102850064,train,12-13|Arts & Humanities|generated,train
10600150007,train,12-13|Arts & Humanities|generated,train
30101190016,test,15+|Social Sciences|generated,train
10500380039,train,14-15|Arts & Humanities|generated,train
30100800027,test,14-15|Arts & Humanities|generated,train
30300010027,train,12-13|Arts & Humanities|generated,dev
30400110050,train,14-15|Social Sciences|generated,train
20400450044,train,14-15|Social Sciences|generated,train
10200540006,train,13-14|Arts & Humanities|generated,train
30100890008,test,15+|Arts & Humanities|generated,train
10102110084,train,14-15|Arts & Humanities|generated,train
30101610027,train,14-15|STEM|generated,train
20201450002,train,12-13|STEM|generated,train
20200580017,train,14-15|Social Sciences|generated,train
30100110018,train,12-13|Social Sciences|generated,train
30300570007,train,12-13|Social Sciences|generated,train
30100210016,train,14-15|STEM|generated,train
10102730025,train,12-13|Arts & Humanities|generated,train
30400110025,train,14-15|Social Sciences|generated,train
30101020037,test,14-15|STEM|generated,train
20101530004,train,12-13|Social Sciences|generated,train
30300440018,train,14-15|Arts & Humanities|generated,train
30300330025,test,14-15|Social Sciences|generated,train
10200580018,train,14-15|Arts & Humanities|generated,train
10500260047,test,13-14|Arts & Humanities|generated,train
20201460007,train,14-15|STEM|generated,train
10300270011,train,12-13|Arts & Humanities|generated,train
20100040037,train,14-15|STEM|generated,dev
20100020005,train,15+|Social Sciences|generated,dev
20500020001,dev,14-15|Arts & Humanities|generated,dev
20101190007,train,14-15|STEM|generated,train
30101350012,train,13-14|Arts & Humanities|generated,train
20101680006,train,12-13|Social Sciences|generated,train
30100800016,train,14-15|Arts & Humanities|generated,train
30100870010,train,15+|Social Sciences|generated,train
30101430013,train,15+|Arts & Humanities|generated,train
20300400038,test,14-15|Arts & Humanities|generated,train
10300420009,test,13-14|Arts & Humanities|generated,train
20300210009,train,14-15|Arts & Humanities|generated,train
30200560002,train,14-15|Social Sciences|generated,train
20300560032,train,13-14|Arts & Humanities|generated,train
30200570008,train,13-14|Social Sciences|generated,train
10400130063,train,12-13|Arts & Humanities|generated,train
20101580035,dev,14-15|Social Sciences|generated,train
20300570015,train,13-14|Arts & Humanities|generated,train
20100970014,train,14-15|Social Sciences|generated,train
20101430018,train,14-15|Social Sciences|generated,train
10500600023,train,12-13|Arts & Humanities|generated,train
20101490006,test,14-15|Arts & Humanities|generated,train
10102160007,train,13-14|Arts & Humanities|generated,train
20400170096,train,12-13|Arts & Humanities|generated,train
20300220004,train,12-13|Arts & Humanities|generated,train
30300270037,train,14-15|STEM|generated,train
30101290045,train,13-14|Social Sciences|generated,train
10101150153,train,12-13|Arts & Humanities|generated,train
20300580053,test,15+|Social Sciences|generated,train
20500240002,train,14-15|Arts & Humanities|generated,train
20700680005,train,14-15|Arts & Humanities|generated,train
20300320039,train,12-13|Arts & Humanities|generated,train
30400070077,train,14-15|Social Sciences|generated,train
30300100020,train,12-13|STEM|generated,train
10300260042,train,14-15|Arts & Humanities|generated,train
30100440011,train,14-15|Social Sciences|generated,train
20100830010,train,14-15|Social Sciences|generated,train
10101290081,train,14-15|Arts & Humanities|generated,train
30101170045,train,12-13|Social Sciences|generated,train
20600460005,train,12-13|Arts & Humanities|generated,train
30300530010,train,13-14|Arts & Humanities|generated,train
10500250051,train,12-13|Arts & Humanities|generated,train
20101010005,train,15+|Arts & Humanities|generated,train
20300570026,train,15+|Arts & Humanities|generated,train
20100910026,train,14-15|STEM|generated,train
20101120005,train,14-15|Social Sciences|generated,train
20100660023,train,14-15|Arts & Humanities|generated,train
30200880018,train,14-15|Social Sciences|generated,train
20300160003,dev,13-14|Arts & Humanities|generated,train
20200020003,dev,12-13|Arts & Humanities|generated,dev
30100060005,train,13-14|Arts & Humanities|generated,train
10500320026,train,12-13|Arts & Humanities|generated,train
30300140034,train,13-14|STEM|generated,train
20201400007,train,12-13|STEM|generated,train
20300510017,dev,13-14|Arts & Humanities|generated,train
30100500014,train,14-15|Social Sciences|generated,train
30101500054,train,12-13|Social Sciences|generated,train
20500830004,train,14-15|Arts & Humanities|generated,train
20100730009,train,15+|Social Sciences|generated,train
30100450032,train,15+|Social Sciences|generated,train
30101410034,train,13-14|Arts & Humanities|generated,train
20400090005,train,14-15|Social Sciences|generated,train
20100730019,train,14-15|Social Sciences|generated,train
20500200013,train,14-15|Arts & Humanities|generated,train
20100060024,train,15+|Social Sciences|generated,dev
20101600004,train,12-13|Social Sciences|generated,train
20300110004,train,14-15|Arts & Humanities|generated,train
20400470092,dev,14-15|Social Sciences|generated,train
20400110038,train,12-13|Social Sciences|generated,train
20101200011,train,15+|Social Sciences|generated,train
20300180025,train,13-14|Arts & Humanities|generated,train
10500010022,train,12-13|Arts & Humanities|generated,dev
20400320020,train,12-13|Arts & Humanities|generated,dev
30101510020,train,13-14|Social Sciences|generated,train
10100820082,test,14-15|Arts & Humanities|generated,train
30100590005,train,14-15|Social Sciences|generated,train
10101270019,train,14-15|Arts & Humanities|generated,train
20800180102,train,12-13|Arts & Humanities|generated,train
10101170052,train,13-14|Arts & Humanities|generated,train
30100610011,train,14-15|Arts & Humanities|generated,train
10400090178,train,12-13|Social Sciences|generated,train
20300390008,test,14-15|Social Sciences|generated,train
10101170129,train,12-13|Arts & Humanities|generated,train
20400470018,dev,15+|Social Sciences|generated,train
30101020015,train,14-15|STEM|generated,train
10200280017,train,12-13|Arts & Humanities|generated,train
20200460020,train,12-13|Arts & Humanities|generated,train
30400120038,train,14-15|Social Sciences|generated,train
20200930017,train,13-14|Arts & Humanities|generated,train
20101360015,dev,13-14|Social Sciences|generated,train
10101270004,dev,14-15|Arts & Humanities|generated,train
10300190027,dev,13-14|Arts & Humanities|generated,train
20600330007,train,15+|STEM|generated,train
30101410051,test,13-14|Arts & Humanities|generated,train
10500470021,train,12-13|Arts & Humanities|generated,train
20101630008,train,14-15|STEM|generated,train
30100140025,train,12-13|Social Sciences|generated,dev
10101910009,dev,12-13|Arts & Humanities|generated,train
20500300017,train,12-13|Arts & Humanities|generated,train
10101240055,dev,13-14|Arts & Humanities|generated,train
20200590015,train,14-15|Social Sciences|generated,train
30100720021,train,15+|Arts & Humanities|generated,train
20200520016,train,12-13|Social Sciences|generated,train
20200540018,train,13-14|Social Sciences|generated,train
30101170039,train,13-14|Social Sciences|generated,train
20100390014,train,15+|Social Sciences|generated,train
21000090021,train,14-15|Arts & Humanities|generated,train
20500460001,test,14-15|Arts & Humanities|generated,train
20101750026,train,13-14|Social Sciences|generated,train
10300180055,train,12-13|Arts & Humanities|generated,train
30500100088,train,12-13|Social Sciences|generated,train
20500430011,train,14-15|Arts & Humanities|generated,train
20600300005,train,12-13|STEM|generated,train
10200830006,train,12-13|Social Sciences|generated,train
30101050015,train,12-13|STEM|generated,train
10500300036,train,13-14|Arts & Humanities|generated,train
20400240062,train,12-13|Social Sciences|generated,dev
20101340030,dev,14-15|STEM|generated,train
20300260011,train,13-14|Arts & Humanities|generated,train
30400170037,train,15+|Social Sciences|generated,train
10300060016,train,14-15|Arts & Humanities|generated,dev
20300220018,train,14-15|Arts & Humanities|generated,train
20100280037,train,12-13|Social Sciences|generated,train
30400090016,train,12-13|Social Sciences|generated,train
20100550001,test,14-15|Social Sciences|generated,train
30300060032,train,14-15|Arts & Humanities|generated,dev
30101150033,train,13-14|Arts & Humanities|generated,train
10102650004,train,12-13|Arts & Humanities|generated,train
20101550005,train,14-15|STEM|generated,train
30100790036,train,13-14|STEM|generated,train
20101010038,train,15+|Arts & Humanities|generated,train
10102690012,train,14-15|Arts & Humanities|generated,train
20101150014,train,14-15|Social Sciences|generated,train
10500220012,train,12-13|Arts & Humanities|generated,train
10101940010,train,14-15|Arts & Humanities|generated,train
20400150087,train,15+|Arts & Humanities|generated,train
20300110025,train,14-15|Arts & Humanities|generated,train
20300550065,test,15+|Arts & Humanities|generated,train
30200250014,train,14-15|Social Sciences|generated,dev
30500210004,train,12-13|Social Sciences|generated,train
20400170051,train,14-15|Arts & Humanities|generated,train
30101360011,train,13-14|Arts & Humanities|generated,train
10101430046,train,12-13|Arts & Humanities|generated,train
30200090004,train,14-15|Arts & Humanities|generated,train
10300510007,train,14-15|Arts & Humanities|generated,train
20100900004,train,14-15|Social Sciences|generated,train
10200530014,test,14-15|Arts & Humanities|generated,train
30100120006,train,12-13|Social Sciences|generated,dev
31100170007,train,12-13|Arts & Humanities|generated,train
20300250040,test,14-15|Social Sciences|generated,train
20300020006,dev,13-14|Arts & Humanities|generated,dev
20400470065,train,14-15|Social Sciences|generated,train
20700490007,train,14-15|Arts & Humanities|generated,train
30100960038,dev,14-15|Social Sciences|generated,train
10400250008,train,12-13|Arts & Humanities|generated,train
20100210015,train,14-15|Social Sciences|generated,train
20500030010,train,12-13|Arts & Humanities|generated,dev
10200320020,test,12-13|Arts & Humanities|generated,train
20201200015,dev,12-13|STEM|generated,train
30300440016,train,14-15|Arts & Humanities|generated,train
30101540014,train,12-13|Social Sciences|generated,train
30100480018,train,12-13|STEM|generated,dev
20500010019,dev,14-15|Arts & Humanities|generated,dev
30500240092,train,14-15|Arts & Humanities|generated,train
30300680035,train,12-13|Arts & Humanities|generated,train
10100200031,train,12-13|Arts & Humanities|generated,dev
10500390023,test,13-14|Arts & Humanities|generated,train
20400090037,train,14-15|Social Sciences|generated,train
10500360048,train,13-14|Arts & Humanities|generated,train
10300300016,dev,12-13|Arts & Humanities|generated,train
30101190005,dev,14-15|Social Sciences|generated,train
20600670004,train,13-14|Arts & Humanities|generated,dev
20400160041,train,14-15|Arts & Humanities|generated,dev
20500530008,train,12-13|Arts & Humanities|generated,train
10102210012,dev,14-15|Arts & Humanities|generated,train
20101470018,test,14-15|Social Sciences|generated,train
10300270032,dev,12-13|Arts & Humanities|generated,train
20300400043,test,14-15|Arts & Humanities|generated,train
30101520022,dev,14-15|STEM|generated,train
30300040026,train,12-13|STEM|generated,train
20101060005,train,12-13|STEM|generated,train
10300150006,train,12-13|Arts & Humanities|generated,train
10300150057,train,12-13|Arts & Humanities|generated,train
10200840008,dev,12-13|Social Sciences|generated,train
30300140027,train,12-13|STEM|generated,train
10102650062,train,12-13|Arts & Humanities|generated,train
20500340008,train,14-15|Arts & Humanities|generated,train
10102070031,train,12-13|Arts & Humanities|generated,train
30101270011,test,14-15|Arts & Humanities|generated,train
20600510009,train,14-15|Arts & Humanities|generated,dev
20101520012,train,14-15|Social Sciences|generated,train
20400320092,train,12-13|Arts & Humanities|generated,dev
20101550013,train,14-15|STEM|generated,train
20100040008,train,14-15|STEM|generated,dev
20500520010,train,14-15|Arts & Humanities|generated,train
20300350041,train,14-15|Arts & Humanities|generated,train
10200740013,test,13-14|STEM|generated,train
30101660047,train,12-13|STEM|generated,train
30101100025,dev,12-13|Social Sciences|generated,train
10200710013,train,12-13|STEM|generated,train
20200730016,train,12-13|Arts & Humanities|generated,train
10100810136,test,12-13|Arts & Humanities|generated,train
10200760001,train,13-14|STEM|generated,train
30101380020,train,15+|Social Sciences|generated,train
10100650012,test,12-13|Arts & Humanities|generated,train
20500760015,train,13-14|Arts & Humanities|generated,train
10100390016,train,14-15|Arts & Humanities|generated,train
20900010031,train,13-14|Arts & Humanities|generated,dev
20600450019,dev,14-15|STEM|generated,train
20101360010,train,13-14|Social Sciences|generated,train
30200650015,train,14-15|Social Sciences|generated,train
30500170009,train,13-14|Arts & Humanities|generated,train
10500180014,dev,13-14|Arts & Humanities|generated,train
10102700044,train,12-13|Arts & Humanities|generated,train
10300340022,dev,12-13|Arts & Humanities|generated,train
10101910002,train,12-13|Arts & Humanities|generated,train
30101440006,train,12-13|Social Sciences|generated,train
20400440033,train,13-14|Arts & Humanities|generated,train
10100010024,train,13-14|Arts & Humanities|generated,dev
10300320022,dev,12-13|Arts & Humanities|generated,train
30101410053,train,13-14|Arts & Humanities|generated,train
20100120014,train,14-15|Social Sciences|generated,dev
10500230031,train,12-13|Arts & Humanities|generated,train
30101400025,train,12-13|Arts & Humanities|generated,train
10300210029,train,14-15|Arts & Humanities|generated,train
20201460004,test,12-13|STEM|generated,train
30500210011,dev,12-13|Social Sciences|generated,train
10102620006,train,14-15|Arts & Humanities|generated,train
30100540028,train,13-14|Arts & Humanities|generated,train
20200100007,train,14-15|Social Sciences|generated,dev
20100890008,train,14-15|Arts & Humanities|generated,train
10101520028,test,12-13|Arts & Humanities|generated,train
30100870018,train,14-15|Social Sciences|generated,train
20400240073,dev,14-15|Social Sciences|generated,dev
30100820019,train,13-14|Social Sciences|generated,train
20100040001,train,14-15|STEM|generated,dev
30101320016,train,12-13|Social Sciences|generated,train
30100140038,train,12-13|Social Sciences|generated,dev
30400110044,train,12-13|Social Sciences|generated,train
30300630009,train,13-14|Arts & Humanities|generated,train
10300310004,train,12-13|Arts & Humanities|generated,train
30500170024,train,14-15|Arts & Humanities|generated,train
20400570065,train,12-13|Social Sciences|generated,train
20300460011,test,15+|Social Sciences|generated,train
20600550008,train,14-15|Social Sciences|generated,train
20101450026,train,15+|Social Sciences|generated,train
30200890008,train,12-13|Social Sciences|generated,train
30100800034,train,14-15|Arts & Humanities|generated,train
10102000018,test,12-13|Arts & Humanities|generated,train
10500500013,test,12-13|Arts & Humanities|generated,train
30200520001,train,14-15|Social Sciences|generated,train
10300440015,train,14-15|Arts & Humanities|generated,train
20700680001,train,12-13|Arts & Humanities|generated,train
10101940026,train,12-13|Arts & Humanities|generated,train
20500040015,dev,14-15|Arts & Humanities|generated,dev
20201120015,test,14-15|Social Sciences|generated,train
20100240030,train,12-13|Arts & Humanities|generated,train
20600450008,train,14-15|STEM|generated,train
10500140012,train,12-13|Arts & Humanities|generated,train
20200270017,train,14-15|Arts & Humanities|generated,train
20100060011,train,14-15|Social Sciences|generated,dev
20200460018,train,14-15|Arts & Humanities|generated,train
10100930004,dev,14-15|Arts & Humanities|generated,train
30100050014,dev,14-15|STEM|generated,dev
10300020060,train,12-13|Arts & Humanities|generated,dev
10100410063,train,12-13|Arts & Humanities|generated,train
10500460008,train,12-13|Arts & Humanities|generated,train
30100140030,train,12-13|Social Sciences|generated,dev
30200510019,train,14-15|Social Sciences|generated,train
10500220013,train,12-13|Arts & Humanities|generated,train
20101460010,train,15+|STEM|generated,train
10100670016,train,12-13|Arts & Humanities|generated,train
20200290013,train,12-13|Arts & Humanities|generated,train
20300330031,train,14-15|Arts & Humanities|generated,train
20200350012,train,12-13|Arts & Humanities|generated,train
10300340039,train,12-13|Arts & Humanities|generated,train
10400350011,train,13-14|Social Sciences|generated,train
20200040014,train,12-13|Arts & Humanities|generated,dev
20400220002,train,14-15|Social Sciences|generated,train
10500020044,dev,12-13|Arts & Humanities|generated,train
20300050005,train,14-15|Arts & Humanities|generated,dev
20500360003,test,14-15|Arts & Humanities|generated,train
20300290011,train,14-15|Social Sciences|generated,train
20101080022,train,14-15|Social Sciences|generated,train
30100100005,train,14-15|Social Sciences|generated,dev
20100880025,dev,14-15|STEM|generated,train
20400330012,train,15+|Social Sciences|generated,train
10400240125,train,12-13|Arts & Humanities|generated,train
30500260026,dev,14-15|Arts & Humanities|generated,dev
20101150037,train,14-15|Social Sciences|generated,train
30300480035,train,12-13|Arts & Humanities|generated,train
30400060034,train,14-15|Social Sciences|generated,train
20500330019,train,13-14|Arts & Humanities|generated,train
20300580005,train,14-15|Social Sciences|generated,train
30100070003,train,12-13|Social Sciences|generated,dev
30200980001,train,14-15|STEM|generated,train
10500410040,train,12-13|Arts & Humanities|generated,train
30100900027,train,14-15|STEM|generated,train
10101150138,train,12-13|Arts & Humanities|generated,train
20101500004,train,12-13|Social Sciences|generated,train
31100150020,train,12-13|Arts & Humanities|generated,train
10400110147,train,12-13|Social Sciences|generated,dev
20201160011,train,12-13|Social Sciences|generated,train
20101010011,dev,15+|Arts & Humanities|generated,train
20101200013,train,12-13|Social Sciences|generated,train
10101040063,train,14-15|Arts & Humanities|generated,train
30101270006,train,14-15|Arts & Humanities|generated,train
20101060016,train,14-15|STEM|generated,train
20300260042,train,12-13|Arts & Humanities|generated,train
30500200034,test,14-15|Social Sciences|generated,train
20500710003,test,14-15|Arts & Humanities|generated,train
10500250040,train,12-13|Arts & Humanities|generated,train
20400470035,train,14-15|Social Sciences|generated,train
20600600009,train,12-13|Social Sciences|generated,train
10101990012,dev,12-13|Arts & Humanities|generated,train
20100670016,train,14-15|Social Sciences|generated,train
10300470010,train,12-13|Arts & Humanities|generated,train
20101520013,train,14-15|Social Sciences|generated,train
20101460014,dev,14-15|STEM|generated,train
10300430034,train,12-13|Arts & Humanities|generated,train
10200340016,train,12-13|Arts & Humanities|generated,train
30101470013,train,14-15|STEM|generated,train
20100240025,train,12-13|Arts & Humanities|generated,train
20100920003,train,14-15|Social Sciences|generated,train
30100030011,train,14-15|Social Sciences|generated,dev
20100820001,train,14-15|Social Sciences|generated,train
20300050055,train,12-13|Arts & Humanities|generated,dev
30500020041,train,14-15|Arts & Humanities|generated,train
10400440099,train,14-15|Social Sciences|generated,train
30100560015,test,15+|STEM|generated,train
30400140067,train,12-13|Social Sciences|generated,train
20500640013,test,12-13|Arts & Humanities|generated,train
20200420018,train,12-13|Arts & Humanities|generated,train
10101180069,test,14-15|Arts & Humanities|generated,train
20200800012,train,12-13|Arts & Humanities|generated,train
10500010017,train,12-13|Arts & Humanities|generated,dev
20101710012,train,14-15|Arts & Humanities|generated,train
20101080008,train,12-13|Social Sciences|generated,train
20201390006,train,14-15|STEM|generated,train
20900050021,train,13-14|Arts & Humanities|generated,train
30100890013,train,14-15|Arts & Humanities|generated,train
30100490032,train,14-15|STEM|generated,train
20100880001,dev,14-15|STEM|generated,train
20201410004,train,14-15|STEM|generated,train
20700820009,train,13-14|Arts & Humanities|generated,train
20101440014,train,13-14|STEM|generated,train
30300680042,train,14-15|Arts & Humanities|generated,train
20101080001,train,12-13|Social Sciences|generated,train
20200660003,test,14-15|Social Sciences|generated,train
30100540006,train,13-14|Arts & Humanities|generated,train
20400570009,train,14-15|Social Sciences|generated,train
30200460007,train,14-15|Social Sciences|generated,train
20500520005,train,15+|Arts & Humanities|generated,train
30101460002,train,15+|Social Sciences|generated,train
20100340028,train,14-15|STEM|generated,train
20201230001,train,12-13|STEM|generated,train
10500290011,train,12-13|Arts & Humanities|generated,train
30101340059,dev,13-14|Social Sciences|generated,train
21100020009,train,13-14|Arts & Humanities|generated,train
10400130194,dev,12-13|Arts & Humanities|generated,train
10500160023,train,12-13|Arts & Humanities|generated,train
21100010011,train,12-13|Arts & Humanities|generated,train
20300010019,train,14-15|Social Sciences|generated,dev
30300140015,train,14-15|STEM|generated,train
20101440030,train,14-15|STEM|generated,train
30101580013,train,14-15|STEM|generated,train
10300510017,train,14-15|Arts & Humanities|generated,train
20201100003,train,14-15|Social Sciences|generated,train
10500550012,dev,12-13|Arts & Humanities|generated,train
20201160016,train,14-15|Social Sciences|generated,train
10100670008,train,12-13|Arts & Humanities|generated,train
10100890060,train,12-13|Arts & Humanities|generated,train
20500530020,train,14-15|Arts & Humanities|generated,train
20101220003,train,14-15|STEM|generated,train
30101500006,train,13-14|Social Sciences|generated,train
20101170006,train,14-15|STEM|generated,train
30500280062,train,14-15|Social Sciences|generated,train
10300260043,train,14-15|Arts & Humanities|generated,train
30400120031,train,14-15|Social Sciences|generated,train
20700700009,test,12-13|Arts & Humanities|generated,train
20800020026,test,12-13|Arts & Humanities|generated,train
20600240014,train,13-14|STEM|generated,train
20900140034,train,14-15|Arts & Humanities|generated,train
10101150116,dev,12-13|Arts & Humanities|generated,train
20100170037,train,12-13|Social Sciences|generated,train
20300430038,train,14-15|Arts & Humanities|generated,train
10100590054,train,13-14|Arts & Humanities|generated,train
20100620004,dev,14-15|Social Sciences|generated,train
10500120036,train,12-13|Arts & Humanities|generated,train
10101150021,train,12-13|Arts & Humanities|generated,train
10101870048,train,12-13|Arts & Humanities|generated,train
20300470078,train,13-14|Arts & Humanities|generated,train
20700660008,test,12-13|Arts & Humanities|generated,train
30100610004,train,14-15|Arts & Humanities|generated,train
30300330041,train,14-15|Social Sciences|generated,train
20400090048,train,14-15|Social Sciences|generated,train
10500180018,train,12-13|Arts & Humanities|generated,train
30101360041,train,13-14|Arts & Humanities|generated,train
20300360007,train,14-15|Arts & Humanities|generated,train
30100530033,train,12-13|Social Sciences|generated,train
30100060023,train,13-14|Arts & Humanities|generated,train
20600290002,train,14-15|STEM|generated,train
30100690017,train,15+|Arts & Humanities|generated,train
30400120077,train,14-15|Social Sciences|generated,train
20300530063,train,12-13|Social Sciences|generated,train
20101650013,train,12-13|Social Sciences|generated,train
20201350004,train,12-13|STEM|generated,train
30100100022,dev,14-15|Social Sciences|generated,dev
20500340007,train,15+|Arts & Humanities|generated,train
30100130020,train,12-13|STEM|generated,dev
10300510018,test,14-15|Arts & Humanities|generated,train
30101420030,train,14-15|Arts & Humanities|generated,train
10102840028,train,12-13|Arts & Humanities|generated,train
20400330059,train,14-15|Social Sciences|generated,train
30100060057,train,12-13|Arts & Humanities|generated,train
10600030007,dev,12-13|Arts & Humanities|generated,train
10300440029,train,12-13|Arts & Humanities|generated,train
20100090005,train,14-15|Arts & Humanities|generated,train
30101380027,train,14-15|Social Sciences|generated,train
10500600018,train,13-14|Arts & Humanities|generated,train
30100180011,train,12-13|Arts & Humanities|generated,dev
30101220030,test,15+|Social Sciences|generated,train
30500080039,train,15+|Social Sciences|generated,train
20101180038,train,12-13|Arts & Humanities|generated,train
10500400045,train,13-14|Arts & Humanities|generated,train
30400010019,test,14-15|Social Sciences|generated,train
30400090067,train,12-13|Social Sciences|generated,train
10101510056,train,12-13|Arts & Humanities|generated,train
20600260002,train,14-15|STEM|generated,train
20100270026,train,14-15|Social Sciences|generated,train
30200840011,train,14-15|Arts & Humanities|generated,train
20900030004,train,12-13|Arts & Humanities|generated,train
20300320015,train,12-13|Arts & Humanities|generated,train
30200820010,train,15+|Arts & Humanities|generated,train
30100160027,train,12-13|Social Sciences|generated,train
10101890008,train,12-13|Arts & Humanities|generated,train
20500360008,train,14-15|Arts & Humanities|generated,train
20500070009,train,13-14|Arts & Humanities|generated,dev
20100080005,train,14-15|Arts & Humanities|generated,train
10102110091,train,12-13|Arts & Humanities|generated,train
30100820013,train,12-13|Social Sciences|generated,train
10100720025,train,12-13|Arts & Humanities|generated,train
30201030012,train,13-14|Social Sciences|generated,train
20300350017,test,12-13|Arts & Humanities|generated,train
10300150023,train,13-14|Arts & Humanities|generated,train
20100890021,dev,12-13|Arts & Humanities|generated,train
20300600022,test,15+|Arts & Humanities|generated,train
30100540004,train,14-15|Arts & Humanities|generated,train
20300540029,train,12-13|Arts & Humanities|generated,train
20101380025,test,14-15|Social Sciences|generated,train
30300080017,dev,14-15|STEM|generated,dev
20300610039,test,14-15|Arts & Humanities|generated,train
30200190003,train,14-15|STEM|generated,train
20700790015,train,12-13|Arts & Humanities|generated,train
10101150110,dev,12-13|Arts & Humanities|generated,train
10500170055,train,12-13|Arts & Humanities|generated,train
30101520023,train,14-15|STEM|generated,train
20300170025,test,12-13|Arts & Humanities|generated,train
30100190022,train,12-13|Arts & Humanities|generated,dev
10100930014,train,12-13|Arts & Humanities|generated,train
20100940008,train,14-15|STEM|generated,train
20101470040,test,14-15|Social Sciences|generated,train
10500040033,train,13-14|Arts & Humanities|generated,dev
20100970028,train,14-15|Social Sciences|generated,train
30400130109,train,12-13|Social Sciences|generated,dev
10200310004,train,12-13|Arts & Humanities|generated,train
20800060053,train,12-13|Arts & Humanities|generated,train
20100570008,test,14-15|Arts & Humanities|generated,train
10200940002,test,14-15|Social Sciences|generated,train
30100420037,train,14-15|Social Sciences|generated,train
30100560026,train,13-14|STEM|generated,train
10400210084,dev,15+|Social Sciences|generated,train
20100310009,train,12-13|Arts & Humanities|generated,train
20400570005,train,12-13|Social Sciences|generated,train
20600120001,dev,12-13|Social Sciences|generated,train
10300220015,train,12-13|Arts & Humanities|generated,train
20400530101,train,13-14|Social Sciences|generated,train
20500800012,test,12-13|Arts & Humanities|generated,train
20900010016,train,13-14|Arts & Humanities|generated,dev
20100480034,train,14-15|Social Sciences|generated,train
20101380005,dev,13-14|Social Sciences|generated,train
30101150035,test,12-13|Arts & Humanities|generated,train
30101450025,train,14-15|Arts & Humanities|generated,train
10101270044,train,14-15|Arts & Humanities|generated,train
30300410011,train,14-15|Arts & Humanities|generated,train
30100180014,train,15+|Arts & Humanities|generated,dev
10101710010,train,14-15|Arts & Humanities|generated,train
10101510077,train,14-15|Arts & Humanities|generated,train
20500470018,train,14-15|Arts & Humanities|generated,train
30101010022,train,14-15|Arts & Humanities|generated,train
30100660030,train,12-13|Social Sciences|generated,train
20400180034,train,14-15|Arts & Humanities|generated,train
10100420007,train,12-13|Arts & Humanities|generated,train
30100210032,train,14-15|STEM|generated,train
20101580015,train,12-13|Social Sciences|generated,train
30101660004,train,15+|STEM|generated,train
10300440028,train,12-13|Arts & Humanities|generated,train
21000020027,dev,13-14|Arts & Humanities|generated,train
30300560027,train,15+|Arts & Humanities|generated,train
20300590008,train,12-13|Arts & Humanities|generated,train
10101530021,train,12-13|Arts & Humanities|generated,train
20300370021,dev,13-14|Arts & Humanities|generated,train
30100440045,dev,12-13|Social Sciences|generated,train
30100020020,train,14-15|Social Sciences|generated,dev
30100590024,train,14-15|Social Sciences|generated,train
30200900019,train,14-15|Social Sciences|generated,train
10102890039,train,12-13|Arts & Humanities|generated,train
30100490014,train,15+|STEM|generated,train
10300590069,train,12-13|Arts & Humanities|generated,train
30101490005,train,13-14|Arts & Humanities|generated,train
10500040031,train,14-15|Arts & Humanities|generated,dev
30500190017,train,14-15|Social Sciences|generated,train
31100160020,train,15+|Arts & Humanities|generated,train
30300360010,train,12-13|Arts & Humanities|generated,train
10500300011,train,12-13|Arts & Humanities|generated,train
30300540028,train,12-13|Arts & Humanities|generated,train
30300290009,train,12-13|Arts & Humanities|generated,train
20200770002,train,14-15|Arts & Humanities|generated,train
30500260068,train,14-15|Arts & Humanities|generated,dev
20100520001,test,12-13|Arts & Humanities|generated,train
30101140024,test,15+|Social Sciences|generated,train
30200480020,train,14-15|Social Sciences|generated,train
30100660010,train,14-15|Social Sciences|generated,train
10300320027,test,13-14|Arts & Humanities|generated,train
30101140009,dev,14-15|Social Sciences|generated,train
20400480051,train,15+|Social Sciences|generated,dev
20101400004,train,12-13|Social Sciences|generated,train
20300310006,train,14-15|Arts & Humanities|generated,train
30300500009,train,12-13|STEM|generated,train
20600410005,test,14-15|STEM|generated,train
30101050005,train,12-13|STEM|generated,train
20300140035,train,15+|Arts & Humanities|generated,train
30200490009,train,15+|Social Sciences|generated,train
20101260022,train,15+|Social Sciences|generated,train
20400220026,test,12-13|Social Sciences|generated,train
30400170029,train,15+|Social Sciences|generated,train
31100070007,train,12-13|Arts & Humanities|generated,train
20100150001,train,14-15|STEM|generated,dev
30200430020,train,13-14|Social Sciences|generated,train
30200770003,test,12-13|Arts & Humanities|generated,train
10100380011,train,13-14|Arts & Humanities|generated,train
30101100016,train,14-15|Social Sciences|generated,train
30400110045,test,14-15|Social Sciences|generated,train
20200540006,train,12-13|Social Sciences|generated,train
10500060042,train,12-13|Arts & Humanities|generated,train
10102080007,train,12-13|Arts & Humanities|generated,train
20500490008,dev,14-15|Arts & Humanities|generated,train
20800040039,train,12-13|Arts & Humanities|generated,train
30300270047,train,12-13|STEM|generated,train
30300130039,train,13-14|Social Sciences|generated,train
10300130036,train,12-13|Arts & Humanities|generated,train
30400080003,train,15+|Social Sciences|generated,train
20900060005,train,13-14|Arts & Humanities|generated,train
30200090019,train,12-13|Arts & Humanities|generated,train
30200500009,dev,14-15|Social Sciences|generated,train
30101170053,train,13-14|Social Sciences|generated,train
10100930045,train,14-15|Arts & Humanities|generated,train
10500380014,train,13-14|Arts & Humanities|generated,train
10101450006,dev,13-14|Arts & Humanities|generated,train
30200670004,train,12-13|Social Sciences|generated,train
30300360029,train,14-15|Arts & Humanities|generated,train
30300350036,train,12-13|STEM|generated,train
10201010010,dev,14-15|Social Sciences|generated,train
10300390037,train,12-13|Arts & Humanities|generated,train
30300570013,train,13-14|Social Sciences|generated,train
30101110016,dev,14-15|Arts & Humanities|generated,train
30500120035,train,15+|Arts & Humanities|generated,train
30101430022,train,15+|Arts & Humanities|generated,train
20100380007,test,14-15|Arts & Humanities|generated,train
10102030013,train,13-14|Arts & Humanities|generated,train
10500060005,train,12-13|Arts & Humanities|generated,train
20100360012,train,14-15|Arts & Humanities|generated,train
30400040089,train,12-13|Social Sciences|generated,train
10500060008,train,13-14|Arts & Humanities|generated,train
20100090033,train,14-15|Arts & Humanities|generated,train
20400250021,train,13-14|Arts & Humanities|generated,train
20101290002,train,15+|Social Sciences|generated,train
10100970011,train,14-15|Arts & Humanities|generated,train
20900010036,train,13-14|Arts & Humanities|generated,dev
30100440052,test,14-15|Social Sciences|generated,train
30100640048,test,12-13|Arts & Humanities|generated,train
10100880032,test,12-13|Arts & Humanities|generated,train
20101080035,test,12-13|Social Sciences|generated,train
30101090043,train,13-14|Social Sciences|generated,train
30100070008,train,12-13|Social Sciences|generated,dev
30500010040,train,14-15|Arts & Humanities|generated,train
30500030082,train,14-15|Arts & Humanities|generated,train
20200040017,train,12-13|Arts & Humanities|generated,dev
20101650001,train,12-13|Social Sciences|generated,train
20101020005,train,14-15|Arts & Humanities|generated,train
20500470011,train,14-15|Arts & Humanities|generated,train
30100550054,train,13-14|Social Sciences|generated,train
30300120047,train,12-13|Social Sciences|generated,train
30101140022,train,14-15|Social Sciences|generated,train
20400450015,test,14-15|Social Sciences|generated,train
10101270024,train,12-13|Arts & Humanities|generated,train
20100390017,test,14-15|Social Sciences|generated,train
20100920029,train,15+|Social Sciences|generated,train
10400050084,train,12-13|Arts & Humanities|generated,train
20101220019,train,15+|STEM|generated,train
20600240022,train,14-15|STEM|generated,train
30500180045,train,12-13|Arts & Humanities|generated,dev
20100830013,train,14-15|Social Sciences|generated,train
20300270031,train,15+|Social Sciences|generated,train
10101130018,train,14-15|Arts & Humanities|generated,train
30101330048,train,13-14|Social Sciences|generated,train
31100200005,test,12-13|Arts & Humanities|generated,train
30100950045,train,14-15|Arts & Humanities|generated,train
30300020034,train,13-14|Arts & Humanities|generated,train
30200890005,train,14-15|Social Sciences|generated,train
30101600041,train,14-15|STEM|generated,train
10200370012,test,14-15|Arts & Humanities|generated,train
10102910020,train,13-14|Arts & Humanities|generated,train
20100150038,train,12-13|STEM|generated,dev
20100390015,dev,14-15|Social Sciences|generated,train
10300500018,train,12-13|Arts & Humanities|generated,train
20100590029,train,14-15|Arts & Humanities|generated,train
30100010021,train,12-13|Arts & Humanities|generated,dev
30101650014,train,15+|Arts & Humanities|generated,train
10100200039,dev,12-13|Arts & Humanities|generated,dev
10500140016,train,14-15|Arts & Humanities|generated,train
20500220020,train,15+|Arts & Humanities|generated,train
20700260001,train,14-15|Arts & Humanities|generated,train
10100900059,train,12-13|Arts & Humanities|generated,train
10102800006,train,12-13|Arts & Humanities|generated,train
10101520144,train,12-13|Arts & Humanities|generated,train
20400130130,train,12-13|Arts & Humanities|generated,train
20101440003,train,14-15|STEM|generated,train
20400010137,train,14-15|Arts & Humanities|generated,train
10100690066,train,12-13|Arts & Humanities|generated,train
10500280039,train,13-14|Arts & Humanities|generated,train
30400090007,train,12-13|Social Sciences|generated,train
20700070007,dev,12-13|Arts & Humanities|generated,dev
30300290035,train,12-13|Arts & Humanities|generated,train
30201000007,train,15+|Social Sciences|generated,train
10101270043,train,12-13|Arts & Humanities|generated,train
10500330012,train,13-14|Arts & Humanities|generated,train
10300120037,train,14-15|Arts & Humanities|generated,train
10500300038,test,12-13|Arts & Humanities|generated,train
20100470017,train,14-15|Arts & Humanities|generated,train
10100320013,train,12-13|Arts & Humanities|generated,train
20600320009,train,14-15|STEM|generated,train
20400470088,train,14-15|Social Sciences|generated,train
10300540015,dev,13-14|Arts & Humanities|generated,train
10400400151,train,14-15|Arts & Humanities|generated,train
10400290094,test,12-13|Arts & Humanities|generated,train
20600140031,train,14-15|Arts & Humanities|generated,dev
30100450010,train,12-13|Social Sciences|generated,train
20100010022,train,14-15|Social Sciences|generated,dev
20400380018,train,12-13|Arts & Humanities|generated,train
31100200018,test,12-13|Arts & Humanities|generated,train
20300340020,test,12-13|Social Sciences|generated,train
10300540072,train,12-13|Arts & Humanities|generated,train
30100120002,train,13-14|Social Sciences|generated,dev
30500210016,dev,12-13|Social Sciences|generated,train
10101790008,train,12-13|Arts & Humanities|generated,train
30300400053,train,14-15|Arts & Humanities|generated,train
30100520054,test,14-15|Social Sciences|generated,train
30300460058,train,12-13|Arts & Humanities|generated,train
10200330015,dev,12-13|Arts & Humanities|generated,train
20100580041,train,15+|Arts & Humanities|generated,train
10102130008,test,12-13|Arts & Humanities|generated,train
10500440027,train,13-14|Arts & Humanities|generated,train
20300370006,train,12-13|Arts & Humanities|generated,train
10300360002,train,12-13|Arts & Humanities|generated,train
10102690017,train,12-13|Arts & Humanities|generated,train
10101150180,train,14-15|Arts & Humanities|generated,train
30100390020,train,14-15|Arts & Humanities|generated,train
10300470064,train,13-14|Arts & Humanities|generated,train
10200820014,train,12-13|Social Sciences|generated,train
30101650005,test,14-15|Arts & Humanities|generated,train
30100520026,test,14-15|Social Sciences|generated,train
20100380012,train,14-15|Arts & Humanities|generated,train
10101700020,train,14-15|Arts & Humanities|generated,train
20400170070,train,12-13|Arts & Humanities|generated,train
10200330016,train,12-13|Arts & Humanities|generated,train
10500360031,test,12-13|Arts & Humanities|generated,train
10101830042,train,12-13|Arts & Humanities|generated,train
20300320017,test,12-13|Arts & Humanities|generated,train
20400240048,dev,12-13|Social Sciences|generated,dev
20200390018,train,13-14|Arts & Humanities|generated,train
10102040011,train,12-13|Arts & Humanities|generated,train
30100210030,train,12-13|STEM|generated,train
30500030025,dev,12-13|Arts & Humanities|generated,train
20600500006,dev,14-15|Arts & Humanities|generated,dev
30300120011,train,14-15|Social Sciences|generated,train
20600640009,train,14-15|Social Sciences|generated,train
30201040004,train,14-15|Social Sciences|generated,train
10100810050,train,12-13|Arts & Humanities|generated,train
20101440016,train,14-15|STEM|generated,train
20300160006,dev,14-15|Arts & Humanities|generated,train
30100040036,dev,14-15|STEM|generated,dev
30100400019,train,14-15|Social Sciences|generated,train
30100650027,dev,14-15|STEM|generated,train
10400130109,dev,12-13|Arts & Humanities|generated,train
10300610033,train,12-13|Arts & Humanities|generated,train
30101440038,train,13-14|Social Sciences|generated,train
20101640022,train,12-13|Social Sciences|generated,train
30300370011,train,12-13|Arts & Humanities|generated,train
10200870019,test,12-13|Social Sciences|generated,train
30500210044,dev,14-15|Social Sciences|generated,train
30101250021,test,12-13|Arts & Humanities|generated,train
20101130029,train,14-15|STEM|generated,train
30101190030,train,14-15|Social Sciences|generated,train
10500110006,train,14-15|Arts & Humanities|generated,train
20101030016,train,14-15|STEM|generated,train
20600680006,train,14-15|Arts & Humanities|generated,dev
30200210003,test,14-15|STEM|generated,train
10500420033,train,12-13|Arts & Humanities|generated,train
10500530018,train,12-13|Arts & Humanities|generated,train
30100580020,train,14-15|Arts & Humanities|generated,train
20200880019,train,14-15|Arts & Humanities|generated,train
30101480005,test,14-15|Arts & Humanities|generated,train
20100620001,train,14-15|Social Sciences|generated,train
10500290042,train,12-13|Arts & Humanities|generated,train
10101250018,train,12-13|Arts & Humanities|generated,train
30400020046,train,15+|Social Sciences|generated,train
20200430007,dev,12-13|Arts & Humanities|generated,train
20200960013,train,14-15|Arts & Humanities|generated,train
10300560020,train,13-14|Arts & Humanities|generated,train
20300120023,train,12-13|Arts & Humanities|generated,train
30300130030,train,14-15|Social Sciences|generated,train
20500010017,train,14-15|Arts & Humanities|generated,dev
20200370010,test,12-13|Arts & Humanities|generated,train
10500180009,train,12-13|Arts & Humanities|generated,train
20800120034,dev,12-13|Arts & Humanities|generated,dev
30200410003,train,12-13|Social Sciences|generated,train
20100570035,train,14-15|Arts & Humanities|generated,train
20100270030,train,14-15|Social Sciences|generated,train
20600370012,train,14-15|STEM|generated,train
10500500040,dev,13-14|Arts & Humanities|generated,train
20500720010,train,14-15|Arts & Humanities|generated,train
30101020007,train,14-15|STEM|generated,train
10101150032,train,12-13|Arts & Humanities|generated,train
20700590003,train,12-13|Arts & Humanities|generated,train
20100280023,train,12-13|Social Sciences|generated,train
10300410047,dev,12-13|Arts & Humanities|generated,train
10500550022,train,13-14|Arts & Humanities|generated,train
20100710006,train,12-13|Social Sciences|generated,train
10101990004,test,12-13|Arts & Humanities|generated,train
20101620006,train,12-13|Social Sciences|generated,train
10101150121,train,13-14|Arts & Humanities|generated,train
20100710019,test,14-15|Social Sciences|generated,train
10100410025,train,12-13|Arts & Humanities|generated,train
20100570025,train,14-15|Arts & Humanities|generated,train
30100160037,train,12-13|Social Sciences|generated,train
10101700015,train,14-15|Arts & Humanities|generated,train
20201150012,train,12-13|Social Sciences|generated,train
20101130024,train,14-15|STEM|generated,train
10400050197,train,12-13|Arts & Humanities|generated,train
10300380022,train,12-13|Arts & Humanities|generated,train
10300540060,train,12-13|Arts & Humanities|generated,train
10101870038,test,12-13|Arts & Humanities|generated,train
10400440090,train,14-15|Social Sciences|generated,train
20101260019,train,14-15|Social Sciences|generated,train
21000070030,train,14-15|Arts & Humanities|generated,train
20101370008,train,15+|Social Sciences|generated,train
30200400023,train,14-15|Social Sciences|generated,dev
30100790034,train,14-15|STEM|generated,train
10500550015,train,13-14|Arts & Humanities|generated,train
20200670008,train,14-15|Social Sciences|generated,train
10102110005,test,12-13|Arts & Humanities|generated,train
20700750003,train,12-13|Arts & Humanities|generated,train
30500120006,train,15+|Arts & Humanities|generated,train
20900020018,dev,14-15|Arts & Humanities|generated,dev
30100550017,train,14-15|Social Sciences|generated,train
20500060008,train,14-15|Arts & Humanities|generated,dev
10300550010,train,14-15|Arts & Humanities|generated,train
20300390024,train,15+|Social Sciences|generated,train
30100210015,train,15+|STEM|generated,train
30100010027,dev,12-13|Arts & Humanities|generated,dev
10300490009,train,12-13|Arts & Humanities|generated,train
30100130016,train,12-13|STEM|generated,dev
30101570028,test,12-13|Arts & Humanities|generated,train
30200540002,train,14-15|Social Sciences|generated,train
30101220017,test,12-13|Social Sciences|generated,train
20500290002,train,12-13|Arts & Humanities|generated,train
30100550040,train,12-13|Social Sciences|generated,train
30100890038,train,14-15|Arts & Humanities|generated,train
20200590001,train,12-13|Social Sciences|generated,train
10101170128,train,12-13|Arts & Humanities|generated,train
10102710016,train,13-14|Arts & Humanities|generated,train
20400400112,train,12-13|Arts & Humanities|generated,dev
30101180036,train,14-15|Social Sciences|generated,train
20400490012,train,13-14|Arts & Humanities|generated,train
10102030006,train,14-15|Arts & Humanities|generated,train
30200570011,train,13-14|Social Sciences|generated,train
10500450042,test,12-13|Arts & Humanities|generated,train
20101460034,train,14-15|STEM|generated,train
30101600034,train,13-14|STEM|generated,train
20400050099,train,12-13|Arts & Humanities|generated,train
10500600017,train,12-13|Arts & Humanities|generated,train
30100880010,train,12-13|Arts & Humanities|generated,train
10101050037,train,12-13|Arts & Humanities|generated,train
20100590002,train,13-14|Arts & Humanities|generated,train
20100550016,train,15+|Social Sciences|generated,train
30300110027,train,14-15|STEM|generated,train
20101690011,train,14-15|Social Sciences|generated,train
30200770004,train,12-13|Arts & Humanities|generated,train
20100580003,train,12-13|Arts & Humanities|generated,train
30300650026,train,13-14|Arts & Humanities|generated,train
20400430081,train,13-14|Arts & Humanities|generated,train
30200480009,train,14-15|Social Sciences|generated,train
30400040062,train,14-15|Social Sciences|generated,train
20600240017,test,12-13|STEM|generated,train
20400130125,dev,13-14|Arts & Humanities|generated,train
30500120016,train,15+|Arts & Humanities|generated,train
20100740036,train,14-15|STEM|generated,train
20600570002,train,14-15|Arts & Humanities|generated,dev
30200150016,dev,14-15|STEM|generated,train
30101000031,train,15+|Arts & Humanities|generated,train
20600620003,train,14-15|Social Sciences|generated,train
20500700009,train,12-13|Arts & Humanities|generated,train
20100190017,train,14-15|Social Sciences|generated,train
20400470087,train,12-13|Social Sciences|generated,train
20100660020,test,14-15|Arts & Humanities|generated,train
30101440021,train,15+|Social Sciences|generated,train
30100110029,train,15+|Social Sciences|generated,train
20600370006,train,12-13|STEM|generated,train
30101500052,train,14-15|Social Sciences|generated,train
30300020035,train,12-13|Arts & Humanities|generated,train
30100020045,train,15+|Social Sciences|generated,dev
10500530006,train,13-14|Arts & Humanities|generated,train
10500250050,train,13-14|Arts & Humanities|generated,train
30500030062,dev,12-13|Arts & Humanities|generated,train
30300140039,train,12-13|STEM|generated,train
20500510014,dev,15+|Arts & Humanities|generated,train
30101610008,dev,14-15|STEM|generated,train
30101260025,train,15+|Arts & Humanities|generated,train
10101270033,train,12-13|Arts & Humanities|generated,train
20400390005,train,15+|Arts & Humanities|generated,train
20201360013,train,13-14|STEM|generated,train
20400500038,train,14-15|Arts & Humanities|generated,train
30500060038,train,12-13|Arts & Humanities|generated,train
10300240008,train,13-14|Arts & Humanities|generated,train
10400210136,train,14-15|Social Sciences|generated,train
20100190027,train,14-15|Social Sciences|generated,train
30101280006,train,14-15|Arts & Humanities|generated,train
30300400016,train,14-15|Arts & Humanities|generated,train
30101610005,train,12-13|STEM|generated,train
30101530022,train,13-14|Social Sciences|generated,train
30300500037,train,12-13|STEM|generated,train
30100870025,train,15+|Social Sciences|generated,train
30300570027,train,12-13|Social Sciences|generated,train
20500760001,train,14-15|Arts & Humanities|generated,train
30300580012,train,14-15|Arts & Humanities|generated,train
20100350027,train,12-13|Social Sciences|generated,train
10300510029,train,14-15|Arts & Humanities|generated,train
20100660011,train,14-15|Arts & Humanities|generated,train
10400240009,test,12-13|Arts & Humanities|generated,train
10101430057,train,12-13|Arts & Humanities|generated,train
20600120002,dev,12-13|Social Sciences|generated,train
30400130047,train,12-13|Social Sciences|generated,dev
20101500010,train,14-15|Social Sciences|generated,train
30101170056,train,13-14|Social Sciences|generated,train
10400410079,dev,14-15|Arts & Humanities|generated,train
20300270013,train,14-15|Social Sciences|generated,train
20600090021,train,14-15|Arts & Humanities|generated,dev
10101510094,test,12-13|Arts & Humanities|generated,train
30200570009,train,14-15|Social Sciences|generated,train
20400480085,train,12-13|Social Sciences|generated,dev
30100910051,train,15+|Arts & Humanities|generated,train
30100010011,train,14-15|Arts & Humanities|generated,dev
20101090005,train,14-15|Arts & Humanities|generated,train
20100170034,train,12-13|Social Sciences|generated,train
20100900014,train,15+|Social Sciences|generated,train
10100710019,train,12-13|Arts & Humanities|generated,train
10800160008,train,14-15|Arts & Humanities|generated,train
30100490017,dev,14-15|STEM|generated,train
20100840052,train,12-13|Social Sciences|generated,train
30400110051,test,14-15|Social Sciences|generated,train
20600500013,train,12-13|Arts & Humanities|generated,dev
30101370071,train,14-15|Social Sciences|generated,train
20200570019,train,14-15|Social Sciences|generated,train
20400530109,train,14-15|Social Sciences|generated,train
30100180036,train,12-13|Arts & Humanities|generated,dev
20100310026,train,14-15|Arts & Humanities|generated,train
20200770003,train,14-15|Arts & Humanities|generated,train
30300040015,train,12-13|STEM|generated,train
30300490033,train,12-13|Social Sciences|generated,train
10102210008,train,12-13|Arts & Humanities|generated,train
20100410031,train,12-13|Social Sciences|generated,train
30100850008,train,14-15|Arts & Humanities|generated,train
10400400097,train,13-14|Arts & Humanities|generated,train
30200150013,dev,14-15|STEM|generated,train
20100040017,train,14-15|STEM|generated,dev
30100120014,dev,14-15|Social Sciences|generated,dev
20300470024,train,12-13|Arts & Humanities|generated,train
30300290019,train,12-13|Arts & Humanities|generated,train
30400050022,train,15+|Social Sciences|generated,train
20300420038,train,13-14|Arts & Humanities|generated,train
30500190027,train,15+|Social Sciences|generated,train
10300300052,train,13-14|Arts & Humanities|generated,train
30200180005,train,14-15|STEM|generated,train
20200570020,train,12-13|Social Sciences|generated,train
20200440002,train,12-13|Arts & Humanities|generated,train
20101700002,train,14-15|Arts & Humanities|generated,train
10300290022,test,13-14|Arts & Humanities|generated,train
30100540026,train,12-13|Arts & Humanities|generated,train
10400360012,train,14-15|Arts & Humanities|generated,train
10101900010,test,13-14|Arts & Humanities|generated,train
10101150072,dev,13-14|Arts & Humanities|generated,train
10500240033,train,12-13|Arts & Humanities|generated,train
30100550051,train,14-15|Social Sciences|generated,train
20200980009,train,14-15|Arts & Humanities|generated,train
10500380041,train,12-13|Arts & Humanities|generated,train
30300590030,train,14-15|Arts & Humanities|generated,train
20101750017,test,14-15|Social Sciences|generated,train
30300560007,train,14-15|Arts & Humanities|generated,train
20500260013,test,12-13|Arts & Humanities|generated,train
20101030017,train,14-15|STEM|generated,train
20800150084,train,12-13|Arts & Humanities|generated,train
20201180006,train,14-15|STEM|generated,train
20100460016,train,12-13|Social Sciences|generated,train
20700710001,train,14-15|Arts & Humanities|generated,train
20101620014,train,13-14|Social Sciences|generated,train
10100840044,train,14-15|Arts & Humanities|generated,train
10102610033,train,12-13|Arts & Humanities|generated,train
20100980008,train,14-15|STEM|generated,train
30101520017,train,14-15|STEM|generated,train
10101430038,train,14-15|Arts & Humanities|generated,train
10100670083,train,12-13|Arts & Humanities|generated,train
10300560005,train,13-14|Arts & Humanities|generated,train
10500270033,train,13-14|Arts & Humanities|generated,train
30200480012,test,14-15|Social Sciences|generated,train
30300270032,train,12-13|STEM|generated,train
20100240015,train,13-14|Arts & Humanities|generated,train
20100300016,dev,12-13|Social Sciences|generated,train
21300010056,train,13-14|Arts & Humanities|generated,dev
20500310010,train,13-14|Arts & Humanities|generated,train
20500110017,train,14-15|Arts & Humanities|generated,train
30200710013,train,14-15|Social Sciences|generated,train
20100190025,train,14-15|Social Sciences|generated,train
10300260014,train,12-13|Arts & Humanities|generated,train
20101730011,test,14-15|STEM|generated,train
20101000012,train,14-15|STEM|generated,train
30300360017,train,14-15|Arts & Humanities|generated,train
30100880005,train,13-14|Arts & Humanities|generated,train
30400020020,test,14-15|Social Sciences|generated,train
10300450010,train,12-13|Arts & Humanities|generated,train
20200060011,train,14-15|Social Sciences|generated,dev
20300050004,train,14-15|Arts & Humanities|generated,dev
20200330018,test,14-15|Arts & Humanities|generated,train
10300150021,test,13-14|Arts & Humanities|generated,train
30300300015,train,14-15|Arts & Humanities|generated,train
10400180037,test,12-13|Arts & Humanities|generated,train
30300240029,test,14-15|Social Sciences|generated,train
10100300021,train,14-15|Arts & Humanities|generated,train
20100750009,train,14-15|STEM|generated,train
30101060008,train,14-15|Social Sciences|generated,train
20101130038,dev,14-15|STEM|generated,train
20101420011,train,12-13|Arts & Humanities|generated,train
31100100005,train,14-15|Arts & Humanities|generated,train
10200580025,train,12-13|Arts & Humanities|generated,train
10100450008,train,12-13|Arts & Humanities|generated,train
10300490038,train,12-13|Arts & Humanities|generated,train
20101730015,train,14-15|STEM|generated,train
20400210042,train,12-13|Social Sciences|generated,train
30100960042,train,14-15|Social Sciences|generated,train
30300470041,train,14-15|Arts & Humanities|generated,train
20101580006,train,12-13|Social Sciences|generated,train
10300390023,dev,14-15|Arts & Humanities|generated,train
20300310027,test,12-13|Arts & Humanities|generated,train
30300060024,dev,12-13|Arts & Humanities|generated,dev
10500370049,train,12-13|Arts & Humanities|generated,train
20400250019,train,12-13|Arts & Humanities|generated,train
30200460010,test,14-15|Social Sciences|generated,train
30100420021,train,15+|Social Sciences|generated,train
20200290009,train,12-13|Arts & Humanities|generated,train
30400110005,train,14-15|Social Sciences|generated,train
30300390023,dev,12-13|Arts & Humanities|generated,train
30201010015,train,12-13|Social Sciences|generated,train
30100190028,train,14-15|Arts & Humanities|generated,dev
20100020001,train,12-13|Social Sciences|generated,dev
20100240034,train,12-13|Arts & Humanities|generated,train
20100590012,train,15+|Arts & Humanities|generated,train
20100360008,train,12-13|Arts & Humanities|generated,train
30400010023,train,14-15|Social Sciences|generated,train
20600260010,train,12-13|STEM|generated,train
20101670013,train,14-15|STEM|generated,train
20300020056,train,14-15|Arts & Humanities|generated,dev
10101870043,train,14-15|Arts & Humanities|generated,train
10300510026,train,12-13|Arts & Humanities|generated,train
20500450003,train,14-15|Arts & Humanities|generated,train
10400360144,train,12-13|Arts & Humanities|generated,train
20100150025,train,14-15|STEM|generated,dev
20400110015,train,14-15|Social Sciences|generated,train
20101550019,train,14-15|STEM|generated,train
20100280042,train,14-15|Social Sciences|generated,train
30101110006,test,12-13|Arts & Humanities|generated,train
30200690005,train,14-15|Social Sciences|generated,train
30100600024,dev,14-15|Social Sciences|generated,train
30300260027,test,12-13|Social Sciences|generated,train
10100820040,test,12-13|Arts & Humanities|generated,train
20400090028,test,14-15|Social Sciences|generated,train
20600600001,train,14-15|Social Sciences|generated,train
30101050025,train,12-13|STEM|generated,train
30400070022,train,14-15|Social Sciences|generated,train
30300500024,train,12-13|STEM|generated,train
10200520016,train,12-13|Arts & Humanities|generated,train
30300380022,train,13-14|Social Sciences|generated,train
30100550020,train,14-15|Social Sciences|generated,train
30400080055,train,14-15|Social Sciences|generated,train
30300260029,test,14-15|Social Sciences|generated,train
10100780032,test,12-13|Arts & Humanities|generated,train
20600470005,train,14-15|STEM|generated,train
20300330016,train,15+|Arts & Humanities|generated,train
10300240017,train,12-13|Arts & Humanities|generated,train
30100500025,train,14-15|Social Sciences|generated,train
10102610020,train,12-13|Arts & Humanities|generated,train
30500030056,train,12-13|Arts & Humanities|generated,train
30300110023,train,15+|STEM|generated,train
30101370041,dev,14-15|Social Sciences|generated,train
20200650018,train,14-15|Social Sciences|generated,train
30101570027,train,12-13|Arts & Humanities|generated,train
30300330021,test,15+|Social Sciences|generated,train
30101210030,train,12-13|Social Sciences|generated,train
20400470110,train,12-13|Social Sciences|generated,train
20100870023,train,12-13|STEM|generated,train
30101190012,train,12-13|Social Sciences|generated,train
10101530019,train,12-13|Arts & Humanities|generated,train
10500340021,train,13-14|Arts & Humanities|generated,train
10300310014,train,13-14|Arts & Humanities|generated,train
20101650017,train,14-15|Social Sciences|generated,train
30100190033,train,13-14|Arts & Humanities|generated,dev
30100790047,train,12-13|STEM|generated,train
10200960008,train,14-15|Social Sciences|generated,train
30100140022,train,13-14|Social Sciences|generated,dev
20200970009,train,12-13|Arts & Humanities|generated,train
20300240018,train,13-14|Arts & Humanities|generated,train
20600700001,train,14-15|Social Sciences|generated,train
10101940013,test,12-13|Arts & Humanities|generated,train
10101560048,train,12-13|Arts & Humanities|generated,train
30101540034,train,14-15|Social Sciences|generated,train
20500240008,train,15+|Arts & Humanities|generated,train
10102110116,train,14-15|Arts & Humanities|generated,train
30101650020,train,14-15|Arts & Humanities|generated,train
20200060008,train,14-15|Social Sciences|generated,dev
10200740004,train,14-15|STEM|generated,train
20200620017,train,12-13|Social Sciences|generated,train
10300110052,train,13-14|Arts & Humanities|generated,train
10500230032,train,12-13|Arts & Humanities|generated,train
10300380011,train,12-13|Arts & Humanities|generated,train
30400030065,train,12-13|Social Sciences|generated,train
20900110019,test,12-13|Arts & Humanities|generated,train
30400140078,train,12-13|Social Sciences|generated,train
10500210006,train,12-13|Arts & Humanities|generated,train
20400340054,train,13-14|Social Sciences|generated,train
30101110039,train,14-15|Arts & Humanities|generated,train
30200990016,train,15+|STEM|generated,train
30300060039,train,12-13|Arts & Humanities|generated,dev
10100340047,train,14-15|Arts & Humanities|generated,train
30300670009,train,12-13|Arts & Humanities|generated,train
30100740021,train,14-15|Social Sciences|generated,train
20101080016,train,12-13|Social Sciences|generated,train
10101290085,test,12-13|Arts & Humanities|generated,train
10101240039,train,12-13|Arts & Humanities|generated,train
20200580010,train,14-15|Social Sciences|generated,train
20300130015,dev,12-13|Arts & Humanities|generated,train
20800150024,train,12-13|Arts & Humanities|generated,train
30300550007,train,14-15|Arts & Humanities|generated,train
30200510018,train,14-15|Social Sciences|generated,train
10100820047,train,12-13|Arts & Humanities|generated,train
30300110017,train,14-15|STEM|generated,train
20100240029,train,12-13|Arts & Humanities|generated,train
10300290013,train,14-15|Arts & Humanities|generated,train
20100210022,train,14-15|Social Sciences|generated,train
20700790021,train,13-14|Arts & Humanities|generated,train
30300060042,train,14-15|Arts & Humanities|generated,dev
30101540036,train,12-13|Social Sciences|generated,train
20900040008,train,14-15|Arts & Humanities|generated,train
10102940011,train,14-15|Arts & Humanities|generated,train
30100770019,train,14-15|Social Sciences|generated,train
10300270024,train,14-15|Arts & Humanities|generated,train
10400010115,train,13-14|Arts & Humanities|generated,train
10100160010,train,13-14|Arts & Humanities|generated,dev
20300370024,train,12-13|Arts & Humanities|generated,train
30100960031,train,14-15|Social Sciences|generated,train
20101310019,train,14-15|Social Sciences|generated,train
20201390017,train,12-13|STEM|generated,train
10300140021,train,12-13|Arts & Humanities|generated,train
20100550009,train,12-13|Social Sciences|generated,train
20400380090,dev,12-13|Arts & Humanities|generated,train
10101240024,train,12-13|Arts & Humanities|generated,train
30100730012,train,14-15|Social Sciences|generated,train
30101360021,train,13-14|Arts & Humanities|generated,train
20200990010,test,12-13|Arts & Humanities|generated,train
30100800025,train,15+|Arts & Humanities|generated,train
20900040019,train,14-15|Arts & Humanities|generated,train
20101020004,train,14-15|Arts & Humanities|generated,train
30500010035,train,15+|Arts & Humanities|generated,train
10500590036,train,12-13|Arts & Humanities|generated,train
10101290070,dev,12-13|Arts & Humanities|generated,train
20400470055,train,12-13|Social Sciences|generated,train
20101260001,train,15+|Social Sciences|generated,train
20300270023,train,12-13|Social Sciences|generated,train
30101600004,train,15+|STEM|generated,train
21100170002,test,15+|Arts & Humanities|generated,train
10500370034,dev,12-13|Arts & Humanities|generated,train
20700790019,train,12-13|Arts & Humanities|generated,train
20300340027,train,13-14|Social Sciences|generated,train
30101000005,train,13-14|Arts & Humanities|generated,train
30100190032,train,13-14|Arts & Humanities|generated,dev
10500250035,train,13-14|Arts & Humanities|generated,train
30101190033,train,12-13|Social Sciences|generated,train
20300150041,dev,14-15|Arts & Humanities|generated,train
10500550023,train,12-13|Arts & Humanities|generated,train
30201000019,dev,12-13|Social Sciences|generated,train
20500150018,train,14-15|Arts & Humanities|generated,train
20400520054,test,14-15|Arts & Humanities|generated,train
30101260028,train,12-13|Arts & Humanities|generated,train
20100700014,train,14-15|STEM|generated,train
30100390027,train,14-15|Arts & Humanities|generated,train
30100920032,train,14-15|Arts & Humanities|generated,train
10102110006,train,14-15|Arts & Humanities|generated,train
20101580002,dev,12-13|Social Sciences|generated,train
20200570006,train,14-15|Social Sciences|generated,train
30200450003,dev,14-15|Social Sciences|generated,train
20800190065,train,14-15|Arts & Humanities|generated,train
20500110003,train,14-15|Arts & Humanities|generated,train
10500580040,train,12-13|Arts & Humanities|generated,train
20700440004,train,12-13|Arts & Humanities|generated,train
20500110004,train,12-13|Arts & Humanities|generated,train
30400080011,train,12-13|Social Sciences|generated,train
20300280026,train,14-15|Arts & Humanities|generated,train
10101560020,train,12-13|Arts & Humanities|generated,train
10500430047,train,12-13|Arts & Humanities|generated,train
10101990052,test,15+|Arts & Humanities|generated,train
30101050033,train,15+|STEM|generated,train
10101870046,test,12-13|Arts & Humanities|generated,train
30200520010,train,14-15|Social Sciences|generated,train
10300390015,train,13-14|Arts & Humanities|generated,train
20300180006,train,13-14|Arts & Humanities|generated,train
20400160077,train,15+|Arts & Humanities|generated,dev
30100770005,train,14-15|Social Sciences|generated,train
30101020010,train,14-15|STEM|generated,train
10200940009,test,12-13|Social Sciences|generated,train
30101500044,train,12-13|Social Sciences|generated,train
10102210020,train,12-13|Arts & Humanities|generated,train
20500330008,test,13-14|Arts & Humanities|generated,train
20500530014,train,14-15|Arts & Humanities|generated,train
20200110012,train,15+|Social Sciences|generated,dev
30101510010,dev,14-15|Social Sciences|generated,train
30101450034,train,14-15|Arts & Humanities|generated,train
20300210034,train,14-15|Arts & Humanities|generated,train
20100600003,train,12-13|Arts & Humanities|generated,train
30101080004,train,13-14|Arts & Humanities|generated,train
30400010036,train,14-15|Social Sciences|generated,train
20200310020,train,12-13|Arts & Humanities|generated,train
31100040001,train,13-14|Arts & Humanities|generated,train
20300240032,test,14-15|Arts & Humanities|generated,train
10300540052,dev,14-15|Arts & Humanities|generated,train
20700500021,train,12-13|Arts & Humanities|generated,train
20400150088,train,12-13|Arts & Humanities|generated,train
20300050011,train,12-13|Arts & Humanities|generated,dev
30101660018,train,14-15|STEM|generated,train
20100070020,train,12-13|Arts & Humanities|generated,dev
20500720009,train,12-13|Arts & Humanities|generated,train
30300230005,train,13-14|Social Sciences|generated,train
30100790031,train,13-14|STEM|generated,train
10200800004,train,12-13|STEM|generated,train
20100850008,dev,14-15|Social Sciences|generated,train
10500270051,train,12-13|Arts & Humanities|generated,train
30101610019,test,14-15|STEM|generated,train
20200330008,train,12-13|Arts & Humanities|generated,train
30200530007,train,14-15|Social Sciences|generated,train
10500290035,test,13-14|Arts & Humanities|generated,train
30400120034,train,14-15|Social Sciences|generated,train
10101050040,train,14-15|Arts & Humanities|generated,train
20500480011,train,12-13|Arts & Humanities|generated,train
20400340071,train,14-15|Social Sciences|generated,train
20100240011,train,15+|Arts & Humanities|generated,train
10102610019,train,12-13|Arts & Humanities|generated,train
20500240004,train,14-15|Arts & Humanities|generated,train
10400130009,train,12-13|Arts & Humanities|generated,train
20201400017,train,12-13|STEM|generated,train
10102930017,train,14-15|Arts & Humanities|generated,train
20101590021,train,12-13|Social Sciences|generated,train
20600600008,train,14-15|Social Sciences|generated,train
10500130035,train,12-13|Arts & Humanities|generated,train
20200060016,train,14-15|Social Sciences|generated,dev
20700020008,train,14-15|Arts & Humanities|generated,dev
30100130036,train,14-15|STEM|generated,dev
30500020038,train,14-15|Arts & Humanities|generated,train
30100150028,train,12-13|Social Sciences|generated,dev
30101470008,train,14-15|STEM|generated,train
20100960008,test,12-13|Social Sciences|generated,train
30101130010,train,12-13|Social Sciences|generated,train
10400440059,test,12-13|Social Sciences|generated,train
30300490011,train,14-15|Social Sciences|generated,train
10102710010,test,14-15|Arts & Humanities|generated,train
10200100004,train,15+|STEM|generated,dev
30500190028,test,15+|Social Sciences|generated,train
10400170161,test,12-13|Arts & Humanities|generated,train
30300280027,train,13-14|Arts & Humanities|generated,train
30200470011,dev,12-13|Social Sciences|generated,train
10300310013,train,12-13|Arts & Humanities|generated,train
20500340012,test,13-14|Arts & Humanities|generated,train
30100020042,train,12-13|Social Sciences|generated,dev
30500100033,dev,15+|Social Sciences|generated,train
30101530003,train,15+|Social Sciences|generated,train
10100310026,train,12-13|Arts & Humanities|generated,train
10500300029,train,13-14|Arts & Humanities|generated,train
20101160030,train,12-13|Arts & Humanities|generated,train
30500250056,train,13-14|Arts & Humanities|generated,train
30100460025,train,14-15|Social Sciences|generated,train
10300260046,train,12-13|Arts & Humanities|generated,train
20400020028,train,13-14|Arts & Humanities|generated,train
30100880007,train,13-14|Arts & Humanities|generated,train
20100840011,train,14-15|Social Sciences|generated,train
20400320084,dev,12-13|Arts & Humanities|generated,dev
20100240026,train,15+|Arts & Humanities|generated,train
10101180085,train,13-14|Arts & Humanities|generated,train
10500610027,train,14-15|Arts & Humanities|generated,train
10100580006,train,14-15|Arts & Humanities|generated,train
10101700014,train,14-15|Arts & Humanities|generated,train
30101090015,train,14-15|Social Sciences|generated,train
30101660006,train,15+|STEM|generated,train
20400400119,train,12-13|Arts & Humanities|generated,dev
30300300022,dev,14-15|Arts & Humanities|generated,train
30400090030,train,12-13|Social Sciences|generated,train
20600140002,train,14-15|Arts & Humanities|generated,dev
20101320003,train,14-15|Arts & Humanities|generated,train
30100530019,train,14-15|Social Sciences|generated,train
30400010022,train,14-15|Social Sciences|generated,train
30100790039,train,14-15|STEM|generated,train
30300270043,test,15+|STEM|generated,train
30201020020,train,15+|Social Sciences|generated,train
20500270018,train,12-13|Arts & Humanities|generated,train
30200530014,train,12-13|Social Sciences|generated,train
20100500016,dev,13-14|Arts & Humanities|generated,train
30200440004,train,14-15|Social Sciences|generated,train
10500470035,train,13-14|Arts & Humanities|generated,train
20100820006,train,14-15|Social Sciences|generated,train
20101160013,train,14-15|Arts & Humanities|generated,train
20300490032,train,15+|Arts & Humanities|generated,train
30300310019,train,12-13|STEM|generated,train
10500570015,train,12-13|Arts & Humanities|generated,train
30400020047,test,12-13|Social Sciences|generated,train
20500250012,train,15+|Arts & Humanities|generated,train
30101040019,train,15+|Arts & Humanities|generated,train
10300150003,dev,14-15|Arts & Humanities|generated,train
20100740002,train,14-15|STEM|generated,train
20700730010,train,12-13|Arts & Humanities|generated,train
10100200021,dev,12-13|Arts & Humanities|generated,dev
10102130015,train,14-15|Arts & Humanities|generated,train
20300530004,train,14-15|Social Sciences|generated,train
30100490048,train,14-15|STEM|generated,train
20300050015,train,12-13|Arts & Humanities|generated,dev
20100360001,train,12-13|Arts & Humanities|generated,train
10100140014,train,12-13|Arts & Humanities|generated,dev
30101570017,dev,14-15|Arts & Humanities|generated,train
30101580051,train,14-15|STEM|generated,train
20201170002,train,14-15|STEM|generated,train
10100640006,train,12-13|Arts & Humanities|generated,train
30101540059,train,12-13|Social Sciences|generated,train
10300290007,dev,12-13|Arts & Humanities|generated,train
30200230004,test,15+|STEM|generated,train
30101500053,train,12-13|Social Sciences|generated,train
20201390005,train,12-13|STEM|generated,train
30101230023,dev,14-15|Social Sciences|generated,train
20300530060,test,15+|Social Sciences|generated,train
20101200021,train,12-13|Social Sciences|generated,train
20100890002,dev,14-15|Arts & Humanities|generated,train
20400390020,train,15+|Arts & Humanities|generated,train
30101330003,train,12-13|Social Sciences|generated,train
30200450005,train,14-15|Social Sciences|generated,train
30100640056,train,13-14|Arts & Humanities|generated,train
10100910031,train,14-15|Arts & Humanities|generated,train
20100900017,train,14-15|Social Sciences|generated,train
10300510015,train,14-15|Arts & Humanities|generated,train
30100450035,test,14-15|Social Sciences|generated,train
30400170081,train,13-14|Social Sciences|generated,train
30100470019,train,12-13|Arts & Humanities|generated,train
10400110162,train,12-13|Social Sciences|generated,dev
10100730023,train,12-13|Arts & Humanities|generated,train
20101650034,train,14-15|Social Sciences|generated,train
20101440032,train,15+|STEM|generated,train
20100730045,test,15+|Social Sciences|generated,train
30100490023,train,14-15|STEM|generated,train
30500200009,dev,14-15|Social Sciences|generated,train
10300580009,train,14-15|Arts & Humanities|generated,train
30100540039,test,15+|Arts & Humanities|generated,train
20201360002,train,14-15|STEM|generated,train
20101630021,train,14-15|STEM|generated,train
10102570037,train,12-13|Arts & Humanities|generated,train
20100450030,test,15+|Arts & Humanities|generated,train
20400440017,test,12-13|Arts & Humanities|generated,train
30101530026,train,14-15|Social Sciences|generated,train
10102620033,train,12-13|Arts & Humanities|generated,train
30100190023,train,15+|Arts & Humanities|generated,dev
20900110002,test,12-13|Arts & Humanities|generated,train
10101700028,train,14-15|Arts & Humanities|generated,train
30200970001,train,13-14|STEM|generated,train
30400010108,train,14-15|Social Sciences|generated,train
21100010005,train,12-13|Arts & Humanities|generated,train
30101390006,train,13-14|Social Sciences|generated,train
30101390012,train,13-14|Social Sciences|generated,train
10100660025,train,13-14|Arts & Humanities|generated,train
20100970003,train,14-15|Social Sciences|generated,train
20600400009,train,14-15|STEM|generated,train
20400170119,train,12-13|Arts & Humanities|generated,train
10200950016,train,12-13|Social Sciences|generated,train
20101200016,train,14-15|Social Sciences|generated,train
20600290005,train,14-15|STEM|generated,train
30101420014,train,13-14|Arts & Humanities|generated,train
20400430080,dev,14-15|Arts & Humanities|generated,train
20300120055,test,12-13|Arts & Humanities|generated,train
10400440088,train,12-13|Social Sciences|generated,train
30500250036,train,14-15|Arts & Humanities|generated,train
20100970015,train,15+|Social Sciences|generated,train
10100200003,train,12-13|Arts & Humanities|generated,dev
30100040019,train,15+|STEM|generated,dev
30101630003,test,14-15|Arts & Humanities|generated,train
20400320041,dev,12-13|Arts & Humanities|generated,dev
30101000032,train,12-13|Arts & Humanities|generated,train
30500210012,train,12-13|Social Sciences|generated,train
20101730025,train,12-13|STEM|generated,train
30101010027,train,15+|Arts & Humanities|generated,train
10100200064,train,12-13|Arts & Humanities|generated,dev
30101530005,test,14-15|Social Sciences|generated,train
30300280018,train,12-13|Arts & Humanities|generated,train
10102710005,train,12-13|Arts & Humanities|generated,train
30100770011,test,13-14|Social Sciences|generated,train
10500380046,train,12-13|Arts & Humanities|generated,train
10102650018,train,12-13|Arts & Humanities|generated,train
10100120036,train,14-15|Arts & Humanities|generated,dev
30100130017,train,12-13|STEM|generated,dev
30100110033,dev,13-14|Social Sciences|generated,train
20900020023,train,14-15|Arts & Humanities|generated,dev
20700830009,dev,12-13|Arts & Humanities|generated,train
10400440003,dev,14-15|Social Sciences|generated,train
10200990009,train,12-13|Social Sciences|generated,train
20101090031,test,14-15|Arts & Humanities|generated,train
20101650035,train,14-15|Social Sciences|generated,train
20200250007,dev,12-13|Arts & Humanities|generated,train
30101290051,train,12-13|Social Sciences|generated,train
20300190007,train,13-14|Arts & Humanities|generated,train
30100040008,train,14-15|STEM|generated,dev
20101680034,train,14-15|Social Sciences|generated,train
21300010050,train,13-14|Arts & Humanities|generated,dev
10300330038,train,13-14|Arts & Humanities|generated,train
20101310020,train,14-15|Social Sciences|generated,train
30100160036,train,12-13|Social Sciences|generated,train
30200870015,train,14-15|Social Sciences|generated,train
30400130045,train,12-13|Social Sciences|generated,dev
10102130022,train,14-15|Arts & Humanities|generated,train
20400470061,test,14-15|Social Sciences|generated,train
10101150130,train,12-13|Arts & Humanities|generated,train
30100560024,train,14-15|STEM|generated,train
20300020057,train,12-13|Arts & Humanities|generated,dev
20101010034,train,14-15|Arts & Humanities|generated,train
20200590008,train,14-15|Social Sciences|generated,train
20800050047,train,12-13|Arts & Humanities|generated,train
30100600038,train,12-13|Social Sciences|generated,train
20300340019,train,13-14|Social Sciences|generated,train
30101170055,train,13-14|Social Sciences|generated,train
10100650016,train,12-13|Arts & Humanities|generated,train
20101380013,train,12-13|Social Sciences|generated,train
10101430051,train,14-15|Arts & Humanities|generated,train
30100060029,train,13-14|Arts & Humanities|generated,train
20100620030,test,12-13|Social Sciences|generated,train
20500060009,dev,12-13|Arts & Humanities|generated,dev
10300170042,train,13-14|Arts & Humanities|generated,train
20101650033,test,14-15|Social Sciences|generated,train
20100240054,train,13-14|Arts & Humanities|generated,train
20300500010,train,12-13|Arts & Humanities|generated,train
30400070012,train,12-13|Social Sciences|generated,train
20101420008,test,13-14|Arts & Humanities|generated,train
10102850058,train,12-13|Arts & Humanities|generated,train
20201330014,train,12-13|STEM|generated,train
30101310011,train,15+|STEM|generated,train
10300170050,train,13-14|Arts & Humanities|generated,train
10200540019,train,14-15|Arts & Humanities|generated,train
20500840002,train,14-15|Arts & Humanities|generated,train
30101620004,train,14-15|Arts & Humanities|generated,train
30300570037,train,12-13|Social Sciences|generated,train
20100190003,train,12-13|Social Sciences|generated,train
20500110001,train,14-15|Arts & Humanities|generated,train
31200010020,train,13-14|Arts & Humanities|generated,train
10102700009,train,12-13|Arts & Humanities|generated,train
20101190032,train,14-15|STEM|generated,train
30400040020,train,12-13|Social Sciences|generated,train
30500090071,train,14-15|Social Sciences|generated,train
30300600031,dev,12-13|Social Sciences|generated,train
20300180042,train,12-13|Arts & Humanities|generated,train
30300410012,train,12-13|Arts & Humanities|generated,train
30101140027,train,14-15|Social Sciences|generated,train
10200750010,train,14-15|STEM|generated,train
30100900024,dev,14-15|STEM|generated,train
10300450012,dev,13-14|Arts & Humanities|generated,train
30100720017,dev,12-13|Arts & Humanities|generated,train
30200490006,train,14-15|Social Sciences|generated,train
30101200067,test,14-15|Arts & Humanities|generated,train
20600450010,train,14-15|STEM|generated,train
20500480007,dev,14-15|Arts & Humanities|generated,train
10300540047,dev,13-14|Arts & Humanities|generated,train
20300200053,train,13-14|Arts & Humanities|generated,train
10400400173,train,12-13|Arts & Humanities|generated,train
20400380009,train,14-15|Arts & Humanities|generated,train
20500440009,train,12-13|Arts & Humanities|generated,train
20300140011,train,12-13|Arts & Humanities|generated,train
10101780015,test,12-13|Arts & Humanities|generated,train
30500120023,train,14-15|Arts & Humanities|generated,train
10300280030,train,13-14|Arts & Humanities|generated,train
20101430015,train,12-13|Social Sciences|generated,train
20101210005,train,12-13|Social Sciences|generated,train
10300150033,train,15+|Arts & Humanities|generated,train
10101850005,train,12-13|Arts & Humanities|generated,train
20100420016,dev,14-15|Arts & Humanities|generated,train
20200120007,dev,13-14|STEM|generated,dev
30300280039,train,12-13|Arts & Humanities|generated,train
10101910008,train,13-14|Arts & Humanities|generated,train
30101440009,train,15+|Social Sciences|generated,train
30101510035,train,14-15|Social Sciences|generated,train
20700840003,train,13-14|Arts & Humanities|generated,train
20200660016,train,12-13|Social Sciences|generated,train
20400320046,train,12-13|Arts & Humanities|generated,dev
30300090040,train,15+|STEM|generated,train
10300390026,test,12-13|Arts & Humanities|generated,train
10101200028,train,12-13|Arts & Humanities|generated,train
10600080008,train,13-14|Arts & Humanities|generated,train
10500010034,train,12-13|Arts & Humanities|generated,dev
20500710012,train,12-13|Arts & Humanities|generated,train
10400420073,dev,14-15|Arts & Humanities|generated,train
10101270012,train,12-13|Arts & Humanities|generated,train
30500280067,train,14-15|Social Sciences|generated,train
10100120019,train,12-13|Arts & Humanities|generated,dev
20201220004,train,14-15|STEM|generated,train
20300160035,train,15+|Arts & Humanities|generated,train
10600190005,test,13-14|Arts & Humanities|generated,train
30100830010,dev,15+|Social Sciences|generated,train
20400100035,train,14-15|Social Sciences|generated,train
20100800023,train,12-13|Social Sciences|generated,train
20200340017,train,14-15|Arts & Humanities|generated,train
20200760005,train,14-15|Arts & Humanities|generated,train
10300450041,test,12-13|Arts & Humanities|generated,train
30500060037,train,13-14|Arts & Humanities|generated,train
10101210040,test,14-15|Arts & Humanities|generated,train
20100160016,train,15+|STEM|generated,dev
30200470006,train,12-13|Social Sciences|generated,train
30200190018,train,14-15|STEM|generated,train
10100200050,train,12-13|Arts & Humanities|generated,dev
10200110009,train,14-15|STEM|generated,dev
20500230015,train,14-15|Arts & Humanities|generated,train
20200040019,train,12-13|Arts & Humanities|generated,dev
20100580012,train,14-15|Arts & Humanities|generated,train
30101610048,train,14-15|STEM|generated,train
20300400037,train,14-15|Arts & Humanities|generated,train
30200330012,train,14-15|STEM|generated,dev
20300160039,train,13-14|Arts & Humanities|generated,train
30200880005,train,14-15|Social Sciences|generated,train
10500220034,train,12-13|Arts & Humanities|generated,train
10100820136,train,12-13|Arts & Humanities|generated,train
10101240002,train,14-15|Arts & Humanities|generated,train
10101150182,train,12-13|Arts & Humanities|generated,train
30100670039,test,15+|Social Sciences|generated,train
30100520036,train,14-15|Social Sciences|generated,train
30200250012,train,12-13|Social Sciences|generated,dev
30500270011,train,14-15|Social Sciences|generated,train
10102910033,train,12-13|Arts & Humanities|generated,train
10400110124,train,12-13|Social Sciences|generated,dev
20101360009,train,14-15|Social Sciences|generated,train
30100370025,train,14-15|Social Sciences|generated,train
20100910036,dev,14-15|STEM|generated,train
10102160031,train,12-13|Arts & Humanities|generated,train
30200330013,train,12-13|STEM|generated,dev
31200010010,train,13-14|Arts & Humanities|generated,train
20100310024,train,14-15|Arts & Humanities|generated,train
20100400007,test,12-13|Social Sciences|generated,train
30100210049,train,14-15|STEM|generated,train
20400470037,train,12-13|Social Sciences|generated,train
20700730012,train,12-13|Arts & Humanities|generated,train
30100150034,train,14-15|Social Sciences|generated,dev
30300060027,dev,12-13|Arts & Humanities|generated,dev
30101560035,train,15+|Arts & Humanities|generated,train
10101180009,train,12-13|Arts & Humanities|generated,train
30201000005,train,13-14|Social Sciences|generated,train
10101280007,train,14-15|Arts & Humanities|generated,train
30101210044,train,14-15|Social Sciences|generated,train
30100450006,train,13-14|Social Sciences|generated,train
10400200036,train,12-13|Arts & Humanities|generated,dev
20101320028,dev,14-15|Arts & Humanities|generated,train
10101780031,train,12-13|Arts & Humanities|generated,train
30200070015,train,15+|Arts & Humanities|generated,train
20300270019,train,14-15|Social Sciences|generated,train
20101140001,dev,12-13|Social Sciences|generated,train
10300300032,test,14-15|Arts & Humanities|generated,train
20300250029,train,15+|Social Sciences|generated,train
10300140016,train,13-14|Arts & Humanities|generated,train
30101090002,train,14-15|Social Sciences|generated,train
10100730006,test,14-15|Arts & Humanities|generated,train
30300060028,train,14-15|Arts & Humanities|generated,dev
20100670014,train,14-15|Social Sciences|generated,train
30400090040,train,14-15|Social Sciences|generated,train
10101030007,dev,12-13|Arts & Humanities|generated,train
30400020064,train,14-15|Social Sciences|generated,train
20600240023,train,14-15|STEM|generated,train
30500110060,train,12-13|Social Sciences|generated,dev
30100720024,train,15+|Arts & Humanities|generated,train
31100060002,test,13-14|Arts & Humanities|generated,train
10100470009,train,12-13|Arts & Humanities|generated,train
30300440038,train,15+|Arts & Humanities|generated,train
30101500013,train,14-15|Social Sciences|generated,train
30100150026,train,12-13|Social Sciences|generated,dev
30300040002,train,12-13|STEM|generated,train
30400070065,train,14-15|Social Sciences|generated,train
30300400019,train,14-15|Arts & Humanities|generated,train
30300240025,train,15+|Social Sciences|generated,train
20101330027,train,14-15|Social Sciences|generated,train
10500610029,test,12-13|Arts & Humanities|generated,train
10500110029,train,14-15|Arts & Humanities|generated,train
20100580026,test,12-13|Arts & Humanities|generated,train
30300240018,train,14-15|Social Sciences|generated,train
20500710010,train,14-15|Arts & Humanities|generated,train
30101650016,train,14-15|Arts & Humanities|generated,train
20700750010,train,13-14|Arts & Humanities|generated,train
20101010039,dev,14-15|Arts & Humanities|generated,train
30100040005,train,14-15|STEM|generated,dev
20300380022,train,13-14|Arts & Humanities|generated,train
10300430016,train,12-13|Arts & Humanities|generated,train
30100670013,train,14-15|Social Sciences|generated,train
20101110006,train,14-15|Social Sciences|generated,train
30200560020,dev,14-15|Social Sciences|generated,train
20100850030,train,12-13|Social Sciences|generated,train
30300490025,test,14-15|Social Sciences|generated,train
20100700018,dev,12-13|STEM|generated,train
20300610005,dev,13-14|Arts & Humanities|generated,train
20100210007,train,14-15|Social Sciences|generated,train
20500140017,dev,14-15|Arts & Humanities|generated,train
30100180012,train,13-14|Arts & Humanities|generated,dev
30101580015,dev,12-13|STEM|generated,train
10100930007,train,14-15|Arts & Humanities|generated,train
20700740001,train,12-13|Arts & Humanities|generated,train
10300410005,train,12-13|Arts & Humanities|generated,train
10500610014,dev,13-14|Arts & Humanities|generated,train
20300050009,train,12-13|Arts & Humanities|generated,dev
20400440012,train,14-15|Arts & Humanities|generated,train
10101570048,train,13-14|Arts & Humanities|generated,train
10101990043,train,12-13|Arts & Humanities|generated,train
10101270042,train,14-15|Arts & Humanities|generated,train
30101270020,train,13-14|Arts & Humanities|generated,train
20500730018,train,14-15|Arts & Humanities|generated,train
20101360022,train,14-15|Social Sciences|generated,train
20200570010,train,12-13|Social Sciences|generated,train
10400440005,test,14-15|Social Sciences|generated,train
20300250032,train,12-13|Social Sciences|generated,train
20101650023,train,14-15|Social Sciences|generated,train
10500290020,dev,12-13|Arts & Humanities|generated,train
20400250018,train,14-15|Arts & Humanities|generated,train
30101500042,train,12-13|Social Sciences|generated,train
10300020048,dev,12-13|Arts & Humanities|generated,dev
30100950043,train,14-15|Arts & Humanities|generated,train
20201100002,dev,12-13|Social Sciences|generated,train
10101170063,train,12-13|Arts & Humanities|generated,train
10101780030,dev,12-13|Arts & Humanities|generated,train
10200970005,train,12-13|Social Sciences|generated,train
30101300007,train,14-15|Social Sciences|generated,train
30101330015,dev,12-13|Social Sciences|generated,train
20700830020,train,12-13|Arts & Humanities|generated,train
30100410015,train,12-13|Social Sciences|generated,train
20100710021,test,14-15|Social Sciences|generated,train
10500010015,train,12-13|Arts & Humanities|generated,dev
20300250003,train,12-13|Social Sciences|generated,train
20101630010,train,14-15|STEM|generated,train
20400470038,train,14-15|Social Sciences|generated,train
20201000015,train,14-15|Arts & Humanities|generated,train
10200750012,test,12-13|STEM|generated,train
20500850013,train,15+|Arts & Humanities|generated,train
20200530016,train,12-13|Social Sciences|generated,train
20500020017,train,12-13|Arts & Humanities|generated,dev
30100170004,train,14-15|Arts & Humanities|generated,train
30100690008,train,14-15|Arts & Humanities|generated,train
30100050003,train,14-15|STEM|generated,dev
30101070009,train,13-14|Social Sciences|generated,train
20500820015,test,12-13|Arts & Humanities|generated,train
20300290014,train,14-15|Social Sciences|generated,train
10300210016,train,12-13|Arts & Humanities|generated,train
30200820003,train,14-15|Arts & Humanities|generated,train
20101620022,train,14-15|Social Sciences|generated,train
10300140017,train,12-13|Arts & Humanities|generated,train
20100820023,test,12-13|Social Sciences|generated,train
20600430016,train,14-15|Arts & Humanities|generated,train
30500150065,train,14-15|Arts & Humanities|generated,train
10101220019,train,14-15|Arts & Humanities|generated,train
20101140006,train,14-15|Social Sciences|generated,train
10101510018,train,13-14|Arts & Humanities|generated,train
30101150005,train,14-15|Arts & Humanities|generated,train
10500360027,test,13-14|Arts & Humanities|generated,train
30100440049,train,12-13|Social Sciences|generated,train
10200420014,train,13-14|Arts & Humanities|generated,train
20100490011,test,14-15|Social Sciences|generated,train
20400330046,train,14-15|Social Sciences|generated,train
10102700011,train,12-13|Arts & Humanities|generated,train
20300030019,train,14-15|Arts & Humanities|generated,dev
20101090012,dev,14-15|Arts & Humanities|generated,train
10300140034,train,12-13|Arts & Humanities|generated,train
30100750022,train,15+|Arts & Humanities|generated,train
30101330027,train,12-13|Social Sciences|generated,train
20100580024,dev,14-15|Arts & Humanities|generated,train
30100170031,train,13-14|Arts & Humanities|generated,train
20400340036,train,14-15|Social Sciences|generated,train
30101590004,train,14-15|Social Sciences|generated,train
30100410007,train,15+|Social Sciences|generated,train
10300200011,test,12-13|Arts & Humanities|generated,train
30300290028,dev,12-13|Arts & Humanities|generated,train
20300270018,train,14-15|Social Sciences|generated,train
30101000012,train,13-14|Arts & Humanities|generated,train
30300230018,train,14-15|Social Sciences|generated,train
30100390034,train,15+|Arts & Humanities|generated,train
10500410016,train,12-13|Arts & Humanities|generated,train
20101200036,train,12-13|Social Sciences|generated,train
20600300002,train,14-15|STEM|generated,train
30101340056,test,13-14|Social Sciences|generated,train
20101230027,train,12-13|Social Sciences|generated,train
10300340020,train,12-13|Arts & Humanities|generated,train
10300580005,train,12-13|Arts & Humanities|generated,train
20100420020,train,15+|Arts & Humanities|generated,train
10300430019,train,12-13|Arts & Humanities|generated,train
30300010020,dev,12-13|Arts & Humanities|generated,dev
20500710006,train,14-15|Arts & Humanities|generated,train
10300310015,train,12-13|Arts & Humanities|generated,train
10500130038,train,12-13|Arts & Humanities|generated,train
30100120040,dev,12-13|Social Sciences|generated,dev
10101200008,train,14-15|Arts & Humanities|generated,train
30300650041,train,12-13|Arts & Humanities|generated,train
10500150013,train,12-13|Arts & Humanities|generated,train
10600270012,train,12-13|Arts & Humanities|generated,train
20100360014,train,12-13|Arts & Humanities|generated,train
20300200048,dev,12-13|Arts & Humanities|generated,train
30300380027,test,12-13|Social Sciences|generated,train
20300210007,train,12-13|Arts & Humanities|generated,train
20500200017,train,13-14|Arts & Humanities|generated,train
10300150025,dev,13-14|Arts & Humanities|generated,train
30200980005,train,13-14|STEM|generated,train
20201130006,train,14-15|Social Sciences|generated,train
20101130005,train,14-15|STEM|generated,train
30100810018,train,14-15|Social Sciences|generated,train
20201210003,train,14-15|STEM|generated,train
20200890005,train,12-13|Arts & Humanities|generated,train
10101160078,train,12-13|Arts & Humanities|generated,train
30101320032,dev,12-13|Social Sciences|generated,train
20500720005,train,14-15|Arts & Humanities|generated,train
20800150025,train,12-13|Arts & Humanities|generated,train
30500190015,train,14-15|Social Sciences|generated,train
20300580048,train,15+|Social Sciences|generated,train
30100400022,train,14-15|Social Sciences|generated,train
10300410030,dev,12-13|Arts & Humanities|generated,train
20500300010,train,12-13|Arts & Humanities|generated,train
30400050092,train,12-13|Social Sciences|generated,train
30100860031,test,13-14|STEM|generated,train
20100810017,train,14-15|Social Sciences|generated,train
20100490019,train,12-13|Social Sciences|generated,train
20300050049,dev,14-15|Arts & Humanities|generated,dev
30300020027,train,12-13|Arts & Humanities|generated,train
10100820062,train,14-15|Arts & Humanities|generated,train
10300230023,train,12-13|Arts & Humanities|generated,train
30500240051,train,15+|Arts & Humanities|generated,train
20700350001,train,12-13|Arts & Humanities|generated,train
20300030028,train,12-13|Arts & Humanities|generated,dev
30500020031,test,14-15|Arts & Humanities|generated,train
20200490019,train,14-15|Arts & Humanities|generated,train
20300560019,dev,13-14|Arts & Humanities|generated,train
31200010050,train,14-15|Arts & Humanities|generated,train
20101470025,train,14-15|Social Sciences|generated,train
10200970002,train,14-15|Social Sciences|generated,train
20500770007,train,12-13|Arts & Humanities|generated,train
20300210005,train,14-15|Arts & Humanities|generated,train
30300040044,train,14-15|STEM|generated,train
20700460006,train,12-13|Arts & Humanities|generated,train
20300590026,train,13-14|Arts & Humanities|generated,train
10200110001,train,14-15|STEM|generated,dev
20101680011,train,14-15|Social Sciences|generated,train
30100180040,train,15+|Arts & Humanities|generated,dev
10101990040,train,12-13|Arts & Humanities|generated,train
20300210003,train,13-14|Arts & Humanities|generated,train
20500800017,train,14-15|Arts & Humanities|generated,train
30400010018,train,14-15|Social Sciences|generated,train
20200120015,dev,14-15|STEM|generated,dev
30200610006,train,14-15|Social Sciences|generated,train
10500600016,train,12-13|Arts & Humanities|generated,train
10300260020,train,12-13|Arts & Humanities|generated,train
30100950009,train,13-14|Arts & Humanities|generated,train
20600670013,train,12-13|Arts & Humanities|generated,dev
30100790024,train,14-15|STEM|generated,train
20700670007,test,14-15|Arts & Humanities|generated,train
20200360013,test,12-13|Arts & Humanities|generated,train
20100210017,train,12-13|Social Sciences|generated,train
20100890012,dev,14-15|Arts & Humanities|generated,train
30100390010,train,12-13|Arts & Humanities|generated,train
30400080046,train,14-15|Social Sciences|generated,train
30200530020,train,14-15|Social Sciences|generated,train
20200870019,train,12-13|Arts & Humanities|generated,train
30200190006,train,14-15|STEM|generated,train
30101620024,test,12-13|Arts & Humanities|generated,train
10101430042,test,14-15|Arts & Humanities|generated,train
20300150021,train,14-15|Arts & Humanities|generated,train
30100610003,train,14-15|Arts & Humanities|generated,train
20100470014,test,13-14|Arts & Humanities|generated,train
20100470001,train,14-15|Arts & Humanities|generated,train
10400380069,train,12-13|Arts & Humanities|generated,train
20700300001,dev,12-13|Arts & Humanities|generated,train
10101650010,train,12-13|Arts & Humanities|generated,train
10101940015,train,13-14|Arts & Humanities|generated,train
30300120020,train,14-15|Social Sciences|generated,train
20101250010,train,15+|Social Sciences|generated,train
30100020028,dev,15+|Social Sciences|generated,dev
10102130026,train,14-15|Arts & Humanities|generated,train
30400120071,test,15+|Social Sciences|generated,train
30200570019,dev,13-14|Social Sciences|generated,train
20100550007,train,14-15|Social Sciences|generated,train
30300240030,dev,14-15|Social Sciences|generated,train
20100370013,train,14-15|Social Sciences|generated,train
10500300017,train,13-14|Arts & Humanities|generated,train
20100070007,train,12-13|Arts & Humanities|generated,dev
20700320002,train,12-13|Arts & Humanities|generated,train
20300130027,train,13-14|Arts & Humanities|generated,train
10101400022,train,13-14|Arts & Humanities|generated,train
30100590021,train,13-14|Social Sciences|generated,train
10500580017,train,12-13|Arts & Humanities|generated,train
30200610012,train,14-15|Social Sciences|generated,train
30100520047,dev,14-15|Social Sciences|generated,train
20300500043,train,12-13|Arts & Humanities|generated,train
20100770009,train,14-15|Social Sciences|generated,train
20300010010,train,12-13|Social Sciences|generated,dev
30300290037,train,13-14|Arts & Humanities|generated,train
30300580011,train,14-15|Arts & Humanities|generated,train
10102040003,train,12-13|Arts & Humanities|generated,train
20300490014,train,14-15|Arts & Humanities|generated,train
10100550007,train,12-13|Arts & Humanities|generated,train
10400090008,train,12-13|Social Sciences|generated,train
20500190015,train,14-15|Arts & Humanities|generated,train
30500100002,train,14-15|Social Sciences|generated,train
30101060005,train,12-13|Social Sciences|generated,train
30200610020,train,13-14|Social Sciences|generated,train
20101580047,test,14-15|Social Sciences|generated,train
10100390069,dev,14-15|Arts & Humanities|generated,train
20101640023,train,12-13|Social Sciences|generated,train
10300440040,train,14-15|Arts & Humanities|generated,train
20201410019,dev,14-15|STEM|generated,train
20300240030,train,12-13|Arts & Humanities|generated,train
20100960023,train,12-13|Social Sciences|generated,train
20500840004,train,12-13|Arts & Humanities|generated,train
20300320019,train,12-13|Arts & Humanities|generated,train
30100450024,train,12-13|Social Sciences|generated,train
10300470065,train,12-13|Arts & Humanities|generated,train
30101180008,train,13-14|Social Sciences|generated,train
10500270047,train,13-14|Arts & Humanities|generated,train
30101490017,train,15+|Arts & Humanities|generated,train
20400540038,dev,12-13|Arts & Humanities|generated,train
30100960024,train,14-15|Social Sciences|generated,train
10300170015,test,14-15|Arts & Humanities|generated,train
30300630057,train,12-13|Arts & Humanities|generated,train
20101190021,train,12-13|STEM|generated,train
30101400013,train,14-15|Arts & Humanities|generated,train
20500730009,train,12-13|Arts & Humanities|generated,train
20101440027,train,14-15|STEM|generated,train
20101140021,train,15+|Social Sciences|generated,train
20100090035,train,13-14|Arts & Humanities|generated,train
30500110024,train,12-13|Social Sciences|generated,dev
30200330015,dev,13-14|STEM|generated,dev
10400230054,train,14-15|Social Sciences|generated,train
30100520028,train,14-15|Social Sciences|generated,train
20300210031,test,12-13|Arts & Humanities|generated,train
30100720007,train,14-15|Arts & Humanities|generated,train
30300470025,train,12-13|Arts & Humanities|generated,train
10100630008,test,12-13|Arts & Humanities|generated,train
30100830005,train,14-15|Social Sciences|generated,train
10100560084,train,12-13|Arts & Humanities|generated,train
20101690028,train,14-15|Social Sciences|generated,train
30400060030,test,15+|Social Sciences|generated,train
10100640008,train,12-13|Arts & Humanities|generated,train
30100530036,dev,15+|Social Sciences|generated,train
10500390006,train,13-14|Arts & Humanities|generated,train
20101080011,train,14-15|Social Sciences|generated,train
30101170059,train,14-15|Social Sciences|generated,train
20400110019,train,12-13|Social Sciences|generated,train
10300560008,train,12-13|Arts & Humanities|generated,train
20100630019,dev,12-13|Social Sciences|generated,train
20200550018,train,12-13|Social Sciences|generated,train
30101650021,train,15+|Arts & Humanities|generated,train
30101150008,train,14-15|Arts & Humanities|generated,train
30200840004,train,15+|Arts & Humanities|generated,train
10102110109,train,14-15|Arts & Humanities|generated,train
20300240027,train,14-15|Arts & Humanities|generated,train
30500200008,train,12-13|Social Sciences|generated,train
30300680044,train,12-13|Arts & Humanities|generated,train
10300430009,train,12-13|Arts & Humanities|generated,train
20800080045,train,12-13|Arts & Humanities|generated,train
10100430007,train,12-13|Arts & Humanities|generated,train
30300360033,test,12-13|Arts & Humanities|generated,train
10300310021,train,13-14|Arts & Humanities|generated,train
30100050010,train,12-13|STEM|generated,dev
30400020024,train,15+|Social Sciences|generated,train
20300530033,train,12-13|Social Sciences|generated,train
30101420037,train,15+|Arts & Humanities|generated,train
10300020062,dev,12-13|Arts & Humanities|generated,dev
10300100038,train,12-13|Arts & Humanities|generated,train
20300150067,train,14-15|Arts & Humanities|generated,train
30101580023,test,12-13|STEM|generated,train
20101440023,train,14-15|STEM|generated,train
20400580051,dev,12-13|Social Sciences|generated,train
20300260009,test,13-14|Arts & Humanities|generated,train
30100520020,train,12-13|Social Sciences|generated,train
30101150034,train,14-15|Arts & Humanities|generated,train
20100450011,train,14-15|Arts & Humanities|generated,train
20600640020,train,14-15|Social Sciences|generated,train
10101970058,train,12-13|Arts & Humanities|generated,train
20100970013,train,14-15|Social Sciences|generated,train
20500160011,train,14-15|Arts & Humanities|generated,train
20100090029,dev,14-15|Arts & Humanities|generated,train
20101290005,train,14-15|Social Sciences|generated,train
10101510010,train,14-15|Arts & Humanities|generated,train
30100530028,train,15+|Social Sciences|generated,train
20200040016,train,12-13|Arts & Humanities|generated,dev
30500190039,train,15+|Social Sciences|generated,train
10100560069,train,13-14|Arts & Humanities|generated,train
10500120030,train,12-13|Arts & Humanities|generated,train
20300040003,train,13-14|Arts & Humanities|generated,dev
20400010094,train,12-13|Arts & Humanities|generated,train
20101250051,train,14-15|Social Sciences|generated,train
20500430019,train,14-15|Arts & Humanities|generated,train
10300200039,train,13-14|Arts & Humanities|generated,train
30100790013,dev,14-15|STEM|generated,train
31200010067,train,15+|Arts & Humanities|generated,train
20100840037,test,12-13|Social Sciences|generated,train
10300540056,train,13-14|Arts & Humanities|generated,train
20100240009,test,14-15|Arts & Humanities|generated,train
20200600015,train,13-14|Social Sciences|generated,train
20101180013,train,14-15|Arts & Humanities|generated,train
10100690054,dev,12-13|Arts & Humanities|generated,train
20100410017,dev,12-13|Social Sciences|generated,train
10500600015,train,12-13|Arts & Humanities|generated,train
30500120018,test,14-15|Arts & Humanities|generated,train
10500320009,train,12-13|Arts & Humanities|generated,train
20101190019,train,14-15|STEM|generated,train
10101750008,test,12-13|Arts & Humanities|generated,train
30100600042,train,12-13|Social Sciences|generated,train
20100680033,train,14-15|STEM|generated,train
20100030023,train,14-15|Arts & Humanities|generated,dev
30400110048,train,14-15|Social Sciences|generated,train
10300450036,test,12-13|Arts & Humanities|generated,train
20100970011,train,14-15|Social Sciences|generated,train
10300210034,train,13-14|Arts & Humanities|generated,train
20400210019,train,14-15|Social Sciences|generated,train
20101350011,train,14-15|Arts & Humanities|generated,train
20200070001,dev,14-15|Social Sciences|generated,dev
10101670005,train,13-14|Arts & Humanities|generated,train
20101740001,train,15+|Arts & Humanities|generated,train
20300600024,train,12-13|Arts & Humanities|generated,train
20500830006,train,12-13|Arts & Humanities|generated,train
30100720022,train,12-13|Arts & Humanities|generated,train
20700010005,train,12-13|Arts & Humanities|generated,dev
20200610004,train,12-13|Social Sciences|generated,train
20500230005,train,15+|Arts & Humanities|generated,train
30101150028,train,14-15|Arts & Humanities|generated,train
31100080017,test,12-13|Arts & Humanities|generated,train
10400420002,train,12-13|Arts & Humanities|generated,train
20400100029,train,14-15|Social Sciences|generated,train
10500380026,train,14-15|Arts & Humanities|generated,train
20300170044,train,15+|Arts & Humanities|generated,train
30100440048,dev,12-13|Social Sciences|generated,train
20500780016,train,12-13|Arts & Humanities|generated,train
10500560030,dev,14-15|Arts & Humanities|generated,train
10201020011,test,12-13|Social Sciences|generated,train
30300120018,train,14-15|Social Sciences|generated,train
10500160027,train,12-13|Arts & Humanities|generated,train
10500420029,train,14-15|Arts & Humanities|generated,train
30500050086,train,12-13|Arts & Humanities|generated,train
20700680008,test,14-15|Arts & Humanities|generated,train
30100990004,test,14-15|Arts & Humanities|generated,train
10100930051,dev,12-13|Arts & Humanities|generated,train
30400040083,test,14-15|Social Sciences|generated,train
20100120034,train,12-13|Social Sciences|generated,dev
30100450007,train,14-15|Social Sciences|generated,train
10101990050,train,12-13|Arts & Humanities|generated,train
10500280017,train,13-14|Arts & Humanities|generated,train
30101400004,train,12-13|Arts & Humanities|generated,train
30101540052,train,12-13|Social Sciences|generated,train
30101540020,train,13-14|Social Sciences|generated,train
30400170072,train,15+|Social Sciences|generated,train
20500030004,dev,14-15|Arts & Humanities|generated,dev
10102850019,train,12-13|Arts & Humanities|generated,train
10101430040,test,12-13|Arts & Humanities|generated,train
30101330025,train,13-14|Social Sciences|generated,train
30200540003,train,14-15|Social Sciences|generated,train
20700310004,train,12-13|Arts & Humanities|generated,train
20201410015,test,14-15|STEM|generated,train
20100390004,train,12-13|Social Sciences|generated,train
20900110013,test,14-15|Arts & Humanities|generated,train
20300380017,train,12-13|Arts & Humanities|generated,train
10102060004,test,14-15|Arts & Humanities|generated,train
20600430013,test,14-15|Arts & Humanities|generated,train
20300180026,train,13-14|Arts & Humanities|generated,train
30101210012,train,13-14|Social Sciences|generated,train
30100740009,train,14-15|Social Sciences|generated,train
30200010014,test,12-13|Arts & Humanities|generated,train
20100650021,train,12-13|Social Sciences|generated,train
30101330021,dev,15+|Social Sciences|generated,train
10102850042,train,14-15|Arts & Humanities|generated,train
30400080045,train,14-15|Social Sciences|generated,train
10101160129,train,12-13|Arts & Humanities|generated,train
30101610022,train,14-15|STEM|generated,train
20101730022,train,14-15|STEM|generated,train
10100270028,train,12-13|Arts & Humanities|generated,dev
20101710003,train,14-15|Arts & Humanities|generated,train
10200740003,test,13-14|STEM|generated,train
30100860039,test,12-13|STEM|generated,train
10300290050,test,13-14|Arts & Humanities|generated,train
20101190025,train,14-15|STEM|generated,train
30500240097,train,12-13|Arts & Humanities|generated,train
20400390074,train,12-13|Arts & Humanities|generated,train
30300040013,train,14-15|STEM|generated,train
10101430066,train,14-15|Arts & Humanities|generated,train
30300530014,train,12-13|Arts & Humanities|generated,train
20101730009,train,14-15|STEM|generated,train
20400430084,train,14-15|Arts & Humanities|generated,train
30100680046,train,14-15|STEM|generated,train
10400420125,train,14-15|Arts & Humanities|generated,train
31100060023,dev,12-13|Arts & Humanities|generated,train
20600270005,train,14-15|STEM|generated,train
20101020021,train,14-15|Arts & Humanities|generated,train
10102040029,train,12-13|Arts & Humanities|generated,train
20800200044,dev,12-13|Arts & Humanities|generated,train
30101070021,train,14-15|Social Sciences|generated,train
30300420008,train,12-13|Arts & Humanities|generated,train
10300430011,test,12-13|Arts & Humanities|generated,train
20100890003,train,15+|Arts & Humanities|generated,train
10500300009,train,13-14|Arts & Humanities|generated,train
20300580007,train,15+|Social Sciences|generated,train
30500190007,train,14-15|Social Sciences|generated,train
30300010011,dev,12-13|Arts & Humanities|generated,dev
30100770022,train,12-13|Social Sciences|generated,train
20101260015,train,12-13|Social Sciences|generated,train
30200780001,test,12-13|Arts & Humanities|generated,train
31200010015,train,15+|Arts & Humanities|generated,train
10400470014,train,12-13|Social Sciences|generated,dev
20101630005,train,15+|STEM|generated,train
30200690014,dev,15+|Social Sciences|generated,train
10101170112,train,12-13|Arts & Humanities|generated,train
10101030056,train,12-13|Arts & Humanities|generated,train
20400430103,train,12-13|Arts & Humanities|generated,train
20100270010,train,14-15|Social Sciences|generated,train
20400440028,train,14-15|Arts & Humanities|generated,train
20100450012,train,13-14|Arts & Humanities|generated,train
10101170148,train,14-15|Arts & Humanities|generated,train
20200560003,train,14-15|Social Sciences|generated,train
30100650016,train,14-15|STEM|generated,train
30300120044,train,12-13|Social Sciences|generated,train
10101160011,train,12-13|Arts & Humanities|generated,train
10100040004,train,13-14|Arts & Humanities|generated,dev
10500300042,train,13-14|Arts & Humanities|generated,train
30400090060,train,12-13|Social Sciences|generated,train
20201310001,train,13-14|STEM|generated,train
10300270027,train,13-14|Arts & Humanities|generated,train
31200010025,train,13-14|Arts & Humanities|generated,train
20400090038,train,14-15|Social Sciences|generated,train
30101060003,train,14-15|Social Sciences|generated,train
20300270027,dev,12-13|Social Sciences|generated,train
30300370021,train,14-15|Arts & Humanities|generated,train
30101470032,dev,13-14|STEM|generated,train
10102040030,test,12-13|Arts & Humanities|generated,train
30100100042,train,15+|Social Sciences|generated,dev
30300310009,train,14-15|STEM|generated,train
10400400145,train,12-13|Arts & Humanities|generated,train
20300470069,train,13-14|Arts & Humanities|generated,train
30101590024,train,13-14|Social Sciences|generated,train
20400570063,train,12-13|Social Sciences|generated,train
30101080007,train,15+|Arts & Humanities|generated,train
20500700018,train,14-15|Arts & Humanities|generated,train
31100050039,train,13-14|Arts & Humanities|generated,train
30400140060,dev,14-15|Social Sciences|generated,train
10500420008,train,14-15|Arts & Humanities|generated,train
10300150037,train,13-14|Arts & Humanities|generated,train
20400180070,train,14-15|Arts & Humanities|generated,train
10100460011,test,12-13|Arts & Humanities|generated,train
30100900028,train,14-15|STEM|generated,train
30300350016,train,14-15|STEM|generated,train
30101150004,train,14-15|Arts & Humanities|generated,train
30100660039,dev,13-14|Social Sciences|generated,train
30400110029,dev,14-15|Social Sciences|generated,train
30200220017,dev,14-15|STEM|generated,train
10500510006,train,12-13|Arts & Humanities|generated,train
20400050102,dev,12-13|Arts & Humanities|generated,train
10500250013,train,13-14|Arts & Humanities|generated,train
20700180003,test,12-13|Arts & Humanities|generated,train
30101140018,train,14-15|Social Sciences|generated,train
20200810019,test,14-15|Arts & Humanities|generated,train
20101130022,train,14-15|STEM|generated,train
30500270026,train,14-15|Social Sciences|generated,train
20100850029,train,14-15|Social Sciences|generated,train
30100380007,train,14-15|Arts & Humanities|generated,train
20101660008,train,14-15|Social Sciences|generated,train
20400480026,train,14-15|Social Sciences|generated,dev
10101970031,test,12-13|Arts & Humanities|generated,train
20100750002,train,14-15|STEM|generated,train
20300220007,train,13-14|Arts & Humanities|generated,train
30200570010,dev,14-15|Social Sciences|generated,train
20100170015,train,14-15|Social Sciences|generated,train
30101170050,test,12-13|Social Sciences|generated,train
30200840014,test,13-14|Arts & Humanities|generated,train
20201220016,train,14-15|STEM|generated,train
20101730021,train,15+|STEM|generated,train
10500340016,train,12-13|Arts & Humanities|generated,train
20400050122,train,12-13|Arts & Humanities|generated,train
30100890012,train,14-15|Arts & Humanities|generated,train
10400290052,train,12-13|Arts & Humanities|generated,train
30400050036,train,14-15|Social Sciences|generated,train
30100830016,train,15+|Social Sciences|generated,train
10102900012,dev,12-13|Arts & Humanities|generated,train
20101560009,test,13-14|Social Sciences|generated,train
10102730021,train,14-15|Arts & Humanities|generated,train
20101060023,train,12-13|STEM|generated,train
20200070006,train,12-13|Social Sciences|generated,dev
20800040049,train,12-13|Arts & Humanities|generated,train
10400190050,test,12-13|Arts & Humanities|generated,train
30500020027,train,14-15|Arts & Humanities|generated,train
30100060020,train,14-15|Arts & Humanities|generated,train
20101670027,train,14-15|STEM|generated,train
20600390013,test,14-15|STEM|generated,train
20101470029,train,14-15|Social Sciences|generated,train
10102890024,test,12-13|Arts & Humanities|generated,train
20600090003,train,15+|Arts & Humanities|generated,dev
10300340014,dev,12-13|Arts & Humanities|generated,train
10500330013,train,13-14|Arts & Humanities|generated,train
10200580021,train,13-14|Arts & Humanities|generated,train
10100850029,train,12-13|Arts & Humanities|generated,train
30100170005,train,12-13|Arts & Humanities|generated,train
30200080015,train,15+|Arts & Humanities|generated,train
30400080026,test,14-15|Social Sciences|generated,train
10101130029,train,12-13|Arts & Humanities|generated,train
20500050006,dev,14-15|Arts & Humanities|generated,dev
20900010029,train,12-13|Arts & Humanities|generated,dev
10300010005,train,12-13|Arts & Humanities|generated,dev
31100190024,train,12-13|Arts & Humanities|generated,train
20201410013,train,14-15|STEM|generated,train
20101460024,train,14-15|STEM|generated,train
20101260028,train,12-13|Social Sciences|generated,train
10300380016,train,13-14|Arts & Humanities|generated,train
10400370100,train,13-14|Arts & Humanities|generated,train
20100850022,dev,13-14|Social Sciences|generated,train
30400010095,test,14-15|Social Sciences|generated,train
30101140026,train,15+|Social Sciences|generated,train
20300290032,train,14-15|Social Sciences|generated,train
10100400055,train,14-15|Arts & Humanities|generated,train
30100800026,train,14-15|Arts & Humanities|generated,train
20101500029,train,12-13|Social Sciences|generated,train
30300060011,train,14-15|Arts & Humanities|generated,dev
30300350028,dev,12-13|STEM|generated,train
20500020016,dev,15+|Arts & Humanities|generated,dev
30101590010,train,12-13|Social Sciences|generated,train
10102710011,dev,14-15|Arts & Humanities|generated,train
10300060020,train,12-13|Arts & Humanities|generated,dev
30101170033,train,12-13|Social Sciences|generated,train
20200800002,train,12-13|Arts & Humanities|generated,train
20500720016,train,12-13|Arts & Humanities|generated,train
10101510024,test,12-13|Arts & Humanities|generated,train
10102730012,train,12-13|Arts & Humanities|generated,train
20200550002,train,14-15|Social Sciences|generated,train
20101190037,test,15+|STEM|generated,train
30101010029,test,14-15|Arts & Humanities|generated,train
10300170035,train,12-13|Arts & Humanities|generated,train
30500160089,train,13-14|Arts & Humanities|generated,train
30300560015,train,12-13|Arts & Humanities|generated,train
10500340018,train,13-14|Arts & Humanities|generated,train
30200870016,train,14-15|Social Sciences|generated,train
30101110023,dev,14-15|Arts & Humanities|generated,train
20101710017,dev,15+|Arts & Humanities|generated,train
20100060002,train,12-13|Social Sciences|generated,dev
20500020019,dev,14-15|Arts & Humanities|generated,dev
20201330016,train,12-13|STEM|generated,train
30101430005,train,14-15|Arts & Humanities|generated,train
20100700002,train,14-15|STEM|generated,train
30100770025,train,14-15|Social Sciences|generated,train
30100420005,train,14-15|Social Sciences|generated,train
20100390011,train,12-13|Social Sciences|generated,train
31100120034,train,13-14|Arts & Humanities|generated,train
30500120009,train,13-14|Arts & Humanities|generated,train
30100470015,train,12-13|Arts & Humanities|generated,train
20200600013,test,12-13|Social Sciences|generated,train
20101690009,dev,14-15|Social Sciences|generated,train
20300210020,train,12-13|Arts & Humanities|generated,train
20101360014,train,14-15|Social Sciences|generated,train
30500050037,dev,15+|Arts & Humanities|generated,train
10102700019,train,13-14|Arts & Humanities|generated,train
20200460017,dev,13-14|Arts & Humanities|generated,train
10300350004,train,12-13|Arts & Humanities|generated,train
30400110059,dev,14-15|Social Sciences|generated,train
10101860012,train,12-13|Arts & Humanities|generated,train
20101230020,train,12-13|Social Sciences|generated,train
10200110015,dev,14-15|STEM|generated,dev
20101160006,train,12-13|Arts & Humanities|generated,train
30300330037,dev,12-13|Social Sciences|generated,train
20500120009,test,14-15|Arts & Humanities|generated,train
30500280023,train,14-15|Social Sciences|generated,train
20400020051,train,14-15|Arts & Humanities|generated,train
30400130126,train,14-15|Social Sciences|generated,dev
10101240009,train,12-13|Arts & Humanities|generated,train
10200610009,train,12-13|STEM|generated,train
20100150009,train,14-15|STEM|generated,dev
20100030005,dev,14-15|Arts & Humanities|generated,dev
20101380022,train,12-13|Social Sciences|generated,train
20400160098,train,12-13|Arts & Humanities|generated,dev
10300420012,dev,12-13|Arts & Humanities|generated,train
10400380068,train,12-13|Arts & Humanities|generated,train
10400240010,test,13-14|Arts & Humanities|generated,train
20300380018,train,12-13|Arts & Humanities|generated,train
20101550023,train,12-13|STEM|generated,train
20200740012,train,14-15|Arts & Humanities|generated,train
10300430012,test,12-13|Arts & Humanities|generated,train
20400320053,train,14-15|Arts & Humanities|generated,dev
20300310014,train,12-13|Arts & Humanities|generated,train
20200560015,train,12-13|Social Sciences|generated,train
20600260003,train,12-13|STEM|generated,train
10102920036,train,12-13|Arts & Humanities|generated,train
10500560021,train,13-14|Arts & Humanities|generated,train
20101150031,train,12-13|Social Sciences|generated,train
30101240027,train,14-15|Arts & Humanities|generated,train
10400170155,train,12-13|Arts & Humanities|generated,train
10300180008,dev,12-13|Arts & Humanities|generated,train
30101640018,dev,14-15|Social Sciences|generated,train
30101300013,train,14-15|Social Sciences|generated,train
30100520064,train,14-15|Social Sciences|generated,train
20101700017,train,14-15|Arts & Humanities|generated,train
31100080048,dev,13-14|Arts & Humanities|generated,train
10500400014,train,12-13|Arts & Humanities|generated,train
20200120022,train,12-13|STEM|generated,dev
10300240028,train,13-14|Arts & Humanities|generated,train
20201440002,dev,13-14|STEM|generated,train
20200560012,train,12-13|Social Sciences|generated,train
30200470019,train,12-13|Social Sciences|generated,train
10101030003,train,12-13|Arts & Humanities|generated,train
30500020043,train,12-13|Arts & Humanities|generated,train
30101190044,test,14-15|Social Sciences|generated,train
30201030009,test,12-13|Social Sciences|generated,train
30200180014,dev,14-15|STEM|generated,train
20500270007,dev,14-15|Arts & Humanities|generated,train
30100790007,train,15+|STEM|generated,train
20300600017,test,14-15|Arts & Humanities|generated,train
20500430012,train,12-13|Arts & Humanities|generated,train
30400170079,train,15+|Social Sciences|generated,train
20100670022,train,14-15|Social Sciences|generated,train
31200010059,train,12-13|Arts & Humanities|generated,train
10101290004,train,14-15|Arts & Humanities|generated,train
20300580054,train,12-13|Social Sciences|generated,train
10100750016,train,12-13|Arts & Humanities|generated,train
10200960005,train,14-15|Social Sciences|generated,train
10300550019,train,12-13|Arts & Humanities|generated,train
30100010025,dev,12-13|Arts & Humanities|generated,dev
20100270032,train,14-15|Social Sciences|generated,train
10400330046,train,12-13|Social Sciences|generated,train
30100920010,test,15+|Arts & Humanities|generated,train
30100420035,train,15+|Social Sciences|generated,train
10300260029,train,12-13|Arts & Humanities|generated,train
10500250012,train,12-13|Arts & Humanities|generated,train
20800020057,test,12-13|Arts & Humanities|generated,train
20900080049,train,12-13|Arts & Humanities|generated,train
30101010032,test,14-15|Arts & Humanities|generated,train
10500140035,train,12-13|Arts & Humanities|generated,train
10101150177,test,12-13|Arts & Humanities|generated,train
10300110017,train,12-13|Arts & Humanities|generated,train
10200700019,train,13-14|STEM|generated,train
10500530031,test,13-14|Arts & Humanities|generated,train
30200930001,train,14-15|Social Sciences|generated,dev
30100160024,train,15+|Social Sciences|generated,train
30101530002,train,15+|Social Sciences|generated,train
30200440001,train,14-15|Social Sciences|generated,train
20600190004,train,14-15|STEM|generated,train
20900120068,dev,12-13|Arts & Humanities|generated,train
30500180013,dev,14-15|Arts & Humanities|generated,dev
30200960012,train,12-13|STEM|generated,train
20500870003,test,12-13|Arts & Humanities|generated,train
30101540051,train,14-15|Social Sciences|generated,train
10101260070,train,14-15|Arts & Humanities|generated,train
30500030075,test,13-14|Arts & Humanities|generated,train
10101700010,test,14-15|Arts & Humanities|generated,train
20101400019,train,14-15|Social Sciences|generated,train
20100050042,train,14-15|Social Sciences|generated,dev
20200590013,train,14-15|Social Sciences|generated,train
10102710007,train,14-15|Arts & Humanities|generated,train
20100730035,test,14-15|Social Sciences|generated,train
20500820017,train,14-15|Arts & Humanities|generated,train
21100090004,train,12-13|Arts & Humanities|generated,train
20500200012,train,14-15|Arts & Humanities|generated,train
30100020017,train,12-13|Social Sciences|generated,dev
10101740011,train,13-14|Arts & Humanities|generated,train
20200330011,train,15+|Arts & Humanities|generated,train
30100850020,train,14-15|Arts & Humanities|generated,train
20500130013,train,14-15|Arts & Humanities|generated,train
20500250003,train,14-15|Arts & Humanities|generated,train
30300350034,train,14-15|STEM|generated,train
10300260028,train,14-15|Arts & Humanities|generated,train
20300330026,train,14-15|Arts & Humanities|generated,train
20500210015,train,13-14|Arts & Humanities|generated,train
10300320013,train,13-14|Arts & Humanities|generated,train
10300380031,train,12-13|Arts & Humanities|generated,train
30100070015,train,14-15|Social Sciences|generated,dev
20100100027,train,14-15|Arts & Humanities|generated,dev
30500260046,train,14-15|Arts & Humanities|generated,dev
20500550017,train,12-13|Arts & Humanities|generated,train
10500370065,train,12-13|Arts & Humanities|generated,train
20101290011,train,14-15|Social Sciences|generated,train
20101420004,train,14-15|Arts & Humanities|generated,train
20101690022,test,14-15|Social Sciences|generated,train
10300330047,test,12-13|Arts & Humanities|generated,train
20500600007,train,12-13|Arts & Humanities|generated,train
30200500016,train,12-13|Social Sciences|generated,train
10101470018,train,12-13|Arts & Humanities|generated,train
30300380046,train,14-15|Social Sciences|generated,train
30200460001,train,14-15|Social Sciences|generated,train
20300310031,train,14-15|Arts & Humanities|generated,train
10100820063,dev,12-13|Arts & Humanities|generated,train
20500270006,train,14-15|Arts & Humanities|generated,train
20101010014,train,14-15|Arts & Humanities|generated,train
30200730011,train,14-15|Social Sciences|generated,train
30101300035,train,13-14|Social Sciences|generated,train
30100700023,train,13-14|Arts & Humanities|generated,train
10500290017,train,13-14|Arts & Humanities|generated,train
10101580034,train,14-15|Arts & Humanities|generated,train
20300190035,train,14-15|Arts & Humanities|generated,train
30100680014,train,14-15|STEM|generated,train
30300650030,train,12-13|Arts & Humanities|generated,train
30400150066,train,14-15|Social Sciences|generated,train
20900020002,train,12-13|Arts & Humanities|generated,dev
20101600011,train,14-15|Social Sciences|generated,train
20101230004,train,12-13|Social Sciences|generated,train
20400330003,train,12-13|Social Sciences|generated,train
20400410112,train,12-13|Arts & Humanities|generated,train
10500610010,train,14-15|Arts & Humanities|generated,train
30300140033,train,12-13|STEM|generated,train
10100660022,train,14-15|Arts & Humanities|generated,train
20101130001,test,14-15|STEM|generated,train
20100020009,train,14-15|Social Sciences|generated,dev
10400440042,test,14-15|Social Sciences|generated,train
20100280002,train,14-15|Social Sciences|generated,train
30101640014,train,12-13|Social Sciences|generated,train
30200090015,test,14-15|Arts & Humanities|generated,train
30200550009,dev,14-15|Social Sciences|generated,train
10500440007,train,14-15|Arts & Humanities|generated,train
30101220032,train,14-15|Social Sciences|generated,train
20500110007,train,12-13|Arts & Humanities|generated,train
30400150017,train,14-15|Social Sciences|generated,train
30101210004,train,14-15|Social Sciences|generated,train
30100510003,dev,14-15|Social Sciences|generated,train
20101650028,train,12-13|Social Sciences|generated,train
20101470007,train,14-15|Social Sciences|generated,train
30500170034,train,12-13|Arts & Humanities|generated,train
20201430017,train,12-13|STEM|generated,train
30300480083,train,15+|Arts & Humanities|generated,train
20100720018,train,14-15|STEM|generated,train
20101000010,test,14-15|STEM|generated,train
30100730024,train,14-15|Social Sciences|generated,train
10101150017,dev,12-13|Arts & Humanities|generated,train
30101210011,dev,14-15|Social Sciences|generated,train
30100480021,train,14-15|STEM|generated,dev
20400540079,train,14-15|Arts & Humanities|generated,train
30300370044,train,12-13|Arts & Humanities|generated,train
20101220009,test,14-15|STEM|generated,train
20101530019,train,14-15|Social Sciences|generated,train
20400350062,train,14-15|Social Sciences|generated,train
20300140006,train,13-14|Arts & Humanities|generated,train
10300150013,train,13-14|Arts & Humanities|generated,train
20400520078,dev,14-15|Arts & Humanities|generated,train
10300120038,train,12-13|Arts & Humanities|generated,train
10500280029,train,14-15|Arts & Humanities|generated,train
20101020042,dev,12-13|Arts & Humanities|generated,train
30101230005,test,14-15|Social Sciences|generated,train
10500210038,train,12-13|Arts & Humanities|generated,train
30101490003,train,15+|Arts & Humanities|generated,train
30300670027,train,12-13|Arts & Humanities|generated,train
31200010013,train,13-14|Arts & Humanities|generated,train
30101420012,train,14-15|Arts & Humanities|generated,train
30101400032,train,14-15|Arts & Humanities|generated,train
20300150025,train,13-14|Arts & Humanities|generated,train
30100040029,train,14-15|STEM|generated,dev
30100120003,dev,13-14|Social Sciences|generated,dev
10100220006,dev,14-15|Arts & Humanities|generated,dev
20100050014,train,14-15|Social Sciences|generated,dev
30100520035,train,14-15|Social Sciences|generated,train
30100680047,train,15+|STEM|generated,train
20900080054,train,12-13|Arts & Humanities|generated,train
10101240029,train,12-13|Arts & Humanities|generated,train
21100110007,train,12-13|Arts & Humanities|generated,train
20700340008,train,12-13|Arts & Humanities|generated,train
10200350013,dev,12-13|Arts & Humanities|generated,train
30101360031,train,12-13|Arts & Humanities|generated,train
30100610008,train,15+|Arts & Humanities|generated,train
10500380034,train,12-13|Arts & Humanities|generated,train
30100020026,train,14-15|Social Sciences|generated,dev
30500060043,train,12-13|Arts & Humanities|generated,train
30400140043,test,12-13|Social Sciences|generated,train
30400040096,train,12-13|Social Sciences|generated,train
30101560011,train,14-15|Arts & Humanities|generated,train
30101290010,train,12-13|Social Sciences|generated,train
10300430037,train,13-14|Arts & Humanities|generated,train
30300080021,train,12-13|STEM|generated,dev
30100410051,train,13-14|Social Sciences|generated,train
30300450030,train,12-13|STEM|generated,train
30101110026,train,15+|Arts & Humanities|generated,train
20101750028,train,14-15|Social Sciences|generated,train
10300550021,test,12-13|Arts & Humanities|generated,train
10300130038,test,12-13|Arts & Humanities|generated,train
30200670017,train,14-15|Social Sciences|generated,train
30200460006,test,14-15|Social Sciences|generated,train
30200500003,train,12-13|Social Sciences|generated,train
30400080023,dev,14-15|Social Sciences|generated,train
30100700002,train,12-13|Arts & Humanities|generated,train
20100340024,train,14-15|STEM|generated,train
30300490041,train,12-13|Social Sciences|generated,train
20200640011,train,14-15|Social Sciences|generated,train
30101600031,train,15+|STEM|generated,train
30200460008,train,14-15|Social Sciences|generated,train
10101130016,dev,14-15|Arts & Humanities|generated,train
10400400070,train,12-13|Arts & Humanities|generated,train
20200720008,train,12-13|Arts & Humanities|generated,train
31100150009,train,12-13|Arts & Humanities|generated,train
20100740009,train,15+|STEM|generated,train
20101260026,train,12-13|Social Sciences|generated,train
30101230032,train,14-15|Social Sciences|generated,train
20500720011,dev,14-15|Arts & Humanities|generated,train
10300010022,train,12-13|Arts & Humanities|generated,dev
30200850020,train,14-15|Social Sciences|generated,train
30200980013,train,13-14|STEM|generated,train
10101570015,train,14-15|Arts & Humanities|generated,train
10500030051,train,12-13|Arts & Humanities|generated,train
10400230067,train,13-14|Social Sciences|generated,train
20200970008,train,14-15|Arts & Humanities|generated,train
20101580027,test,14-15|Social Sciences|generated,train
10102210046,train,12-13|Arts & Humanities|generated,train
20300610038,train,12-13|Arts & Humanities|generated,train
20100550005,train,14-15|Social Sciences|generated,train
20101160005,dev,14-15|Arts & Humanities|generated,train
30300380017,train,12-13|Social Sciences|generated,train
30200210004,train,14-15|STEM|generated,train
10400040110,train,12-13|Arts & Humanities|generated,dev
10500430011,train,13-14|Arts & Humanities|generated,train
30101520033,train,14-15|STEM|generated,train
20500120017,test,14-15|Arts & Humanities|generated,train
10500560028,train,13-14|Arts & Humanities|generated,train
30200550017,train,12-13|Social Sciences|generated,train
10100850010,train,12-13|Arts & Humanities|generated,train
20700240009,train,12-13|Arts & Humanities|generated,train
20101260010,train,12-13|Social Sciences|generated,train
20100710008,train,12-13|Social Sciences|generated,train
20101200030,train,14-15|Social Sciences|generated,train
30200480001,train,15+|Social Sciences|generated,train
30300280029,train,14-15|Arts & Humanities|generated,train
20100860001,train,14-15|Arts & Humanities|generated,train
20600700006,train,14-15|Social Sciences|generated,train
10400190007,train,12-13|Arts & Humanities|generated,train
20600140004,dev,14-15|Arts & Humanities|generated,dev
30300640033,train,12-13|Arts & Humanities|generated,train
20800050086,test,12-13|Arts & Humanities|generated,train
30300100009,dev,14-15|STEM|generated,train
20800170028,train,12-13|Arts & Humanities|generated,train
10500140011,train,12-13|Arts & Humanities|generated,train
10300420014,train,13-14|Arts & Humanities|generated,train
30300500027,train,13-14|STEM|generated,train
30101340055,train,12-13|Social Sciences|generated,train
20101310009,train,14-15|Social Sciences|generated,train
10500410031,train,12-13|Arts & Humanities|generated,train
30500200006,test,14-15|Social Sciences|generated,train
30500200010,train,14-15|Social Sciences|generated,train
20101460009,train,12-13|STEM|generated,train
10100410016,train,13-14|Arts & Humanities|generated,train
30100860041,train,13-14|STEM|generated,train
30101400006,train,14-15|Arts & Humanities|generated,train
20300180015,test,13-14|Arts & Humanities|generated,train
10101180067,train,13-14|Arts & Humanities|generated,train
30300140023,train,14-15|STEM|generated,train
30300660040,train,12-13|Arts & Humanities|generated,train
30101340047,dev,13-14|Social Sciences|generated,train
20600410003,train,12-13|STEM|generated,train
20300020054,train,13-14|Arts & Humanities|generated,dev
10500300034,train,12-13|Arts & Humanities|generated,train
20100720024,train,12-13|STEM|generated,train
20100850027,test,12-13|Social Sciences|generated,train
20100280024,train,14-15|Social Sciences|generated,train
30100480024,train,15+|STEM|generated,dev
30100430015,train,14-15|Arts & Humanities|generated,train
30100750016,train,14-15|Arts & Humanities|generated,train
30200550020,train,14-15|Social Sciences|generated,train
10300510022,train,12-13|Arts & Humanities|generated,train
30200690013,test,14-15|Social Sciences|generated,train
20101060015,test,12-13|STEM|generated,train
30200500013,train,14-15|Social Sciences|generated,train
20101700026,train,14-15|Arts & Humanities|generated,train
20100460019,train,14-15|Social Sciences|generated,train
20101280013,train,15+|STEM|generated,train
30300330013,train,15+|Social Sciences|generated,train
30101560021,train,14-15|Arts & Humanities|generated,train
10300110009,train,14-15|Arts & Humanities|generated,train
20300430031,train,12-13|Arts & Humanities|generated,train
30300240021,dev,14-15|Social Sciences|generated,train
30100670054,train,14-15|Social Sciences|generated,train
30400020045,train,14-15|Social Sciences|generated,train
20500820013,train,12-13|Arts & Humanities|generated,train
30300470032,train,13-14|Arts & Humanities|generated,train
20300320006,train,15+|Arts & Humanities|generated,train
10100730020,test,12-13|Arts & Humanities|generated,train
30101280022,train,13-14|Arts & Humanities|generated,train
20500070013,dev,12-13|Arts & Humanities|generated,dev
20400020016,train,13-14|Arts & Humanities|generated,train
20600570003,dev,14-15|Arts & Humanities|generated,dev
10300220012,train,12-13|Arts & Humanities|generated,train
10300410026,train,12-13|Arts & Humanities|generated,train
10102690030,train,12-13|Arts & Humanities|generated,train
20100870020,train,12-13|STEM|generated,train
30500100091,train,13-14|Social Sciences|generated,train
20201460012,train,13-14|STEM|generated,train
30400150038,train,12-13|Social Sciences|generated,train
10400310045,train,13-14|Arts & Humanities|generated,dev
20200710007,train,12-13|Arts & Humanities|generated,train
20100510011,train,14-15|Social Sciences|generated,dev
10101170098,dev,12-13|Arts & Humanities|generated,train
30400080052,train,15+|Social Sciences|generated,train
10500600020,train,12-13|Arts & Humanities|generated,train
10102590003,train,12-13|Arts & Humanities|generated,train
30100480015,train,12-13|STEM|generated,dev
30300040008,train,12-13|STEM|generated,train
30101610010,dev,14-15|STEM|generated,train
10101150012,dev,12-13|Arts & Humanities|generated,train
20600100012,train,12-13|Arts & Humanities|generated,dev
30101280019,train,15+|Arts & Humanities|generated,train
20100610001,train,14-15|Arts & Humanities|generated,train
30300130022,train,12-13|Social Sciences|generated,train
30300020018,train,12-13|Arts & Humanities|generated,train
30101510042,train,15+|Social Sciences|generated,train
10300300040,train,12-13|Arts & Humanities|generated,train
20101720007,train,12-13|Social Sciences|generated,train
30101090044,dev,14-15|Social Sciences|generated,train
20500270013,test,14-15|Arts & Humanities|generated,train
10101970054,train,12-13|Arts & Humanities|generated,train
31100170012,train,12-13|Arts & Humanities|generated,train
30101480012,train,14-15|Arts & Humanities|generated,train
30300470040,train,13-14|Arts & Humanities|generated,train
20400060075,train,14-15|Arts & Humanities|generated,train
20100670006,train,14-15|Social Sciences|generated,train
30100940012,train,14-15|Social Sciences|generated,train
20600400010,train,12-13|STEM|generated,train
30300130013,test,13-14|Social Sciences|generated,train
20100840026,train,14-15|Social Sciences|generated,train
30101170019,train,13-14|Social Sciences|generated,train
20500130012,train,14-15|Arts & Humanities|generated,train
10400380062,train,12-13|Arts & Humanities|generated,train
10500180044,train,12-13|Arts & Humanities|generated,train
20500500013,train,14-15|Arts & Humanities|generated,train
10101150099,train,13-14|Arts & Humanities|generated,train
30101450029,train,12-13|Arts & Humanities|generated,train
20400090036,train,14-15|Social Sciences|generated,train
10100670022,train,13-14|Arts & Humanities|generated,train
10101760010,train,12-13|Arts & Humanities|generated,train
20300600005,train,12-13|Arts & Humanities|generated,train
20600400014,train,15+|STEM|generated,train
20400540006,test,12-13|Arts & Humanities|generated,train
30101380044,train,14-15|Social Sciences|generated,train
30100550021,train,12-13|Social Sciences|generated,train
20300110007,train,14-15|Arts & Humanities|generated,train
20100350010,train,14-15|Social Sciences|generated,train
30300310018,test,14-15|STEM|generated,train
10400060087,train,12-13|Arts & Humanities|generated,train
10100140041,train,13-14|Arts & Humanities|generated,dev
30101190006,test,12-13|Social Sciences|generated,train
30200130003,train,14-15|STEM|generated,train
30200110009,train,14-15|STEM|generated,train
20200660015,test,14-15|Social Sciences|generated,train
30400070075,train,13-14|Social Sciences|generated,train
30400050044,train,14-15|Social Sciences|generated,train
10300380041,train,13-14|Arts & Humanities|generated,train
30100850017,train,14-15|Arts & Humanities|generated,train
30100670004,train,15+|Social Sciences|generated,train
10400130095,dev,12-13|Arts & Humanities|generated,train
30101620006,train,12-13|Arts & Humanities|generated,train
20101740009,dev,15+|Arts & Humanities|generated,train
20101280023,train,15+|STEM|generated,train
30100690018,dev,12-13|Arts & Humanities|generated,train
20100210014,dev,14-15|Social Sciences|generated,train
30100540005,train,14-15|Arts & Humanities|generated,train
30100060011,train,15+|Arts & Humanities|generated,train
30300560028,train,14-15|Arts & Humanities|generated,train
20100900006,train,14-15|Social Sciences|generated,train
20600280005,train,14-15|Arts & Humanities|generated,train
20900070011,test,13-14|Arts & Humanities|generated,train
30101470015,train,12-13|STEM|generated,train
30200210007,dev,14-15|STEM|generated,train
20300390006,train,14-15|Social Sciences|generated,train
20100710005,test,14-15|Social Sciences|generated,train
20500270004,train,14-15|Arts & Humanities|generated,train
20300170032,test,15+|Arts & Humanities|generated,train
30300660018,train,12-13|Arts & Humanities|generated,train
10102900016,train,12-13|Arts & Humanities|generated,train
30100210042,train,12-13|STEM|generated,train
30200090007,train,12-13|Arts & Humanities|generated,train
10500300023,train,13-14|Arts & Humanities|generated,train
10500600024,train,12-13|Arts & Humanities|generated,train
30101370017,dev,14-15|Social Sciences|generated,train
10500250053,train,12-13|Arts & Humanities|generated,train
20100810005,train,14-15|Social Sciences|generated,train
10101180090,test,13-14|Arts & Humanities|generated,train
30101320036,test,12-13|Social Sciences|generated,train
20300570033,train,15+|Arts & Humanities|generated,train
20101080031,train,14-15|Social Sciences|generated,train
10400420116,train,14-15|Arts & Humanities|generated,train
20300460017,train,14-15|Social Sciences|generated,train
30100760047,train,14-15|Social Sciences|generated,train
30400150006,test,14-15|Social Sciences|generated,train
10101430045,train,12-13|Arts & Humanities|generated,train
20100470011,train,14-15|Arts & Humanities|generated,train
10500250048,dev,13-14|Arts & Humanities|generated,train
20101600018,dev,15+|Social Sciences|generated,train
30101040007,test,14-15|Arts & Humanities|generated,train
20700820015,train,14-15|Arts & Humanities|generated,train
10201030004,test,12-13|Social Sciences|generated,train
10102110118,train,12-13|Arts & Humanities|generated,train
30100500004,train,14-15|Social Sciences|generated,train
20300510050,dev,12-13|Arts & Humanities|generated,train
30101380052,train,14-15|Social Sciences|generated,train
20101240001,train,12-13|Arts & Humanities|generated,train
30101460028,train,12-13|Social Sciences|generated,train
20101500011,train,12-13|Social Sciences|generated,train
20100340022,train,14-15|STEM|generated,train
30300650012,test,13-14|Arts & Humanities|generated,train
10300330006,train,12-13|Arts & Humanities|generated,train
30100430022,test,14-15|Arts & Humanities|generated,train
30100850022,train,14-15|Arts & Humanities|generated,train
20100130024,dev,14-15|Social Sciences|generated,dev
20101530014,train,14-15|Social Sciences|generated,train
10500120029,train,13-14|Arts & Humanities|generated,train
20500260004,train,12-13|Arts & Humanities|generated,train
20400350066,train,12-13|Social Sciences|generated,train
10500170047,train,12-13|Arts & Humanities|generated,train
30200840013,train,14-15|Arts & Humanities|generated,train
10300380040,test,12-13|Arts & Humanities|generated,train
20100480028,test,12-13|Social Sciences|generated,train
20101040018,train,14-15|STEM|generated,train
30101660002,train,14-15|STEM|generated,train
20100340032,train,14-15|STEM|generated,train
10102020007,train,12-13|Arts & Humanities|generated,train
10101220048,train,13-14|Arts & Humanities|generated,train
10500470026,dev,14-15|Arts & Humanities|generated,train
30400020058,test,14-15|Social Sciences|generated,train
20101000013,train,15+|STEM|generated,train
10500310041,train,12-13|Arts & Humanities|generated,train
30500110046,train,12-13|Social Sciences|generated,dev
10102810005,train,12-13|Arts & Humanities|generated,train
30101070006,train,14-15|Social Sciences|generated,train
30300570032,train,14-15|Social Sciences|generated,train
30300350018,train,12-13|STEM|generated,train
30200490017,train,12-13|Social Sciences|generated,train
10300470066,train,13-14|Arts & Humanities|generated,train
30100110037,train,13-14|Social Sciences|generated,train
20600640023,train,14-15|Social Sciences|generated,train
20700320001,train,12-13|Arts & Humanities|generated,train
30400040056,train,14-15|Social Sciences|generated,train
30200660009,train,14-15|Social Sciences|generated,train
20100170028,train,15+|Social Sciences|generated,train
30101660029,train,14-15|STEM|generated,train
20100380025,train,12-13|Arts & Humanities|generated,train
10100710018,test,12-13|Arts & Humanities|generated,train
30400150078,test,12-13|Social Sciences|generated,train
20101530008,train,14-15|Social Sciences|generated,train
10300330004,train,12-13|Arts & Humanities|generated,train
20300350058,train,14-15|Arts & Humanities|generated,train
20100800011,test,14-15|Social Sciences|generated,train
30200040008,train,14-15|Arts & Humanities|generated,train
20100620033,train,14-15|Social Sciences|generated,train
20101630028,train,12-13|STEM|generated,train
30100550005,train,14-15|Social Sciences|generated,train
10600410008,train,12-13|Arts & Humanities|generated,train
20100170010,train,15+|Social Sciences|generated,train
20100400011,train,15+|Social Sciences|generated,train
10300560028,dev,12-13|Arts & Humanities|generated,train
20101750033,train,14-15|Social Sciences|generated,train
30101150030,train,12-13|Arts & Humanities|generated,train
10101530029,train,12-13|Arts & Humanities|generated,train
10500360013,train,13-14|Arts & Humanities|generated,train
30400140052,train,12-13|Social Sciences|generated,train
30101560025,train,12-13|Arts & Humanities|generated,train
20101040012,train,14-15|STEM|generated,train
20100880006,train,14-15|STEM|generated,train
30300200025,train,14-15|STEM|generated,dev
30100180026,train,15+|Arts & Humanities|generated,dev
30100380014,train,15+|Arts & Humanities|generated,train
20100700011,train,12-13|STEM|generated,train
10500210009,train,13-14|Arts & Humanities|generated,train
20300160008,train,14-15|Arts & Humanities|generated,train
30500200012,train,14-15|Social Sciences|generated,train
10400150107,train,12-13|Arts & Humanities|generated,train
30100610027,train,14-15|Arts & Humanities|generated,train
30100920005,train,15+|Arts & Humanities|generated,train
30300200029,train,14-15|STEM|generated,dev
30300380051,train,12-13|Social Sciences|generated,train
10300540076,test,12-13|Arts & Humanities|generated,train
30200980009,train,14-15|STEM|generated,train
30101390010,train,13-14|Social Sciences|generated,train
20400350058,train,14-15|Social Sciences|generated,train
20300400016,train,14-15|Arts & Humanities|generated,train
30400020062,train,12-13|Social Sciences|generated,train
20300150058,dev,12-13|Arts & Humanities|generated,train
10300400047,train,12-13|Arts & Humanities|generated,train
30101000022,train,12-13|Arts & Humanities|generated,train
10101510080,train,14-15|Arts & Humanities|generated,train
30500100016,train,12-13|Social Sciences|generated,train
10200130012,train,12-13|STEM|generated,dev
31100120022,train,14-15|Arts & Humanities|generated,train
20100700026,train,12-13|STEM|generated,train
30100820024,train,12-13|Social Sciences|generated,train
10101210030,train,14-15|Arts & Humanities|generated,train
20300290006,dev,15+|Social Sciences|generated,train
10300170051,train,14-15|Arts & Humanities|generated,train
20100190005,dev,14-15|Social Sciences|generated,train
30101050011,train,12-13|STEM|generated,train
20201370002,train,12-13|STEM|generated,train
30500100051,train,14-15|Social Sciences|generated,train
20700630001,train,12-13|Arts & Humanities|generated,train
20300330030,train,12-13|Arts & Humanities|generated,train
30400060041,train,15+|Social Sciences|generated,train
10101520017,test,12-13|Arts & Humanities|generated,train
10102650011,train,14-15|Arts & Humanities|generated,train
10300520050,train,12-13|Arts & Humanities|generated,train
30100620023,train,13-14|Social Sciences|generated,train
10200730011,test,13-14|STEM|generated,train
30101050020,train,14-15|STEM|generated,train
20101330029,train,14-15|Social Sciences|generated,train
20400090095,train,14-15|Social Sciences|generated,train
20300290030,test,14-15|Social Sciences|generated,train
10102620019,train,12-13|Arts & Humanities|generated,train
10101970033,train,14-15|Arts & Humanities|generated,train
10101150186,test,12-13|Arts & Humanities|generated,train
20201390003,train,12-13|STEM|generated,train
20400530054,train,13-14|Social Sciences|generated,train
30300010009,train,14-15|Arts & Humanities|generated,dev
31100200031,train,13-14|Arts & Humanities|generated,train
20101660009,train,14-15|Social Sciences|generated,train
20400240031,train,14-15|Social Sciences|generated,dev
10101750011,train,12-13|Arts & Humanities|generated,train
30100940003,train,15+|Social Sciences|generated,train
30101230015,train,15+|Social Sciences|generated,train
10100630014,train,12-13|Arts & Humanities|generated,train
30400150081,train,12-13|Social Sciences|generated,train
30100140011,train,14-15|Social Sciences|generated,dev
20201310019,train,12-13|STEM|generated,train
20101640018,train,14-15|Social Sciences|generated,train
30100170012,train,14-15|Arts & Humanities|generated,train
21100040004,train,13-14|Arts & Humanities|generated,train
30100010015,train,12-13|Arts & Humanities|generated,dev
20101170007,train,15+|STEM|generated,train
20600600005,train,14-15|Social Sciences|generated,train
10500220008,train,12-13|Arts & Humanities|generated,train
20800180064,train,12-13|Arts & Humanities|generated,train
20400410124,train,12-13|Arts & Humanities|generated,train
10100390062,train,12-13|Arts & Humanities|generated,train
10101170007,train,12-13|Arts & Humanities|generated,train
10101210016,dev,12-13|Arts & Humanities|generated,train
20500130016,train,14-15|Arts & Humanities|generated,train
10101660007,train,12-13|Arts & Humanities|generated,train
10200810023,train,13-14|STEM|generated,train
10300570027,train,13-14|Arts & Humanities|generated,train
20700830008,train,14-15|Arts & Humanities|generated,train
30101190040,train,14-15|Social Sciences|generated,train
20200280017,test,14-15|Arts & Humanities|generated,train
20201220010,train,14-15|STEM|generated,train
20101030026,train,14-15|STEM|generated,train
10500290013,train,14-15|Arts & Humanities|generated,train
30100060033,train,13-14|Arts & Humanities|generated,train
30100440027,train,14-15|Social Sciences|generated,train
20400580070,train,12-13|Social Sciences|generated,train
20100650014,test,14-15|Social Sciences|generated,train
20700520004,train,12-13|Arts & Humanities|generated,train
20600070002,train,15+|Social Sciences|generated,train
20500490018,train,12-13|Arts & Humanities|generated,train
20500230017,train,14-15|Arts & Humanities|generated,train
30100780011,dev,13-14|Arts & Humanities|generated,train
30300290033,train,14-15|Arts & Humanities|generated,train
30300540011,train,12-13|Arts & Humanities|generated,train
20400170049,train,12-13|Arts & Humanities|generated,train
10100680021,train,12-13|Arts & Humanities|generated,train
30300060026,train,14-15|Arts & Humanities|generated,dev
10100330133,train,14-15|Arts & Humanities|generated,train
20300170019,dev,15+|Arts & Humanities|generated,train
30100900020,train,14-15|STEM|generated,train
10300280024,train,12-13|Arts & Humanities|generated,train
10300340016,train,12-13|Arts & Humanities|generated,train
30100160025,dev,14-15|Social Sciences|generated,train
20200810017,train,14-15|Arts & Humanities|generated,train
10101270026,dev,12-13|Arts & Humanities|generated,train
20101070023,train,12-13|Social Sciences|generated,train
20100060001,train,14-15|Social Sciences|generated,dev
30100790027,train,14-15|STEM|generated,train
20100170029,train,14-15|Social Sciences|generated,train
10101290088,dev,12-13|Arts & Humanities|generated,train
10101510011,train,13-14|Arts & Humanities|generated,train
10500420022,test,13-14|Arts & Humanities|generated,train
10300230002,train,12-13|Arts & Humanities|generated,train
10200320012,train,12-13|Arts & Humanities|generated,train
20100070034,train,12-13|Arts & Humanities|generated,dev
10300550018,train,14-15|Arts & Humanities|generated,train
20101650016,train,14-15|Social Sciences|generated,train
20600520009,train,14-15|Social Sciences|generated,train
20101250035,train,14-15|Social Sciences|generated,train
20700090003,train,12-13|Arts & Humanities|generated,dev
30300500019,train,12-13|STEM|generated,train
20300510033,train,13-14|Arts & Humanities|generated,train
30100130053,train,15+|STEM|generated,dev
10400110042,train,14-15|Social Sciences|generated,dev
30101570021,test,12-13|Arts & Humanities|generated,train
30101560018,train,15+|Arts & Humanities|generated,train
20700210005,train,12-13|Arts & Humanities|generated,train
30300080018,train,13-14|STEM|generated,dev
10102620014,train,14-15|Arts & Humanities|generated,train
20200910019,train,12-13|Arts & Humanities|generated,train
20100770008,train,14-15|Social Sciences|generated,train
10102080005,train,12-13|Arts & Humanities|generated,train
20101630011,train,12-13|STEM|generated,train
20100720004,train,14-15|STEM|generated,train
10100360086,train,12-13|Arts & Humanities|generated,train
30101520008,train,14-15|STEM|generated,train
20100340002,train,15+|STEM|generated,train
30101280009,train,14-15|Arts & Humanities|generated,train
30100990027,train,14-15|Arts & Humanities|generated,train
10300390002,train,12-13|Arts & Humanities|generated,train
20200650010,train,12-13|Social Sciences|generated,train
10200820013,train,14-15|Social Sciences|generated,train
10500410021,train,12-13|Arts & Humanities|generated,train
10100820128,train,12-13|Arts & Humanities|generated,train
10500580023,train,12-13|Arts & Humanities|generated,train
30300570024,train,12-13|Social Sciences|generated,train
10500160035,train,13-14|Arts & Humanities|generated,train
20200610005,test,14-15|Social Sciences|generated,train
20400530045,train,12-13|Social Sciences|generated,train
30101140017,test,14-15|Social Sciences|generated,train
20100270004,test,13-14|Social Sciences|generated,train
30100940026,train,14-15|Social Sciences|generated,train
30300580028,train,12-13|Arts & Humanities|generated,train
20400580092,test,14-15|Social Sciences|generated,train
20500530017,train,14-15|Arts & Humanities|generated,train
30300600016,train,12-13|Social Sciences|generated,train
20400570052,train,14-15|Social Sciences|generated,train
20100120012,train,14-15|Social Sciences|generated,dev
10100980032,dev,12-13|Arts & Humanities|generated,train
10400390086,train,12-13|Arts & Humanities|generated,dev
20500820006,train,14-15|Arts & Humanities|generated,train
30100670019,train,14-15|Social Sciences|generated,train
20100090044,train,14-15|Arts & Humanities|generated,train
10600200009,test,13-14|Arts & Humanities|generated,train
10300240030,train,12-13|Arts & Humanities|generated,train
10200360003,train,12-13|Arts & Humanities|generated,train
30300680025,train,14-15|Arts & Humanities|generated,train
20300010011,train,12-13|Social Sciences|generated,dev
20300580028,train,14-15|Social Sciences|generated,train
20500340006,train,13-14|Arts & Humanities|generated,train
30100600019,train,14-15|Social Sciences|generated,train
20101350021,train,12-13|Arts & Humanities|generated,train
20700350006,train,13-14|Arts & Humanities|generated,train
30101090010,train,14-15|Social Sciences|generated,train
10100690089,train,12-13|Arts & Humanities|generated,train
20100390009,train,12-13|Social Sciences|generated,train
20100340026,test,14-15|STEM|generated,train
20200120014,train,13-14|STEM|generated,dev
30100210020,train,14-15|STEM|generated,train
20101370009,train,14-15|Social Sciences|generated,train
20100280031,train,14-15|Social Sciences|generated,train
10200760017,train,12-13|STEM|generated,train
30101580040,train,14-15|STEM|generated,train
30101530018,train,13-14|Social Sciences|generated,train
10500310025,train,13-14|Arts & Humanities|generated,train
30101590019,train,12-13|Social Sciences|generated,train
30400010001,train,12-13|Social Sciences|generated,train
30100900039,train,12-13|STEM|generated,train
20100810026,train,14-15|Social Sciences|generated,train
20101590024,train,14-15|Social Sciences|generated,train
30100670051,train,12-13|Social Sciences|generated,train
20200590017,test,14-15|Social Sciences|generated,train
30500120043,train,15+|Arts & Humanities|generated,train
30400060052,train,12-13|Social Sciences|generated,train
10600340012,train,12-13|Arts & Humanities|generated,train
20300140003,train,14-15|Arts & Humanities|generated,train
30500090077,dev,14-15|Social Sciences|generated,train
20100350003,train,12-13|Social Sciences|generated,train
20200830019,train,12-13|Arts & Humanities|generated,train
10500390009,train,12-13|Arts & Humanities|generated,train
30101230014,train,12-13|Social Sciences|generated,train
30200480004,train,12-13|Social Sciences|generated,train
20101080026,dev,14-15|Social Sciences|generated,train
20600280006,train,14-15|Arts & Humanities|generated,train
20400100016,train,14-15|Social Sciences|generated,train
20500330005,train,14-15|Arts & Humanities|generated,train
20400220049,train,14-15|Social Sciences|generated,train
20101370024,train,14-15|Social Sciences|generated,train
30100110043,train,12-13|Social Sciences|generated,train
10101970005,dev,12-13|Arts & Humanities|generated,train
30300290011,train,12-13|Arts & Humanities|generated,train
10500160043,test,12-13|Arts & Humanities|generated,train
30100410016,train,14-15|Social Sciences|generated,train
30300400050,test,12-13|Arts & Humanities|generated,train
10100720009,train,12-13|Arts & Humanities|generated,train
20200560001,test,12-13|Social Sciences|generated,train
30200750011,train,12-13|Arts & Humanities|generated,train
10100430016,train,12-13|Arts & Humanities|generated,train
31100110048,train,13-14|Arts & Humanities|generated,train
30100370017,train,12-13|Social Sciences|generated,train
20200730013,test,12-13|Arts & Humanities|generated,train
20101010042,train,14-15|Arts & Humanities|generated,train
20500630019,train,14-15|Arts & Humanities|generated,train
30400090078,dev,14-15|Social Sciences|generated,train
20700860003,train,12-13|Arts & Humanities|generated,train
10500510027,train,12-13|Arts & Humanities|generated,train
30300280017,train,12-13|Arts & Humanities|generated,train
20400470032,train,12-13|Social Sciences|generated,train
20200590014,train,12-13|Social Sciences|generated,train
30300260026,train,12-13|Social Sciences|generated,train
20200440007,train,12-13|Arts & Humanities|generated,train
30400130063,train,14-15|Social Sciences|generated,dev
20500250016,train,12-13|Arts & Humanities|generated,train
10300600008,test,13-14|Arts & Humanities|generated,train
30101400046,train,14-15|Arts & Humanities|generated,train
20100800026,train,12-13|Social Sciences|generated,train
30101340040,train,13-14|Social Sciences|generated,train
20300550006,train,12-13|Arts & Humanities|generated,train
10102110071,train,12-13|Arts & Humanities|generated,train
30101340060,train,13-14|Social Sciences|generated,train
30101610013,train,14-15|STEM|generated,train
30101110046,train,14-15|Arts & Humanities|generated,train
30201030004,train,12-13|Social Sciences|generated,train
20900110025,train,12-13|Arts & Humanities|generated,train
30100490028,train,14-15|STEM|generated,train
30101210029,dev,12-13|Social Sciences|generated,train
20101630002,train,12-13|STEM|generated,train
10100650006,train,12-13|Arts & Humanities|generated,train
20400100028,train,14-15|Social Sciences|generated,train
30300470008,train,14-15|Arts & Humanities|generated,train
20400580063,train,12-13|Social Sciences|generated,train
20500490011,dev,12-13|Arts & Humanities|generated,train
10101640017,train,12-13|Arts & Humanities|generated,train
10300380019,train,12-13|Arts & Humanities|generated,train
20101300006,train,14-15|Social Sciences|generated,train
20100480020,test,12-13|Social Sciences|generated,train
20300220014,train,14-15|Arts & Humanities|generated,train
20300330039,train,14-15|Arts & Humanities|generated,train
20201380015,train,13-14|STEM|generated,train
30100650033,train,14-15|STEM|generated,train
30200430018,train,12-13|Social Sciences|generated,train
20100380009,train,14-15|Arts & Humanities|generated,train
10500420032,train,13-14|Arts & Humanities|generated,train
20100550022,test,12-13|Social Sciences|generated,train
20201150011,test,14-15|Social Sciences|generated,train
20800190077,train,12-13|Arts & Humanities|generated,train
20100450028,train,15+|Arts & Humanities|generated,train
30400060070,train,12-13|Social Sciences|generated,train
30300270031,dev,12-13|STEM|generated,train
30400080034,train,14-15|Social Sciences|generated,train
30100100033,train,13-14|Social Sciences|generated,dev
20201400002,train,12-13|STEM|generated,train
10300140033,train,13-14|Arts & Humanities|generated,train
30400080038,train,14-15|Social Sciences|generated,train
20400480021,train,12-13|Social Sciences|generated,dev
20200350001,test,12-13|Arts & Humanities|generated,train
20500840016,train,14-15|Arts & Humanities|generated,train
20101570012,train,13-14|Social Sciences|generated,train
10300520012,train,14-15|Arts & Humanities|generated,train
30101340046,train,12-13|Social Sciences|generated,train
20500260019,train,14-15|Arts & Humanities|generated,train
10300540012,train,13-14|Arts & Humanities|generated,train
30100890021,dev,14-15|Arts & Humanities|generated,train
20200900015,test,12-13|Arts & Humanities|generated,train
10500390035,test,12-13|Arts & Humanities|generated,train
20700330014,train,12-13|Arts & Humanities|generated,train
10300460060,train,13-14|Arts & Humanities|generated,train
20600660001,train,14-15|Social Sciences|generated,train
20400480091,train,12-13|Social Sciences|generated,dev
10100670020,test,12-13|Arts & Humanities|generated,train
30100960015,dev,14-15|Social Sciences|generated,train
10400470031,train,14-15|Social Sciences|generated,dev
20100880023,train,14-15|STEM|generated,train
30100600009,train,14-15|Social Sciences|generated,train
30101430029,train,15+|Arts & Humanities|generated,train
20101450024,train,14-15|Social Sciences|generated,train
30400110061,train,14-15|Social Sciences|generated,train
20101380018,train,14-15|Social Sciences|generated,train
10400260058,train,12-13|Arts & Humanities|generated,train
20200250010,dev,13-14|Arts & Humanities|generated,train
10102160032,dev,12-13|Arts & Humanities|generated,train
20700770009,train,12-13|Arts & Humanities|generated,train
30100440028,train,12-13|Social Sciences|generated,train
20400180055,train,14-15|Arts & Humanities|generated,train
30500180044,train,13-14|Arts & Humanities|generated,dev
20101050005,test,14-15|STEM|generated,train
10300430030,train,15+|Arts & Humanities|generated,train
30101340014,dev,13-14|Social Sciences|generated,train
10201000016,train,12-13|Social Sciences|generated,train
30101170060,train,12-13|Social Sciences|generated,train
30100440003,train,14-15|Social Sciences|generated,train
20300280023,train,13-14|Arts & Humanities|generated,train
10101640010,train,12-13|Arts & Humanities|generated,train
30101330053,train,14-15|Social Sciences|generated,train
30101010028,train,15+|Arts & Humanities|generated,train
30300680024,train,14-15|Arts & Humanities|generated,train
30100620040,train,14-15|Social Sciences|generated,train
20200290012,train,12-13|Arts & Humanities|generated,train
30300380026,train,12-13|Social Sciences|generated,train
30300460049,train,12-13|Arts & Humanities|generated,train
30100570039,train,12-13|STEM|generated,train
20200640019,train,14-15|Social Sciences|generated,train
30101000014,train,13-14|Arts & Humanities|generated,train
20100010023,train,14-15|Social Sciences|generated,dev
30100420032,dev,12-13|Social Sciences|generated,train
21000050034,train,12-13|Arts & Humanities|generated,train
20700420001,train,12-13|Arts & Humanities|generated,train
30100500020,dev,13-14|Social Sciences|generated,train
30400130060,train,14-15|Social Sciences|generated,dev
20100130023,train,14-15|Social Sciences|generated,dev
20400390021,train,12-13|Arts & Humanities|generated,train
10500260049,train,13-14|Arts & Humanities|generated,train
30100880006,dev,15+|Arts & Humanities|generated,train
30100010016,train,13-14|Arts & Humanities|generated,dev
30100080013,train,15+|Arts & Humanities|generated,dev
10500560029,test,12-13|Arts & Humanities|generated,train
10101990048,test,13-14|Arts & Humanities|generated,train
20101590025,train,14-15|Social Sciences|generated,train
20300410030,train,12-13|Arts & Humanities|generated,train
10400310019,train,12-13|Arts & Humanities|generated,dev
30300350017,dev,13-14|STEM|generated,train
20101620025,train,12-13|Social Sciences|generated,train
20101060012,train,12-13|STEM|generated,train
30400010050,train,14-15|Social Sciences|generated,train
20700770010,train,13-14|Arts & Humanities|generated,train
20300520009,train,13-14|Arts & Humanities|generated,train
20800030055,train,12-13|Arts & Humanities|generated,train
20100800028,train,13-14|Social Sciences|generated,train
20300340028,train,14-15|Social Sciences|generated,train
30101540021,train,15+|Social Sciences|generated,train
10101170067,train,12-13|Arts & Humanities|generated,train
20100100025,train,14-15|Arts & Humanities|generated,dev
30100610020,test,15+|Arts & Humanities|generated,train
10102210006,train,14-15|Arts & Humanities|generated,train
10102660025,train,12-13|Arts & Humanities|generated,train
30500030081,train,14-15|Arts & Humanities|generated,train
20101290014,train,14-15|Social Sciences|generated,train
30101210041,train,14-15|Social Sciences|generated,train
30101530032,train,14-15|Social Sciences|generated,train
30500270030,dev,14-15|Social Sciences|generated,train
20100500044,train,12-13|Arts & Humanities|generated,train
20500250020,train,14-15|Arts & Humanities|generated,train
10100810108,train,12-13|Arts & Humanities|generated,train
30101130034,train,14-15|Social Sciences|generated,train
10101940024,test,13-14|Arts & Humanities|generated,train
20400170054,train,14-15|Arts & Humanities|generated,train
20201220012,train,14-15|STEM|generated,train
30100210045,train,14-15|STEM|generated,train
30101250023,train,15+|Arts & Humanities|generated,train
20100440020,train,14-15|Social Sciences|generated,train
20300590025,train,13-14|Arts & Humanities|generated,train
30200720003,train,14-15|Social Sciences|generated,train
10102650025,train,12-13|Arts & Humanities|generated,train
30500280043,test,14-15|Social Sciences|generated,train
20100850005,dev,14-15|Social Sciences|generated,train
30100790041,test,14-15|STEM|generated,train
20600090002,train,14-15|Arts & Humanities|generated,dev
30400140064,train,12-13|Social Sciences|generated,train
20400190051,train,13-14|Arts & Humanities|generated,train
10300110029,train,12-13|Arts & Humanities|generated,train
20201180019,train,12-13|STEM|generated,train
20100610035,train,12-13|Arts & Humanities|generated,train
30400130117,train,14-15|Social Sciences|generated,dev
20100560012,train,12-13|Arts & Humanities|generated,train
10300120004,train,12-13|Arts & Humanities|generated,train
20300310011,train,13-14|Arts & Humanities|generated,train
30100670038,dev,12-13|Social Sciences|generated,train
30100210056,train,14-15|STEM|generated,train
30101240005,train,13-14|Arts & Humanities|generated,train
20600350008,train,12-13|Arts & Humanities|generated,train
30300350024,train,14-15|STEM|generated,train
10102620024,train,13-14|Arts & Humanities|generated,train
20500120005,train,13-14|Arts & Humanities|generated,train
10101290093,train,12-13|Arts & Humanities|generated,train
10201000012,train,12-13|Social Sciences|generated,train
30400090010,train,12-13|Social Sciences|generated,train
30101180013,train,12-13|Social Sciences|generated,train
10300410036,test,12-13|Arts & Humanities|generated,train
20300210002,train,12-13|Arts & Humanities|generated,train
20100700013,train,14-15|STEM|generated,train
30400170031,train,15+|Social Sciences|generated,train
20101250008,train,14-15|Social Sciences|generated,train
10300550008,train,12-13|Arts & Humanities|generated,train
30101180011,train,13-14|Social Sciences|generated,train
10300300010,train,12-13|Arts & Humanities|generated,train
10100890084,train,12-13|Arts & Humanities|generated,train
10101430071,train,13-14|Arts & Humanities|generated,train
10300310031,train,13-14|Arts & Humanities|generated,train
10500490048,train,13-14|Arts & Humanities|generated,train
10300230021,train,12-13|Arts & Humanities|generated,train
10400120088,dev,12-13|Social Sciences|generated,dev
10300340050,train,12-13|Arts & Humanities|generated,train
20100910031,test,13-14|STEM|generated,train
30200640020,train,14-15|Social Sciences|generated,train
30200520018,train,14-15|Social Sciences|generated,train
30101660030,train,12-13|STEM|generated,train
30100130010,train,12-13|STEM|generated,dev
10300100044,train,12-13|Arts & Humanities|generated,train
20101200032,train,13-14|Social Sciences|generated,train
10300140008,train,13-14|Arts & Humanities|generated,train
21100010014,train,13-14|Arts & Humanities|generated,train
30100920035,train,14-15|Arts & Humanities|generated,train
10500540049,dev,13-14|Arts & Humanities|generated,train
30101230010,train,15+|Social Sciences|generated,train
20500220018,train,15+|Arts & Humanities|generated,train
20101190024,train,14-15|STEM|generated,train
30200820004,train,14-15|Arts & Humanities|generated,train
20200680016,train,14-15|Social Sciences|generated,train
30100190029,train,12-13|Arts & Humanities|generated,dev
30100400023,train,14-15|Social Sciences|generated,train
30100620039,test,12-13|Social Sciences|generated,train
30200130018,train,14-15|STEM|generated,train
10400360072,train,12-13|Arts & Humanities|generated,train
30500110075,train,12-13|Social Sciences|generated,dev
20101690006,train,14-15|Social Sciences|generated,train
20100080028,train,14-15|Arts & Humanities|generated,train
10300280009,train,12-13|Arts & Humanities|generated,train
30101000015,train,13-14|Arts & Humanities|generated,train
10300560022,train,12-13|Arts & Humanities|generated,train
20100280029,train,14-15|Social Sciences|generated,train
30400120024,train,14-15|Social Sciences|generated,train
30100900005,train,14-15|STEM|generated,train
10500180040,train,12-13|Arts & Humanities|generated,train
20600460002,train,12-13|Arts & Humanities|generated,train
20101530023,train,12-13|Social Sciences|generated,train
30101610004,train,14-15|STEM|generated,train
20600240011,train,14-15|STEM|generated,train
30101390039,train,12-13|Social Sciences|generated,train
30100420010,dev,12-13|Social Sciences|generated,train
20600060013,train,14-15|Social Sciences|generated,train
20100410023,train,14-15|Social Sciences|generated,train
20101560011,test,12-13|Social Sciences|generated,train
20700010011,dev,12-13|Arts & Humanities|generated,dev
30400040054,train,14-15|Social Sciences|generated,train
30300030037,train,12-13|Arts & Humanities|generated,dev
10200720001,train,12-13|STEM|generated,train
10102800023,train,12-13|Arts & Humanities|generated,train
21100060002,train,12-13|Arts & Humanities|generated,train
10101150150,train,12-13|Arts & Humanities|generated,train
20200850013,train,12-13|Arts & Humanities|generated,train
10101520143,train,12-13|Arts & Humanities|generated,train
20300240005,train,14-15|Arts & Humanities|generated,train
10101000011,train,13-14|Arts & Humanities|generated,train
30100740004,train,15+|Social Sciences|generated,train
30300280041,dev,12-13|Arts & Humanities|generated,train
10101180068,train,12-13|Arts & Humanities|generated,train
30100450038,train,15+|Social Sciences|generated,train
10101430048,test,14-15|Arts & Humanities|generated,train
10101290040,train,12-13|Arts & Humanities|generated,train
20800090059,train,12-13|Arts & Humanities|generated,train
20101610007,train,14-15|STEM|generated,train
20101210021,train,13-14|Social Sciences|generated,train
30300140017,train,14-15|STEM|generated,train
20300270037,train,15+|Social Sciences|generated,train
30101610006,train,12-13|STEM|generated,train
30100850003,test,15+|Arts & Humanities|generated,train
30400140049,train,14-15|Social Sciences|generated,train
30101340039,train,12-13|Social Sciences|generated,train
20500550008,train,12-13|Arts & Humanities|generated,train
30500200036,train,14-15|Social Sciences|generated,train
30300420026,test,12-13|Arts & Humanities|generated,train
20400340035,train,14-15|Social Sciences|generated,train
20100390012,train,14-15|Social Sciences|generated,train
10400410038,train,12-13|Arts & Humanities|generated,train
20201370009,train,13-14|STEM|generated,train
10101970087,train,14-15|Arts & Humanities|generated,train
30101480022,train,14-15|Arts & Humanities|generated,train
20500790004,train,12-13|Arts & Humanities|generated,train
30100610010,train,14-15|Arts & Humanities|generated,train
10500030064,train,12-13|Arts & Humanities|generated,train
20400480062,train,12-13|Social Sciences|generated,dev
10500280019,train,12-13|Arts & Humanities|generated,train
30200890013,train,14-15|Social Sciences|generated,train
20101510005,train,14-15|Social Sciences|generated,train
30100170039,train,14-15|Arts & Humanities|generated,train
10100840042,train,14-15|Arts & Humanities|generated,train
20101500018,train,14-15|Social Sciences|generated,train
20400500034,train,14-15|Arts & Humanities|generated,train
10500310036,train,12-13|Arts & Humanities|generated,train
30400090075,dev,14-15|Social Sciences|generated,train
30101450041,train,12-13|Arts & Humanities|generated,train
20101060025,train,12-13|STEM|generated,train
10500050018,test,12-13|Arts & Humanities|generated,train
30400130075,train,12-13|Social Sciences|generated,dev
30500160096,train,12-13|Arts & Humanities|generated,train
30300280036,train,12-13|Arts & Humanities|generated,train
20101140022,train,14-15|Social Sciences|generated,train
30100110036,test,12-13|Social Sciences|generated,train
20900070002,train,12-13|Arts & Humanities|generated,train
10300380037,train,13-14|Arts & Humanities|generated,train
10101300019,train,12-13|Arts & Humanities|generated,train
20200420012,train,13-14|Arts & Humanities|generated,train
10101480003,train,13-14|Arts & Humanities|generated,train
10101800006,train,12-13|Arts & Humanities|generated,train
20600240015,train,14-15|STEM|generated,train
30200790003,train,13-14|Arts & Humanities|generated,train
30101000025,train,13-14|Arts & Humanities|generated,train
30400120048,train,14-15|Social Sciences|generated,train
20500230008,train,14-15|Arts & Humanities|generated,train
30500050072,test,12-13|Arts & Humanities|generated,train
20900050027,train,12-13|Arts & Humanities|generated,train
10400420145,train,12-13|Arts & Humanities|generated,train
30300470012,train,12-13|Arts & Humanities|generated,train
20700140008,train,12-13|Arts & Humanities|generated,dev
10100590094,test,14-15|Arts & Humanities|generated,train
10101540010,train,14-15|Arts & Humanities|generated,train
20101260013,train,12-13|Social Sciences|generated,train
20101490018,train,15+|Arts & Humanities|generated,train
20300550039,train,13-14|Arts & Humanities|generated,train
30400080061,train,14-15|Social Sciences|generated,train
10101030037,train,13-14|Arts & Humanities|generated,train
10300440036,dev,12-13|Arts & Humanities|generated,train
20201330004,train,12-13|STEM|generated,train
30101370060,train,12-13|Social Sciences|generated,train
30100520015,test,12-13|Social Sciences|generated,train
30101400054,train,14-15|Arts & Humanities|generated,train
30101070018,dev,12-13|Social Sciences|generated,train
10102620026,train,12-13|Arts & Humanities|generated,train
20400330025,train,14-15|Social Sciences|generated,train
20101580032,train,14-15|Social Sciences|generated,train
10400470026,train,12-13|Social Sciences|generated,dev
30100190050,train,12-13|Arts & Humanities|generated,dev
30200620014,train,12-13|Social Sciences|generated,train
10500600010,train,12-13|Arts & Humanities|generated,train
30200700003,test,14-15|Social Sciences|generated,train
30400090039,train,12-13|Social Sciences|generated,train
10102600013,train,12-13|Arts & Humanities|generated,train
30400060005,train,12-13|Social Sciences|generated,train
20600450025,train,12-13|STEM|generated,train
10100450003,train,12-13|Arts & Humanities|generated,train
31100050027,train,13-14|Arts & Humanities|generated,train
10300580033,test,12-13|Arts & Humanities|generated,train
10400440091,train,14-15|Social Sciences|generated,train
30400030037,train,14-15|Social Sciences|generated,train
20500820007,train,14-15|Arts & Humanities|generated,train
20101460022,train,14-15|STEM|generated,train
30100420008,test,14-15|Social Sciences|generated,train
30101110029,train,12-13|Arts & Humanities|generated,train
10100730005,train,12-13|Arts & Humanities|generated,train
30101110030,train,14-15|Arts & Humanities|generated,train
30100060052,dev,13-14|Arts & Humanities|generated,train
10200400013,train,14-15|Arts & Humanities|generated,train
20600410006,train,13-14|STEM|generated,train
30100120039,train,13-14|Social Sciences|generated,dev
10300510019,train,12-13|Arts & Humanities|generated,train
10100640012,train,14-15|Arts & Humanities|generated,train
20900070010,train,14-15|Arts & Humanities|generated,train
30101480008,train,14-15|Arts & Humanities|generated,train
10500040014,dev,13-14|Arts & Humanities|generated,dev
20100240020,train,12-13|Arts & Humanities|generated,train
30100050038,train,12-13|STEM|generated,dev
30101370025,train,12-13|Social Sciences|generated,train
20300160031,train,13-14|Arts & Humanities|generated,train
20100720017,train,12-13|STEM|generated,train
20100820003,test,12-13|Social Sciences|generated,train
30300130033,train,12-13|Social Sciences|generated,train
10102060006,train,14-15|Arts & Humanities|generated,train
30101350005,train,15+|Arts & Humanities|generated,train
30101280024,train,15+|Arts & Humanities|generated,train
20700550007,train,14-15|Arts & Humanities|generated,train
30500240050,train,13-14|Arts & Humanities|generated,train
30101590032,train,12-13|Social Sciences|generated,train
20500110006,train,14-15|Arts & Humanities|generated,train
20101570010,train,14-15|Social Sciences|generated,train
20700520006,train,13-14|Arts & Humanities|generated,train
20100810016,train,12-13|Social Sciences|generated,train
20100880004,train,12-13|STEM|generated,train
20101490017,train,12-13|Arts & Humanities|generated,train
10500530020,train,12-13|Arts & Humanities|generated,train
10400450032,dev,14-15|Social Sciences|generated,train
20100270003,train,14-15|Social Sciences|generated,train
20500740002,train,14-15|Arts & Humanities|generated,train
20500190014,train,12-13|Arts & Humanities|generated,train
10300300028,train,12-13|Arts & Humanities|generated,train
20400100033,train,14-15|Social Sciences|generated,train
10101210025,train,12-13|Arts & Humanities|generated,train
10101150128,train,12-13|Arts & Humanities|generated,train
30101020022,train,13-14|STEM|generated,train
10400280181,test,12-13|Arts & Humanities|generated,train
20100050024,train,14-15|Social Sciences|generated,dev
10100720012,train,15+|Arts & Humanities|generated,train
20101490014,train,14-15|Arts & Humanities|generated,train
10100380066,train,12-13|Arts & Humanities|generated,train
30500250015,train,13-14|Arts & Humanities|generated,train
20100430032,train,12-13|Arts & Humanities|generated,train
20100740033,train,14-15|STEM|generated,train
20100710015,train,14-15|Social Sciences|generated,train
30300570046,train,14-15|Social Sciences|generated,train
20400450057,train,14-15|Social Sciences|generated,train
30100820012,test,12-13|Social Sciences|generated,train
20300360009,train,12-13|Arts & Humanities|generated,train
20300310005,train,14-15|Arts & Humanities|generated,train
10101240008,train,14-15|Arts & Humanities|generated,train
20300500026,train,13-14|Arts & Humanities|generated,train
30101540046,train,14-15|Social Sciences|generated,train
10300450017,train,14-15|Arts & Humanities|generated,train
10100670021,train,12-13|Arts & Humanities|generated,train
10200680016,train,12-13|STEM|generated,train
10101750027,test,13-14|Arts & Humanities|generated,train
20400350029,train,14-15|Social Sciences|generated,train
30101540024,train,14-15|Social Sciences|generated,train
20100570010,train,14-15|Arts & Humanities|generated,train
10300390042,train,12-13|Arts & Humanities|generated,train
10300270029,train,14-15|Arts & Humanities|generated,train
10400110128,dev,12-13|Social Sciences|generated,dev
20800010008,train,12-13|Arts & Humanities|generated,dev
20700780003,train,12-13|Arts & Humanities|generated,train
20101120024,train,14-15|Social Sciences|generated,train
10101840037,train,14-15|Arts & Humanities|generated,train
30101190036,test,14-15|Social Sciences|generated,train
30101460018,test,12-13|Social Sciences|generated,train
10102030016,train,12-13|Arts & Humanities|generated,train
20100420017,train,13-14|Arts & Humanities|generated,train
10500160006,train,12-13|Arts & Humanities|generated,train
10500560009,train,13-14|Arts & Humanities|generated,train
10500300021,train,12-13|Arts & Humanities|generated,train
20900020009,train,15+|Arts & Humanities|generated,dev
30100150042,train,13-14|Social Sciences|generated,dev
10101430073,train,14-15|Arts & Humanities|generated,train
10500300035,train,12-13|Arts & Humanities|generated,train
10500400040,dev,13-14|Arts & Humanities|generated,train
30300100033,train,15+|STEM|generated,train
30400050033,train,12-13|Social Sciences|generated,train
30300570043,train,14-15|Social Sciences|generated,train
10400030071,train,12-13|Arts & Humanities|generated,train
10101150184,dev,12-13|Arts & Humanities|generated,train
30101370039,train,12-13|Social Sciences|generated,train
10300440009,train,13-14|Arts & Humanities|generated,train
10300260034,train,13-14|Arts & Humanities|generated,train
20100410013,train,12-13|Social Sciences|generated,train
20100940001,train,14-15|STEM|generated,train
10300060006,train,13-14|Arts & Humanities|generated,dev
10500320044,train,14-15|Arts & Humanities|generated,train
20100370022,train,14-15|Social Sciences|generated,train
20300380031,dev,12-13|Arts & Humanities|generated,train
10101220038,dev,12-13|Arts & Humanities|generated,train
30300060022,train,14-15|Arts & Humanities|generated,dev
30101010030,train,12-13|Arts & Humanities|generated,train
20900090002,dev,12-13|Arts & Humanities|generated,train
20100850040,train,12-13|Social Sciences|generated,train
20700660006,train,13-14|Arts & Humanities|generated,train
20101130028,train,14-15|STEM|generated,train
10400280147,train,12-13|Arts & Humanities|generated,train
10200940015,dev,14-15|Social Sciences|generated,train
20400530032,train,13-14|Social Sciences|generated,train
30100600017,train,14-15|Social Sciences|generated,train
30100150011,train,12-13|Social Sciences|generated,dev
20300260015,train,12-13|Arts & Humanities|generated,train
20201190016,train,12-13|STEM|generated,train
30500230070,train,14-15|Arts & Humanities|generated,train
31200010066,train,14-15|Arts & Humanities|generated,train
30500060009,train,14-15|Arts & Humanities|generated,train
10100050002,train,13-14|Arts & Humanities|generated,dev
20201120014,train,14-15|Social Sciences|generated,train
10500220011,train,13-14|Arts & Humanities|generated,train
20600320012,train,14-15|STEM|generated,train
20200530009,dev,12-13|Social Sciences|generated,train
20101450028,train,14-15|Social Sciences|generated,train
10500340035,dev,12-13|Arts & Humanities|generated,train
20100060021,dev,14-15|Social Sciences|generated,dev
30101410020,test,13-14|Arts & Humanities|generated,train
10400200081,train,12-13|Arts & Humanities|generated,dev
20100080013,test,14-15|Arts & Humanities|generated,train
20700860013,train,13-14|Arts & Humanities|generated,train
30500110041,train,14-15|Social Sciences|generated,dev
30500120034,train,12-13|Arts & Humanities|generated,train
10100760083,train,12-13|Arts & Humanities|generated,train
10500440025,train,13-14|Arts & Humanities|generated,train
10100390043,train,12-13|Arts & Humanities|generated,train
20201420009,dev,13-14|STEM|generated,train
20200080015,train,14-15|Social Sciences|generated,dev
10100810087,train,14-15|Arts & Humanities|generated,train
30100120015,train,12-13|Social Sciences|generated,dev
10400100067,train,13-14|Social Sciences|generated,dev
20100270029,train,14-15|Social Sciences|generated,train
10101180020,train,12-13|Arts & Humanities|generated,train
10100630016,train,14-15|Arts & Humanities|generated,train
20500640010,dev,12-13|Arts & Humanities|generated,train
20300330037,train,14-15|Arts & Humanities|generated,train
30500100030,train,12-13|Social Sciences|generated,train
20100170008,train,14-15|Social Sciences|generated,train
30100810023,train,14-15|Social Sciences|generated,train
30200780007,test,14-15|Arts & Humanities|generated,train
30101090041,train,14-15|Social Sciences|generated,train
20100400008,train,14-15|Social Sciences|generated,train
20201220008,train,14-15|STEM|generated,train
20100500035,train,12-13|Arts & Humanities|generated,train
30100820010,train,13-14|Social Sciences|generated,train
30100010018,train,12-13|Arts & Humanities|generated,dev
30500060041,train,14-15|Arts & Humanities|generated,train
20100740037,train,12-13|STEM|generated,train
30100520030,train,12-13|Social Sciences|generated,train
30101460044,train,13-14|Social Sciences|generated,train
30500190026,train,14-15|Social Sciences|generated,train
10101960014,dev,12-13|Arts & Humanities|generated,train
10300550017,train,12-13|Arts & Humanities|generated,train
30300400018,train,13-14|Arts & Humanities|generated,train
10400370018,train,14-15|Arts & Humanities|generated,train
30300130045,train,12-13|Social Sciences|generated,train
10500410007,dev,13-14|Arts & Humanities|generated,train
20400050096,train,14-15|Arts & Humanities|generated,train
20100370003,train,14-15|Social Sciences|generated,train
20700630003,train,13-14|Arts & Humanities|generated,train
10102210028,train,14-15|Arts & Humanities|generated,train
30400140097,train,14-15|Social Sciences|generated,train
20101590003,dev,12-13|Social Sciences|generated,train
30300370040,train,12-13|Arts & Humanities|generated,train
30101450005,train,14-15|Arts & Humanities|generated,train
30101080025,train,12-13|Arts & Humanities|generated,train
20300200056,train,12-13|Arts & Humanities|generated,train
30101170002,test,14-15|Social Sciences|generated,train
20300050026,dev,13-14|Arts & Humanities|generated,dev
20100890031,train,14-15|Arts & Humanities|generated,train
30300640030,train,12-13|Arts & Humanities|generated,train
10600270014,train,12-13|Arts & Humanities|generated,train
30100030019,train,12-13|Social Sciences|generated,dev
30101400030,train,14-15|Arts & Humanities|generated,train
30300460031,train,12-13|Arts & Humanities|generated,train
20800070003,dev,12-13|Arts & Humanities|generated,train
20300040031,train,12-13|Arts & Humanities|generated,dev
10300130006,train,14-15|Arts & Humanities|generated,train
20900070022,train,12-13|Arts & Humanities|generated,train
20500210009,dev,12-13|Arts & Humanities|generated,train
10102800033,train,14-15|Arts & Humanities|generated,train
30400150060,train,14-15|Social Sciences|generated,train
30101580009,train,12-13|STEM|generated,train
20100970016,test,14-15|Social Sciences|generated,train
20800070052,dev,12-13|Arts & Humanities|generated,train
10300560014,train,14-15|Arts & Humanities|generated,train
10300490006,test,13-14|Arts & Humanities|generated,train
20200440014,train,12-13|Arts & Humanities|generated,train
20100120003,dev,15+|Social Sciences|generated,dev
20100370018,train,15+|Social Sciences|generated,train
30100850002,train,15+|Arts & Humanities|generated,train
30400070020,train,12-13|Social Sciences|generated,train
10200930019,train,14-15|Social Sciences|generated,train
10101960007,train,12-13|Arts & Humanities|generated,train
20300290016,train,12-13|Social Sciences|generated,train
20500010020,train,14-15|Arts & Humanities|generated,dev
30100660005,train,12-13|Social Sciences|generated,train
30200490019,train,12-13|Social Sciences|generated,train
20500200009,train,15+|Arts & Humanities|generated,train
30100640009,train,14-15|Arts & Humanities|generated,train
20101070019,train,15+|Social Sciences|generated,train
10101050047,dev,13-14|Arts & Humanities|generated,train
20200040002,dev,12-13|Arts & Humanities|generated,dev
30101170025,train,12-13|Social Sciences|generated,train
20100390018,train,12-13|Social Sciences|generated,train
10200960011,test,14-15|Social Sciences|generated,train
30300050067,dev,12-13|Arts & Humanities|generated,train
20500820009,train,12-13|Arts & Humanities|generated,train
20300340029,train,14-15|Social Sciences|generated,train
10100320019,train,13-14|Arts & Humanities|generated,train
10300510014,train,14-15|Arts & Humanities|generated,train
30500050031,train,14-15|Arts & Humanities|generated,train
30300410040,train,13-14|Arts & Humanities|generated,train
20300390013,train,14-15|Social Sciences|generated,train
30101630017,test,15+|Arts & Humanities|generated,train
20101150036,train,14-15|Social Sciences|generated,train
30101640024,dev,15+|Social Sciences|generated,train
10101970019,dev,12-13|Arts & Humanities|generated,train
20200720011,train,12-13|Arts & Humanities|generated,train
20101510006,test,15+|Social Sciences|generated,train
20201190020,train,12-13|STEM|generated,train
20300500023,train,13-14|Arts & Humanities|generated,train
30100450023,train,14-15|Social Sciences|generated,train
10400360091,train,12-13|Arts & Humanities|generated,train
10101470059,train,12-13|Arts & Humanities|generated,train
20101530017,train,14-15|Social Sciences|generated,train
20100630023,train,12-13|Social Sciences|generated,train
20100740001,train,12-13|STEM|generated,train
20100710020,train,14-15|Social Sciences|generated,train
20300390018,train,15+|Social Sciences|generated,train
30200810012,train,13-14|Arts & Humanities|generated,train
20100890023,train,14-15|Arts & Humanities|generated,train
30300590021,train,14-15|Arts & Humanities|generated,train
10500130020,train,12-13|Arts & Humanities|generated,train
20200420009,train,12-13|Arts & Humanities|generated,train
20101380024,train,14-15|Social Sciences|generated,train
30300030053,dev,13-14|Arts & Humanities|generated,dev
20101430017,train,14-15|Social Sciences|generated,train
30100410025,train,12-13|Social Sciences|generated,train
10400360141,train,12-13|Arts & Humanities|generated,train
20400350065,train,12-13|Social Sciences|generated,train
10101150168,train,12-13|Arts & Humanities|generated,train
20101640013,train,14-15|Social Sciences|generated,train
30101610011,train,14-15|STEM|generated,train
30400030008,train,14-15|Social Sciences|generated,train
30300040031,train,12-13|STEM|generated,train
20300470004,train,13-14|Arts & Humanities|generated,train
20300150075,test,13-14|Arts & Humanities|generated,train
20100850042,train,14-15|Social Sciences|generated,train
30100500028,test,15+|Social Sciences|generated,train
20300460008,train,14-15|Social Sciences|generated,train
30100590015,train,12-13|Social Sciences|generated,train
20101220016,train,12-13|STEM|generated,train
20300560033,train,14-15|Arts & Humanities|generated,train
20400470053,train,14-15|Social Sciences|generated,train
10300320006,dev,13-14|Arts & Humanities|generated,train
10101150037,train,13-14|Arts & Humanities|generated,train
20101590026,test,12-13|Social Sciences|generated,train
20100980011,train,14-15|STEM|generated,train
20700320006,train,12-13|Arts & Humanities|generated,train
20101020031,train,12-13|Arts & Humanities|generated,train
30101600026,train,14-15|STEM|generated,train
20600290006,dev,14-15|STEM|generated,train
10100760052,dev,12-13|Arts & Humanities|generated,train
30200730012,train,15+|Social Sciences|generated,train
10400230063,train,12-13|Social Sciences|generated,train
30101330029,train,12-13|Social Sciences|generated,train
30101020032,train,14-15|STEM|generated,train
30100960007,train,15+|Social Sciences|generated,train
30300420011,train,14-15|Arts & Humanities|generated,train
20300480056,train,14-15|Arts & Humanities|generated,train
20500310012,train,14-15|Arts & Humanities|generated,train
30400130002,train,14-15|Social Sciences|generated,dev
20201180001,dev,12-13|STEM|generated,train
20400220027,test,14-15|Social Sciences|generated,train
20600410002,train,14-15|STEM|generated,train
30400140046,train,12-13|Social Sciences|generated,train
30101200069,train,13-14|Arts & Humanities|generated,train
10101000025,train,14-15|Arts & Humanities|generated,train
30100410047,test,14-15|Social Sciences|generated,train
30400060067,train,14-15|Social Sciences|generated,train
30100610014,train,14-15|Arts & Humanities|generated,train
30101110047,train,14-15|Arts & Humanities|generated,train
30400060016,train,12-13|Social Sciences|generated,train
20400440083,train,12-13|Arts & Humanities|generated,train
20300290028,train,14-15|Social Sciences|generated,train
20100410028,test,14-15|Social Sciences|generated,train
30101520021,train,14-15|STEM|generated,train
20200270013,test,15+|Arts & Humanities|generated,train
30100670015,train,14-15|Social Sciences|generated,train
10101520040,train,12-13|Arts & Humanities|generated,train
30101660032,train,14-15|STEM|generated,train
20300290022,train,12-13|Social Sciences|generated,train
20500600004,train,13-14|Arts & Humanities|generated,train
30500190071,test,14-15|Social Sciences|generated,train
20300040030,train,13-14|Arts & Humanities|generated,dev
20101380021,train,14-15|Social Sciences|generated,train
30400130039,train,14-15|Social Sciences|generated,dev
30400060101,train,14-15|Social Sciences|generated,train
30101010019,train,13-14|Arts & Humanities|generated,train
10200580026,train,12-13|Arts & Humanities|generated,train
20400050147,test,12-13|Arts & Humanities|generated,train
10500600040,test,12-13|Arts & Humanities|generated,train
10200570003,train,14-15|Arts & Humanities|generated,train
30500200064,test,14-15|Social Sciences|generated,train
10102820006,train,12-13|Arts & Humanities|generated,train
30101290046,train,14-15|Social Sciences|generated,train
10300570042,train,13-14|Arts & Humanities|generated,train
30101080010,train,12-13|Arts & Humanities|generated,train
30200160017,train,12-13|STEM|generated,train
20101570024,train,14-15|Social Sciences|generated,train
30101250009,train,14-15|Arts & Humanities|generated,train
10300430035,test,12-13|Arts & Humanities|generated,train
20101150035,train,12-13|Social Sciences|generated,train
30101440032,train,12-13|Social Sciences|generated,train
30100940020,train,15+|Social Sciences|generated,train
30400020054,train,12-13|Social Sciences|generated,train
30400170085,train,14-15|Social Sciences|generated,train
10100380084,train,12-13|Arts & Humanities|generated,train
20100280009,train,14-15|Social Sciences|generated,train
30400140068,test,14-15|Social Sciences|generated,train
20100210024,train,14-15|Social Sciences|generated,train
30101090029,test,14-15|Social Sciences|generated,train
10600150002,train,12-13|Arts & Humanities|generated,train
20400250069,dev,14-15|Arts & Humanities|generated,train
30200150019,test,14-15|STEM|generated,train
10300520058,test,13-14|Arts & Humanities|generated,train
30100380016,train,15+|Arts & Humanities|generated,train
20101470044,train,15+|Social Sciences|generated,train
10100140031,train,12-13|Arts & Humanities|generated,dev
20100840046,train,14-15|Social Sciences|generated,train
10500330015,train,12-13|Arts & Humanities|generated,train
10300330015,train,14-15|Arts & Humanities|generated,train
20201290014,train,12-13|STEM|generated,train
20900020010,train,12-13|Arts & Humanities|generated,dev
10500400031,train,12-13|Arts & Humanities|generated,train
30300260013,train,14-15|Social Sciences|generated,train
30500010036,test,14-15|Arts & Humanities|generated,train
30300540012,train,12-13|Arts & Humanities|generated,train
20400110037,train,14-15|Social Sciences|generated,train
20101450022,test,15+|Social Sciences|generated,train
10500230033,train,12-13|Arts & Humanities|generated,train
20101110029,test,12-13|Social Sciences|generated,train
20101350004,train,14-15|Arts & Humanities|generated,train
30200980002,train,15+|STEM|generated,train
20201130017,test,14-15|Social Sciences|generated,train
30200890007,train,14-15|Social Sciences|generated,train
30101560012,train,14-15|Arts & Humanities|generated,train
10300360004,train,14-15|Arts & Humanities|generated,train
10500220010,test,13-14|Arts & Humanities|generated,train
30300560019,train,12-13|Arts & Humanities|generated,train
30100670049,train,15+|Social Sciences|generated,train
20100240041,train,14-15|Arts & Humanities|generated,train
10400410073,train,14-15|Arts & Humanities|generated,train
30400050011,train,12-13|Social Sciences|generated,train
20101320015,train,14-15|Arts & Humanities|generated,train
20400110033,train,12-13|Social Sciences|generated,train
20500260012,dev,14-15|Arts & Humanities|generated,train
30101130031,test,14-15|Social Sciences|generated,train
10101150016,train,12-13|Arts & Humanities|generated,train
30200520005,test,14-15|Social Sciences|generated,train
30200440006,train,14-15|Social Sciences|generated,train
10100560022,train,12-13|Arts & Humanities|generated,train
30500200068,train,14-15|Social Sciences|generated,train
20101060030,train,14-15|STEM|generated,train
30101190032,train,12-13|Social Sciences|generated,train
10101640038,train,12-13|Arts & Humanities|generated,train
10101690014,train,12-13|Arts & Humanities|generated,train
10101580031,train,12-13|Arts & Humanities|generated,train
20100060023,dev,12-13|Social Sciences|generated,dev
30101650004,train,14-15|Arts & Humanities|generated,train
10300110046,train,13-14|Arts & Humanities|generated,train
31100130001,train,13-14|Arts & Humanities|generated,train
20100020010,train,15+|Social Sciences|generated,dev
20400220007,train,14-15|Social Sciences|generated,train
30100790025,train,14-15|STEM|generated,train
20400580082,train,13-14|Social Sciences|generated,train
20101180034,train,14-15|Arts & Humanities|generated,train
20101590018,train,14-15|Social Sciences|generated,train
20600170006,train,14-15|STEM|generated,train
20100740035,train,14-15|STEM|generated,train
30101270013,train,14-15|Arts & Humanities|generated,train
30300290022,train,12-13|Arts & Humanities|generated,train
30100070031,train,14-15|Social Sciences|generated,dev
30100920011,train,14-15|Arts & Humanities|generated,train
30101380034,train,14-15|Social Sciences|generated,train
20500110012,train,12-13|Arts & Humanities|generated,train
30400150051,train,12-13|Social Sciences|generated,train
20400440075,train,14-15|Arts & Humanities|generated,train
20300600013,train,12-13|Arts & Humanities|generated,train
31100120010,train,14-15|Arts & Humanities|generated,train
30100920033,train,14-15|Arts & Humanities|generated,train
10500440006,train,13-14|Arts & Humanities|generated,train
20600290011,train,14-15|STEM|generated,train
30400150028,dev,12-13|Social Sciences|generated,train
31100120005,train,13-14|Arts & Humanities|generated,train
30400050046,train,12-13|Social Sciences|generated,train
30300680027,train,14-15|Arts & Humanities|generated,train
20100860038,train,14-15|Arts & Humanities|generated,train
20101260031,train,12-13|Social Sciences|generated,train
20400320015,train,14-15|Arts & Humanities|generated,dev
20300240031,train,14-15|Arts & Humanities|generated,train
10101170131,train,15+|Arts & Humanities|generated,train
20300050020,train,12-13|Arts & Humanities|generated,dev
20700350005,train,12-13|Arts & Humanities|generated,train
10200100012,train,12-13|STEM|generated,dev
20400470001,test,14-15|Social Sciences|generated,train
10102210040,train,14-15|Arts & Humanities|generated,train
20300600010,train,13-14|Arts & Humanities|generated,train
30300390021,dev,12-13|Arts & Humanities|generated,train
20101720023,train,14-15|Social Sciences|generated,train
30100950028,test,14-15|Arts & Humanities|generated,train
20101220008,train,12-13|STEM|generated,train
30200780006,test,12-13|Arts & Humanities|generated,train
30300490032,train,12-13|Social Sciences|generated,train
10100810125,train,14-15|Arts & Humanities|generated,train
10400220051,train,14-15|Social Sciences|generated,dev
30100490010,train,14-15|STEM|generated,train
20201440001,train,12-13|STEM|generated,train
10200730016,train,12-13|STEM|generated,train
30500270015,train,14-15|Social Sciences|generated,train
30200600011,dev,14-15|Social Sciences|generated,train
20101250013,train,12-13|Social Sciences|generated,train
20101530007,train,12-13|Social Sciences|generated,train
20200040003,train,12-13|Arts & Humanities|generated,dev
30101060020,train,15+|Social Sciences|generated,train
30400120067,train,15+|Social Sciences|generated,train
30300590032,train,12-13|Arts & Humanities|generated,train
20100660012,train,14-15|Arts & Humanities|generated,train
10500530010,train,13-14|Arts & Humanities|generated,train
10100890034,train,12-13|Arts & Humanities|generated,train
30101560010,train,14-15|Arts & Humanities|generated,train
30400010096,train,12-13|Social Sciences|generated,train
20100460030,train,14-15|Social Sciences|generated,train
30100400018,train,14-15|Social Sciences|generated,train
20200050003,train,12-13|Arts & Humanities|generated,dev
10500260015,train,13-14|Arts & Humanities|generated,train
20300430046,train,12-13|Arts & Humanities|generated,train
20700620001,train,12-13|Arts & Humanities|generated,train
30300570041,dev,12-13|Social Sciences|generated,train
10400410081,train,14-15|Arts & Humanities|generated,train
20300120054,train,12-13|Arts & Humanities|generated,train
30101020018,train,15+|STEM|generated,train
10400450005,train,14-15|Social Sciences|generated,train
10300560011,train,13-14|Arts & Humanities|generated,train
30100530009,test,13-14|Social Sciences|generated,train
30400150090,train,14-15|Social Sciences|generated,train
30100020054,train,15+|Social Sciences|generated,dev
10100960012,dev,12-13|Arts & Humanities|generated,train
20101300015,test,14-15|Social Sciences|generated,train
30100520023,train,15+|Social Sciences|generated,train
20100310014,train,15+|Arts & Humanities|generated,train
30200410004,train,12-13|Social Sciences|generated,train
30101340036,dev,13-14|Social Sciences|generated,train
20300560021,train,12-13|Arts & Humanities|generated,train
10300610004,train,12-13|Arts & Humanities|generated,train
20400400107,train,12-13|Arts & Humanities|generated,dev
30100530037,test,12-13|Social Sciences|generated,train
20600700024,test,14-15|Social Sciences|generated,train
20101000002,train,14-15|STEM|generated,train
20500740014,train,14-15|Arts & Humanities|generated,train
30201010002,train,14-15|Social Sciences|generated,train
10300290017,train,12-13|Arts & Humanities|generated,train
20300220006,train,13-14|Arts & Humanities|generated,train
10100690058,train,13-14|Arts & Humanities|generated,train
20101460012,train,14-15|STEM|generated,train
20100500004,train,14-15|Arts & Humanities|generated,train
20100280011,train,14-15|Social Sciences|generated,train
30300440012,dev,12-13|Arts & Humanities|generated,train
10101220032,train,14-15|Arts & Humanities|generated,train
20300290015,train,15+|Social Sciences|generated,train
20100890006,train,14-15|Arts & Humanities|generated,train
30400150069,train,12-13|Social Sciences|generated,train
10101860020,train,13-14|Arts & Humanities|generated,train
20100470003,train,12-13|Arts & Humanities|generated,train
30101630032,train,12-13|Arts & Humanities|generated,train
10300220021,test,12-13|Arts & Humanities|generated,train
30300280038,test,12-13|Arts & Humanities|generated,train
20100480036,train,12-13|Social Sciences|generated,train
30300100024,train,14-15|STEM|generated,train
10500430021,train,13-14|Arts & Humanities|generated,train
30100800006,train,14-15|Arts & Humanities|generated,train
20101330011,train,14-15|Social Sciences|generated,train
10400380066,train,12-13|Arts & Humanities|generated,train
30200640012,train,14-15|Social Sciences|generated,train
10300570052,test,13-14|Arts & Humanities|generated,train
20100560003,train,12-13|Arts & Humanities|generated,train
30101210043,train,12-13|Social Sciences|generated,train
20800080007,train,12-13|Arts & Humanities|generated,train
30200660020,train,12-13|Social Sciences|generated,train
20300560012,test,12-13|Arts & Humanities|generated,train
20100500009,train,12-13|Arts & Humanities|generated,train
10300130020,train,12-13|Arts & Humanities|generated,train
30100590019,train,14-15|Social Sciences|generated,train
30101380043,train,13-14|Social Sciences|generated,train
30300570023,train,15+|Social Sciences|generated,train
30100560010,train,12-13|STEM|generated,train
30100520022,train,14-15|Social Sciences|generated,train
20101730019,train,14-15|STEM|generated,train
10300410027,test,12-13|Arts & Humanities|generated,train
20201090010,train,12-13|Social Sciences|generated,train
30400130079,train,14-15|Social Sciences|generated,dev
20300600018,train,12-13|Arts & Humanities|generated,train
20100050004,dev,14-15|Social Sciences|generated,dev
20101020001,train,14-15|Arts & Humanities|generated,train
10300240037,train,12-13|Arts & Humanities|generated,train
30300500014,train,14-15|STEM|generated,train
30201030003,dev,12-13|Social Sciences|generated,train
30400070085,train,14-15|Social Sciences|generated,train
20300520004,train,13-14|Arts & Humanities|generated,train
10400250020,train,14-15|Arts & Humanities|generated,train
20101730004,train,14-15|STEM|generated,train
30400070026,dev,14-15|Social Sciences|generated,train
10101890012,train,12-13|Arts & Humanities|generated,train
30200440018,train,12-13|Social Sciences|generated,train
30300360034,train,14-15|Arts & Humanities|generated,train
10400300024,train,13-14|Arts & Humanities|generated,train
20500270020,train,14-15|Arts & Humanities|generated,train
10100430023,train,12-13|Arts & Humanities|generated,train
20101300014,dev,14-15|Social Sciences|generated,train
10101870035,train,12-13|Arts & Humanities|generated,train
30101050014,dev,13-14|STEM|generated,train
30100870006,train,14-15|Social Sciences|generated,train
10101000032,train,14-15|Arts & Humanities|generated,train
30500010018,train,14-15|Arts & Humanities|generated,train
20400480006,train,12-13|Social Sciences|generated,dev
30101600037,train,13-14|STEM|generated,train
20100550003,train,12-13|Social Sciences|generated,train
30200480018,train,14-15|Social Sciences|generated,train
20100270022,train,14-15|Social Sciences|generated,train
30400110060,train,12-13|Social Sciences|generated,train
30100680023,train,12-13|STEM|generated,train
20300580011,train,13-14|Social Sciences|generated,train
20100830014,train,12-13|Social Sciences|generated,train
20400240030,dev,14-15|Social Sciences|generated,dev
20201200012,dev,12-13|STEM|generated,train
10300570015,train,12-13|Arts & Humanities|generated,train
20800080065,train,12-13|Arts & Humanities|generated,train
30101470012,train,14-15|STEM|generated,train
20300610042,train,12-13|Arts & Humanities|generated,train
20200530005,train,12-13|Social Sciences|generated,train
10300340051,train,13-14|Arts & Humanities|generated,train
20100400002,train,12-13|Social Sciences|generated,train
20200090008,train,14-15|Social Sciences|generated,dev
10300310035,train,13-14|Arts & Humanities|generated,train
30300660022,train,12-13|Arts & Humanities|generated,train
30100540031,train,14-15|Arts & Humanities|generated,train
10300340030,train,14-15|Arts & Humanities|generated,train
20800140043,train,12-13|Arts & Humanities|generated,dev
10400010034,train,14-15|Arts & Humanities|generated,train
10300290055,test,13-14|Arts & Humanities|generated,train
30100160003,test,14-15|Social Sciences|generated,train
30100680002,train,12-13|STEM|generated,train
30500050107,train,12-13|Arts & Humanities|generated,train
20100650009,test,14-15|Social Sciences|generated,train
20101670014,train,12-13|STEM|generated,train
30300550074,train,12-13|Arts & Humanities|generated,train
20101250038,train,12-13|Social Sciences|generated,train
30101180031,train,14-15|Social Sciences|generated,train
10200750019,test,12-13|STEM|generated,train
30400140094,dev,14-15|Social Sciences|generated,train
10200830003,train,12-13|Social Sciences|generated,train
30101340029,train,15+|Social Sciences|generated,train
20101250020,train,15+|Social Sciences|generated,train
20101400027,train,15+|Social Sciences|generated,train
10200760008,train,13-14|STEM|generated,train
30100370009,dev,14-15|Social Sciences|generated,train
30300660050,train,12-13|Arts & Humanities|generated,train
20600400006,train,14-15|STEM|generated,train
20300060004,dev,12-13|Arts & Humanities|generated,dev
20100570012,train,12-13|Arts & Humanities|generated,train
20100040019,dev,14-15|STEM|generated,dev
30100900036,test,14-15|STEM|generated,train
20500330020,test,13-14|Arts & Humanities|generated,train
20101730014,train,14-15|STEM|generated,train
20500860008,dev,14-15|Arts & Humanities|generated,train
30101600007,train,13-14|STEM|generated,train
30101470005,train,12-13|STEM|generated,train
30300010028,train,13-14|Arts & Humanities|generated,dev
30100130021,train,14-15|STEM|generated,dev
30500280019,train,15+|Social Sciences|generated,train
10500360020,train,12-13|Arts & Humanities|generated,train
10101200060,train,13-14|Arts & Humanities|generated,train
30500020026,train,15+|Arts & Humanities|generated,train
20400400094,train,12-13|Arts & Humanities|generated,dev
30100130005,train,12-13|STEM|generated,dev
20200040005,train,12-13|Arts & Humanities|generated,dev
30101370064,train,14-15|Social Sciences|generated,train
30100390033,train,15+|Arts & Humanities|generated,train
10400040091,train,12-13|Arts & Humanities|generated,dev
10300020044,train,13-14|Arts & Humanities|generated,dev
20100300012,train,12-13|Social Sciences|generated,train
30300660028,train,14-15|Arts & Humanities|generated,train
20600570011,dev,14-15|Arts & Humanities|generated,dev
30101230016,train,13-14|Social Sciences|generated,train
20101110037,train,12-13|Social Sciences|generated,train
30100700006,test,13-14|Arts & Humanities|generated,train
20100380005,dev,14-15|Arts & Humanities|generated,train
30100550046,train,12-13|Social Sciences|generated,train
30101340026,dev,12-13|Social Sciences|generated,train
10300150047,test,12-13|Arts & Humanities|generated,train
30200330018,train,14-15|STEM|generated,dev
10101150096,train,12-13|Arts & Humanities|generated,train
10600150013,train,12-13|Arts & Humanities|generated,train
30100420009,train,14-15|Social Sciences|generated,train
30300580023,train,12-13|Arts & Humanities|generated,train
10300500003,train,12-13|Arts & Humanities|generated,train
30100820008,test,13-14|Social Sciences|generated,train
10500410030,train,13-14|Arts & Humanities|generated,train
30200530017,train,14-15|Social Sciences|generated,train
30100520049,train,14-15|Social Sciences|generated,train
20200700019,train,13-14|Arts & Humanities|generated,train
20100960020,train,14-15|Social Sciences|generated,train
20100850035,train,14-15|Social Sciences|generated,train
10500110027,train,12-13|Arts & Humanities|generated,train
30101420013,test,14-15|Arts & Humanities|generated,train
10500420038,train,12-13|Arts & Humanities|generated,train
20400170093,train,14-15|Arts & Humanities|generated,train
30100550042,train,12-13|Social Sciences|generated,train
10500510026,train,12-13|Arts & Humanities|generated,train
20100150027,dev,13-14|STEM|generated,dev
10102640024,train,12-13|Arts & Humanities|generated,train
10102030020,dev,12-13|Arts & Humanities|generated,train
30300140037,train,13-14|STEM|generated,train
30100870005,train,14-15|Social Sciences|generated,train
20201090006,test,14-15|Social Sciences|generated,train
30300080012,train,14-15|STEM|generated,dev
20100830015,train,12-13|Social Sciences|generated,train
20101580048,train,14-15|Social Sciences|generated,train
30100600043,test,13-14|Social Sciences|generated,train
10500550032,train,13-14|Arts & Humanities|generated,train
10500610030,train,12-13|Arts & Humanities|generated,train
10500130032,test,12-13|Arts & Humanities|generated,train
30101200064,train,12-13|Arts & Humanities|generated,train
20100740012,train,14-15|STEM|generated,train
20101690010,dev,15+|Social Sciences|generated,train
10400240022,test,12-13|Arts & Humanities|generated,train
20101160015,train,14-15|Arts & Humanities|generated,train
20200420019,train,12-13|Arts & Humanities|generated,train
20400190038,train,14-15|Arts & Humanities|generated,train
20100620026,test,14-15|Social Sciences|generated,train
30300590020,dev,12-13|Arts & Humanities|generated,train
10300260015,train,12-13|Arts & Humanities|generated,train
10300420008,train,12-13|Arts & Humanities|generated,train
10101690012,train,14-15|Arts & Humanities|generated,train
10102070057,dev,12-13|Arts & Humanities|generated,train
10100820087,test,12-13|Arts & Humanities|generated,train
10101160118,dev,12-13|Arts & Humanities|generated,train
20201300003,train,12-13|STEM|generated,train
20101340022,dev,12-13|STEM|generated,train
20101520032,train,12-13|Social Sciences|generated,train
20200730002,train,14-15|Arts & Humanities|generated,train
30101600038,train,13-14|STEM|generated,train
10200990010,train,14-15|Social Sciences|generated,train
10300540034,test,12-13|Arts & Humanities|generated,train
31100110047,train,15+|Arts & Humanities|generated,train
20500190007,dev,12-13|Arts & Humanities|generated,train
10400420126,test,12-13|Arts & Humanities|generated,train
10100740004,train,12-13|Arts & Humanities|generated,train
20100060008,train,14-15|Social Sciences|generated,dev
10101700023,train,14-15|Arts & Humanities|generated,train
20101620007,train,14-15|Social Sciences|generated,train
20600450020,train,14-15|STEM|generated,train
30200490010,dev,14-15|Social Sciences|generated,train
10400400068,train,12-13|Arts & Humanities|generated,train
10300380036,train,13-14|Arts & Humanities|generated,train
30100400014,train,13-14|Social Sciences|generated,train
30101100004,train,15+|Social Sciences|generated,train
10500410033,train,12-13|Arts & Humanities|generated,train
20201300007,train,12-13|STEM|generated,train
30100210021,train,15+|STEM|generated,train
10101510023,train,12-13|Arts & Humanities|generated,train
10101510009,train,13-14|Arts & Humanities|generated,train
30200910003,train,12-13|Social Sciences|generated,train
10100930039,train,12-13|Arts & Humanities|generated,train
20500700013,train,14-15|Arts & Humanities|generated,train
20100810012,train,14-15|Social Sciences|generated,train
30100740020,train,13-14|Social Sciences|generated,train
20300220012,train,12-13|Arts & Humanities|generated,train
20100270033,train,12-13|Social Sciences|generated,train
30100400004,train,14-15|Social Sciences|generated,train
30100490033,train,14-15|STEM|generated,train
30101560027,train,15+|Arts & Humanities|generated,train
20300010016,train,14-15|Social Sciences|generated,dev
20101180022,dev,14-15|Arts & Humanities|generated,train
30200160002,train,14-15|STEM|generated,train
20600670010,train,14-15|Arts & Humanities|generated,dev
20300140007,train,13-14|Arts & Humanities|generated,train
30300260018,test,14-15|Social Sciences|generated,train
20400530088,train,13-14|Social Sciences|generated,train
10101180041,dev,12-13|Arts & Humanities|generated,train
30100410026,train,15+|Social Sciences|generated,train
30100610022,train,15+|Arts & Humanities|generated,train
10100390050,test,12-13|Arts & Humanities|generated,train
20100570034,train,15+|Arts & Humanities|generated,train
30100860015,train,12-13|STEM|generated,train
20200550006,train,12-13|Social Sciences|generated,train
30100950007,train,14-15|Arts & Humanities|generated,train
20100710022,train,14-15|Social Sciences|generated,train
10100690057,train,12-13|Arts & Humanities|generated,train
10100820122,train,12-13|Arts & Humanities|generated,train
30200540001,train,14-15|Social Sciences|generated,train
30400150043,train,14-15|Social Sciences|generated,train
10100890077,train,14-15|Arts & Humanities|generated,train
10100080008,dev,12-13|Arts & Humanities|generated,dev
10200930009,train,12-13|Social Sciences|generated,train
20100580002,train,12-13|Arts & Humanities|generated,train
30101080009,train,13-14|Arts & Humanities|generated,train
20500770017,train,14-15|Arts & Humanities|generated,train
10101160088,train,12-13|Arts & Humanities|generated,train
20700460004,train,13-14|Arts & Humanities|generated,train
20101230005,train,12-13|Social Sciences|generated,train
20300540117,train,13-14|Arts & Humanities|generated,train
31100060015,train,13-14|Arts & Humanities|generated,train
30300410029,train,12-13|Arts & Humanities|generated,train
30300590019,train,12-13|Arts & Humanities|generated,train
10101430060,test,14-15|Arts & Humanities|generated,train
20101250006,train,12-13|Social Sciences|generated,train
10200940013,train,14-15|Social Sciences|generated,train
20500320009,train,14-15|Arts & Humanities|generated,train
30300420027,train,12-13|Arts & Humanities|generated,train
20100210025,dev,14-15|Social Sciences|generated,train
20101750012,train,14-15|Social Sciences|generated,train
10101470060,train,12-13|Arts & Humanities|generated,train
20300580049,train,14-15|Social Sciences|generated,train
20101320023,dev,12-13|Arts & Humanities|generated,train
20900050004,dev,12-13|Arts & Humanities|generated,train
20201410007,dev,14-15|STEM|generated,train
10300600018,train,13-14|Arts & Humanities|generated,train
20100130039,train,14-15|Social Sciences|generated,dev
20500140003,train,12-13|Arts & Humanities|generated,train
10102030022,train,13-14|Arts & Humanities|generated,train
10101580039,train,14-15|Arts & Humanities|generated,train
20300060025,train,14-15|Arts & Humanities|generated,dev
30101370005,test,12-13|Social Sciences|generated,train
20101370010,train,14-15|Social Sciences|generated,train
20800040061,train,13-14|Arts & Humanities|generated,train
20300170022,train,13-14|Arts & Humanities|generated,train
10400180065,train,14-15|Arts & Humanities|generated,train
10101320023,train,14-15|Arts & Humanities|generated,train
30100010009,train,14-15|Arts & Humanities|generated,dev
10101160029,train,12-13|Arts & Humanities|generated,train
20400010115,train,14-15|Arts & Humanities|generated,train
30400060055,train,14-15|Social Sciences|generated,train
20101650024,train,15+|Social Sciences|generated,train
20400320060,train,12-13|Arts & Humanities|generated,dev
30100980026,train,13-14|Social Sciences|generated,train
20101160014,test,14-15|Arts & Humanities|generated,train
10300420040,train,12-13|Arts & Humanities|generated,train
10300270021,train,13-14|Arts & Humanities|generated,train
10101150009,train,14-15|Arts & Humanities|generated,train
20200550007,train,12-13|Social Sciences|generated,train
10300450049,train,13-14|Arts & Humanities|generated,train
20100300006,train,14-15|Social Sciences|generated,train
30100690033,train,12-13|Arts & Humanities|generated,train
20400470111,train,12-13|Social Sciences|generated,train
30500030032,train,14-15|Arts & Humanities|generated,train
20100130048,dev,14-15|Social Sciences|generated,dev
10300540030,test,12-13|Arts & Humanities|generated,train
20100210028,test,14-15|Social Sciences|generated,train
20101350008,dev,14-15|Arts & Humanities|generated,train
10100820018,train,14-15|Arts & Humanities|generated,train
20900060006,train,12-13|Arts & Humanities|generated,train
30101250005,train,14-15|Arts & Humanities|generated,train
20400580050,test,13-14|Social Sciences|generated,train
30101320005,train,14-15|Social Sciences|generated,train
20100060013,train,14-15|Social Sciences|generated,dev
20500280014,train,13-14|Arts & Humanities|generated,train
20100050027,train,14-15|Social Sciences|generated,dev
10101970075,train,12-13|Arts & Humanities|generated,train
10101390027,test,14-15|Arts & Humanities|generated,train
20200900006,test,14-15|Arts & Humanities|generated,train
20500340020,train,15+|Arts & Humanities|generated,train
10400350064,train,12-13|Social Sciences|generated,train
20100100034,train,14-15|Arts & Humanities|generated,dev
30300640034,train,12-13|Arts & Humanities|generated,train
20100060018,dev,14-15|Social Sciences|generated,dev
20100650002,train,12-13|Social Sciences|generated,train
20400220041,train,14-15|Social Sciences|generated,train
10102890028,train,12-13|Arts & Humanities|generated,train
10300570010,dev,12-13|Arts & Humanities|generated,train
30101400012,train,14-15|Arts & Humanities|generated,train
10100480024,train,12-13|Arts & Humanities|generated,train
30300060013,dev,12-13|Arts & Humanities|generated,dev
30101090031,test,12-13|Social Sciences|generated,train
20100120007,train,12-13|Social Sciences|generated,dev
30500170027,dev,13-14|Arts & Humanities|generated,train
20101260008,train,14-15|Social Sciences|generated,train
20300130002,train,13-14|Arts & Humanities|generated,train
21300010053,train,13-14|Arts & Humanities|generated,dev
30300470011,train,13-14|Arts & Humanities|generated,train
20500200008,train,12-13|Arts & Humanities|generated,train
10102750006,dev,12-13|Arts & Humanities|generated,train
30101010021,dev,14-15|Arts & Humanities|generated,train
30100550029,train,12-13|Social Sciences|generated,train
20100810019,train,12-13|Social Sciences|generated,train
30300600021,train,14-15|Social Sciences|generated,train
30300120015,train,12-13|Social Sciences|generated,train
20201360003,dev,14-15|STEM|generated,train
30300110022,train,15+|STEM|generated,train
30400120044,test,14-15|Social Sciences|generated,train
10100720013,train,14-15|Arts & Humanities|generated,train
20300360006,dev,13-14|Arts & Humanities|generated,train
20200040001,train,12-13|Arts & Humanities|generated,dev
30100610033,train,14-15|Arts & Humanities|generated,train
20500530018,train,14-15|Arts & Humanities|generated,train
30100680016,train,14-15|STEM|generated,train
20500810018,train,12-13|Arts & Humanities|generated,train
20400520050,train,12-13|Arts & Humanities|generated,train
10101350017,train,12-13|Arts & Humanities|generated,train
20300250013,train,14-15|Social Sciences|generated,train
30101520024,train,14-15|STEM|generated,train
20700520005,train,15+|Arts & Humanities|generated,train
30101020019,train,14-15|STEM|generated,train
10500450007,train,12-13|Arts & Humanities|generated,train
10400050029,train,12-13|Arts & Humanities|generated,train
10400240065,test,12-13|Arts & Humanities|generated,train
20100810018,train,14-15|Social Sciences|generated,train
20600060019,test,14-15|Social Sciences|generated,train
30100060050,train,12-13|Arts & Humanities|generated,train
20400450045,train,12-13|Social Sciences|generated,train
20101420022,train,15+|Arts & Humanities|generated,train
30100940024,dev,15+|Social Sciences|generated,train
20100170024,train,12-13|Social Sciences|generated,train
20101130037,train,14-15|STEM|generated,train
10500460015,train,14-15|Arts & Humanities|generated,train
30100380053,train,13-14|Arts & Humanities|generated,train
30101500018,train,12-13|Social Sciences|generated,train
20900070025,test,12-13|Arts & Humanities|generated,train
10500040020,dev,12-13|Arts & Humanities|generated,dev
20700500015,test,14-15|Arts & Humanities|generated,train
20400300099,train,12-13|Arts & Humanities|generated,train
30100420014,train,13-14|Social Sciences|generated,train
20100680012,train,14-15|STEM|generated,train
30100490040,test,14-15|STEM|generated,train
10400390078,train,12-13|Arts & Humanities|generated,dev
10500340038,train,12-13|Arts & Humanities|generated,train
20500820005,train,12-13|Arts & Humanities|generated,train
10300270030,train,12-13|Arts & Humanities|generated,train
30300310025,train,13-14|STEM|generated,train
30101050019,train,14-15|STEM|generated,train
20100280033,dev,14-15|Social Sciences|generated,train
30100890033,train,13-14|Arts & Humanities|generated,train
30200540007,train,14-15|Social Sciences|generated,train
20100750024,train,14-15|STEM|generated,train
10300330010,train,12-13|Arts & Humanities|generated,train
10100560072,train,12-13|Arts & Humanities|generated,train
20300350049,train,13-14|Arts & Humanities|generated,train
20101280002,train,15+|STEM|generated,train
20400290084,train,13-14|Arts & Humanities|generated,train
30500100085,train,13-14|Social Sciences|generated,train
20100090039,train,12-13|Arts & Humanities|generated,train
30100620018,train,14-15|Social Sciences|generated,train
10100320002,train,12-13|Arts & Humanities|generated,train
20400090050,train,14-15|Social Sciences|generated,train
20300170055,train,14-15|Arts & Humanities|generated,train
20700270006,train,14-15|Arts & Humanities|generated,train
20400100013,train,14-15|Social Sciences|generated,train
10300370011,train,12-13|Arts & Humanities|generated,train
20100130018,train,14-15|Social Sciences|generated,dev
20500120003,train,12-13|Arts & Humanities|generated,train
20200280002,train,15+|Arts & Humanities|generated,train
10101640015,train,13-14|Arts & Humanities|generated,train
20100590001,test,12-13|Arts & Humanities|generated,train
10101210007,train,12-13|Arts & Humanities|generated,train
30300400039,train,14-15|Arts & Humanities|generated,train
20400090094,train,14-15|Social Sciences|generated,train
30200580002,test,12-13|Social Sciences|generated,train
20400240008,train,15+|Social Sciences|generated,dev
10100910015,test,12-13|Arts & Humanities|generated,train
10100560035,train,13-14|Arts & Humanities|generated,train
20100920010,dev,14-15|Social Sciences|generated,train
20101580020,train,14-15|Social Sciences|generated,train
30101330059,train,13-14|Social Sciences|generated,train
20101730006,train,14-15|STEM|generated,train
31100150029,train,12-13|Arts & Humanities|generated,train
30100690004,train,12-13|Arts & Humanities|generated,train
10101860015,train,12-13|Arts & Humanities|generated,train
20600140013,dev,13-14|Arts & Humanities|generated,dev
20700740006,train,14-15|Arts & Humanities|generated,train
30100040033,train,14-15|STEM|generated,dev
30200490003,train,14-15|Social Sciences|generated,train
30101140030,train,14-15|Social Sciences|generated,train
20100740029,train,14-15|STEM|generated,train
30101580018,train,14-15|STEM|generated,train
20201400013,train,12-13|STEM|generated,train
30100830022,train,12-13|Social Sciences|generated,train
20100450017,test,12-13|Arts & Humanities|generated,train
20500490016,train,14-15|Arts & Humanities|generated,train
30500160065,train,15+|Arts & Humanities|generated,train
20400220040,test,15+|Social Sciences|generated,train
30200660003,train,14-15|Social Sciences|generated,train
30300300034,train,14-15|Arts & Humanities|generated,train
30100590023,dev,12-13|Social Sciences|generated,train
20200240009,dev,12-13|Arts & Humanities|generated,train
20300370011,train,14-15|Arts & Humanities|generated,train
30100530010,test,14-15|Social Sciences|generated,train
30100980004,train,12-13|Social Sciences|generated,train
30300110016,train,14-15|STEM|generated,train
20100940022,train,14-15|STEM|generated,train
10400420094,dev,14-15|Arts & Humanities|generated,train
30100850009,train,14-15|Arts & Humanities|generated,train
30100390015,train,14-15|Arts & Humanities|generated,train
20101010044,test,14-15|Arts & Humanities|generated,train
10400440092,train,12-13|Social Sciences|generated,train
30400140082,test,12-13|Social Sciences|generated,train
30300580031,train,14-15|Arts & Humanities|generated,train
10400440115,train,14-15|Social Sciences|generated,train
10101180087,test,12-13|Arts & Humanities|generated,train
10101220026,train,12-13|Arts & Humanities|generated,train
30400130095,train,12-13|Social Sciences|generated,dev
20100150035,train,14-15|STEM|generated,dev
20900140023,train,12-13|Arts & Humanities|generated,train
10101970036,train,12-13|Arts & Humanities|generated,train
20500360009,train,14-15|Arts & Humanities|generated,train
20100860018,dev,14-15|Arts & Humanities|generated,train
30101080024,train,12-13|Arts & Humanities|generated,train
20200330002,train,14-15|Arts & Humanities|generated,train
20101430029,train,15+|Social Sciences|generated,train
20400210039,train,14-15|Social Sciences|generated,train
20600560008,dev,14-15|Arts & Humanities|generated,dev
20100830005,dev,15+|Social Sciences|generated,train
10101900006,train,13-14|Arts & Humanities|generated,train
20500120001,dev,14-15|Arts & Humanities|generated,train
20100850006,train,14-15|Social Sciences|generated,train
30101190043,train,14-15|Social Sciences|generated,train
30100800044,train,15+|Arts & Humanities|generated,train
10101050014,dev,12-13|Arts & Humanities|generated,train
30400140086,dev,12-13|Social Sciences|generated,train
10300520020,train,12-13|Arts & Humanities|generated,train
30101410021,train,12-13|Arts & Humanities|generated,train
20300310044,train,12-13|Arts & Humanities|generated,train
30100140014,train,14-15|Social Sciences|generated,dev
10100520006,train,12-13|Arts & Humanities|generated,train
30400140080,train,14-15|Social Sciences|generated,train
20300130012,dev,15+|Arts & Humanities|generated,train
30101500003,train,13-14|Social Sciences|generated,train
20101310005,train,14-15|Social Sciences|generated,train
20100910002,train,15+|STEM|generated,train
20300470002,test,12-13|Arts & Humanities|generated,train
30200710004,test,12-13|Social Sciences|generated,train
30200100004,train,14-15|Arts & Humanities|generated,train
10101990034,train,14-15|Arts & Humanities|generated,train
10400370003,train,13-14|Arts & Humanities|generated,train
20201420006,train,15+|STEM|generated,train
30100140032,train,14-15|Social Sciences|generated,dev
10200760003,train,14-15|STEM|generated,train
30400130084,train,14-15|Social Sciences|generated,dev
30300040010,train,12-13|STEM|generated,train
20400350059,train,13-14|Social Sciences|generated,train
20100670012,train,12-13|Social Sciences|generated,train
10500310016,test,14-15|Arts & Humanities|generated,train
30100460017,dev,12-13|Social Sciences|generated,train
30100950020,train,15+|Arts & Humanities|generated,train
30300490030,train,12-13|Social Sciences|generated,train
10101100004,train,12-13|Arts & Humanities|generated,train
10101300011,train,12-13|Arts & Humanities|generated,train
20100670009,test,14-15|Social Sciences|generated,train
10300270040,train,12-13|Arts & Humanities|generated,train
10101320008,train,14-15|Arts & Humanities|generated,train
20200600020,train,14-15|Social Sciences|generated,train
10500210008,train,12-13|Arts & Humanities|generated,train
20300610026,train,14-15|Arts & Humanities|generated,train
20101440021,test,14-15|STEM|generated,train
30100860043,train,12-13|STEM|generated,train
10400300070,train,12-13|Arts & Humanities|generated,train
20100010017,dev,13-14|Social Sciences|generated,dev
30101170023,train,14-15|Social Sciences|generated,train
10101170005,train,12-13|Arts & Humanities|generated,train
20101150032,train,12-13|Social Sciences|generated,train
30101220002,test,12-13|Social Sciences|generated,train
20500120019,train,12-13|Arts & Humanities|generated,train
20800080024,train,14-15|Arts & Humanities|generated,train
10300010020,dev,12-13|Arts & Humanities|generated,dev
10201000006,train,12-13|Social Sciences|generated,train
30200050016,test,12-13|Arts & Humanities|generated,train
20500730002,train,13-14|Arts & Humanities|generated,train
30400060036,train,15+|Social Sciences|generated,train
30101000026,train,12-13|Arts & Humanities|generated,train
30500170055,test,12-13|Arts & Humanities|generated,train
20101080009,train,13-14|Social Sciences|generated,train
20300330045,train,14-15|Arts & Humanities|generated,train
20101580016,train,12-13|Social Sciences|generated,train
10100710049,train,14-15|Arts & Humanities|generated,train
20900010017,dev,12-13|Arts & Humanities|generated,dev
10101400012,train,14-15|Arts & Humanities|generated,train
20100780010,train,14-15|Arts & Humanities|generated,train
20200300016,train,13-14|Arts & Humanities|generated,train
20700310001,train,12-13|Arts & Humanities|generated,train
30100490030,train,14-15|STEM|generated,train
20100130014,train,12-13|Social Sciences|generated,dev
10400380080,train,13-14|Arts & Humanities|generated,train
20900010020,train,12-13|Arts & Humanities|generated,dev
30100050028,train,12-13|STEM|generated,dev
10100120048,dev,12-13|Arts & Humanities|generated,dev
30400020038,test,12-13|Social Sciences|generated,train
20300270016,train,14-15|Social Sciences|generated,train
30100650013,train,14-15|STEM|generated,train
10400420121,train,14-15|Arts & Humanities|generated,train
30101610036,train,12-13|STEM|generated,train
20700390009,train,12-13|Arts & Humanities|generated,train
20100510013,train,14-15|Social Sciences|generated,dev
10300100039,train,12-13|Arts & Humanities|generated,train
20100240052,train,13-14|Arts & Humanities|generated,train
20101630026,train,12-13|STEM|generated,train
30101110002,train,12-13|Arts & Humanities|generated,train
20200630006,train,15+|Social Sciences|generated,train
10400380061,dev,12-13|Arts & Humanities|generated,train
20101200022,train,14-15|Social Sciences|generated,train
10101970069,train,14-15|Arts & Humanities|generated,train
20400100034,train,14-15|Social Sciences|generated,train
10100770019,train,12-13|Arts & Humanities|generated,train
10300300024,dev,12-13|Arts & Humanities|generated,train
20900110014,train,13-14|Arts & Humanities|generated,train
20101590017,test,14-15|Social Sciences|generated,train
10400470032,train,14-15|Social Sciences|generated,dev
20100210019,dev,12-13|Social Sciences|generated,train
20101710018,train,15+|Arts & Humanities|generated,train
20400110028,train,14-15|Social Sciences|generated,train
30400040091,train,14-15|Social Sciences|generated,train
20101620001,train,12-13|Social Sciences|generated,train
30300010018,dev,13-14|Arts & Humanities|generated,dev
20200110014,train,13-14|Social Sciences|generated,dev
10500210043,train,12-13|Arts & Humanities|generated,train
20300470085,train,12-13|Arts & Humanities|generated,train
20300280042,dev,13-14|Arts & Humanities|generated,train
10200310003,train,12-13|Arts & Humanities|generated,train
20300490040,test,14-15|Arts & Humanities|generated,train
31100020001,dev,12-13|Arts & Humanities|generated,dev
10101430007,train,14-15|Arts & Humanities|generated,train
20101130027,train,12-13|STEM|generated,train
20300190025,train,13-14|Arts & Humanities|generated,train
30101330038,train,14-15|Social Sciences|generated,train
30101140013,train,14-15|Social Sciences|generated,train
10300230020,train,12-13|Arts & Humanities|generated,train
10500140013,train,13-14|Arts & Humanities|generated,train
10300260035,train,12-13|Arts & Humanities|generated,train
10101160080,train,13-14|Arts & Humanities|generated,train
30101020020,train,12-13|STEM|generated,train
10400190078,train,12-13|Arts & Humanities|generated,train
20500280006,train,15+|Arts & Humanities|protected,train
20500690003,train,14-15|Arts & Humanities|protected,train
20500690007,train,15+|Arts & Humanities|protected,train
20500090008,train,12-13|Arts & Humanities|protected,dev
20900070023,train,12-13|Arts & Humanities|protected,train
20900070038,train,12-13|Arts & Humanities|protected,train
20900110018,train,12-13|Arts & Humanities|protected,train
20900110039,train,14-15|Arts & Humanities|protected,train
20900140038,train,13-14|Arts & Humanities|protected,train
10200290006,train,14-15|Arts & Humanities|protected,train
10200300007,train,12-13|Arts & Humanities|protected,train
10200300008,train,12-13|Arts & Humanities|protected,train
10200340002,train,13-14|Arts & Humanities|protected,train
10200390019,train,12-13|Arts & Humanities|protected,train
10200400006,train,12-13|Arts & Humanities|protected,train
10200410002,train,12-13|Arts & Humanities|protected,train
10200410006,train,14-15|Arts & Humanities|protected,train
10200500004,train,12-13|Arts & Humanities|protected,train
10200510002,dev,12-13|Arts & Humanities|protected,train
10200550019,train,12-13|Arts & Humanities|protected,train
10200560004,dev,14-15|Arts & Humanities|protected,train
10200560007,train,14-15|Arts & Humanities|protected,train
10200560010,train,12-13|Arts & Humanities|protected,train
10200560017,train,12-13|Arts & Humanities|protected,train
10200570004,train,12-13|Arts & Humanities|protected,train
10200580015,test,14-15|Arts & Humanities|protected,train
20200270005,train,15+|Arts & Humanities|protected,train
20200270008,train,15+|Arts & Humanities|protected,train
20200460006,train,14-15|Arts & Humanities|protected,train
20200460015,train,14-15|Arts & Humanities|protected,train
20200480005,train,14-15|Arts & Humanities|protected,train
20200660008,train,14-15|Social Sciences|protected,train
20200710012,dev,12-13|Arts & Humanities|protected,train
20200740001,train,12-13|Arts & Humanities|protected,train
20200740007,train,12-13|Arts & Humanities|protected,train
20200790004,train,14-15|Arts & Humanities|protected,train
20200790009,train,12-13|Arts & Humanities|protected,train
20200800008,test,14-15|Arts & Humanities|protected,train
20200820007,train,14-15|Arts & Humanities|protected,train
20200870009,train,14-15|Arts & Humanities|protected,train
20200880015,train,12-13|Arts & Humanities|protected,train
20200940019,train,12-13|Arts & Humanities|protected,train
20200950014,train,14-15|Arts & Humanities|protected,train
20200970005,train,14-15|Arts & Humanities|protected,train
20200980015,train,12-13|Arts & Humanities|protected,train
20200980020,train,12-13|Arts & Humanities|protected,train
20201150017,test,12-13|Social Sciences|protected,train
30200030013,train,12-13|Arts & Humanities|protected,train
30200040007,train,12-13|Arts & Humanities|protected,train
30200070004,train,14-15|Arts & Humanities|protected,train
30200100016,train,14-15|Arts & Humanities|protected,train
30200740001,train,13-14|Arts & Humanities|protected,train
30200740017,train,14-15|Arts & Humanities|protected,train
30200750009,dev,12-13|Arts & Humanities|protected,train
30200810008,train,12-13|Arts & Humanities|protected,train
30200810019,train,13-14|Arts & Humanities|protected,train
30200820006,train,15+|Arts & Humanities|protected,train
30200820020,train,14-15|Arts & Humanities|protected,train
10200060010,dev,14-15|Arts & Humanities|protected,dev
10600050003,train,13-14|Arts & Humanities|protected,train
10600120016,train,13-14|Arts & Humanities|protected,train
10600140003,train,12-13|Arts & Humanities|protected,train
10600200002,train,13-14|Arts & Humanities|protected,train
10600290003,train,13-14|Arts & Humanities|protected,train
10600320006,test,13-14|Arts & Humanities|protected,train
10600430006,train,13-14|Arts & Humanities|protected,train
10400260049,train,14-15|Arts & Humanities|protected,train
10400290049,train,14-15|Arts & Humanities|protected,train
10400300078,train,14-15|Arts & Humanities|protected,train
10400360087,train,14-15|Arts & Humanities|protected,train
10400360094,train,12-13|Arts & Humanities|protected,train
10400360118,train,12-13|Arts & Humanities|protected,train
10400360123,train,12-13|Arts & Humanities|protected,train
10400370121,train,14-15|Arts & Humanities|protected,train
10400400142,train,12-13|Arts & Humanities|protected,train
10400400143,test,12-13|Arts & Humanities|protected,train
10400410048,train,12-13|Arts & Humanities|protected,train
10400410055,train,12-13|Arts & Humanities|protected,train
10400410058,test,12-13|Arts & Humanities|protected,train
10400410087,train,14-15|Arts & Humanities|protected,train
10400410135,train,12-13|Arts & Humanities|protected,train
10400420038,train,14-15|Arts & Humanities|protected,train
10400420054,train,14-15|Arts & Humanities|protected,train
10400420113,test,14-15|Arts & Humanities|protected,train
10400420120,train,13-14|Arts & Humanities|protected,train
20400040010,dev,15+|Arts & Humanities|protected,train
20400040012,train,15+|Arts & Humanities|protected,train
20400040015,test,13-14|Arts & Humanities|protected,train
20400040017,train,15+|Arts & Humanities|protected,train
20400040018,test,15+|Arts & Humanities|protected,train
20400040019,test,14-15|Arts & Humanities|protected,train
20400040020,train,12-13|Arts & Humanities|protected,train
20400040021,train,15+|Arts & Humanities|protected,train
20400040040,train,13-14|Arts & Humanities|protected,train
20400040088,train,15+|Arts & Humanities|protected,train
20400040089,train,13-14|Arts & Humanities|protected,train
20400040090,train,15+|Arts & Humanities|protected,train
20400040091,train,14-15|Arts & Humanities|protected,train
20400050076,train,12-13|Arts & Humanities|protected,train
20400060042,train,12-13|Arts & Humanities|protected,train
20400060082,train,13-14|Arts & Humanities|protected,train
20400060083,test,14-15|Arts & Humanities|protected,train
20400060084,train,12-13|Arts & Humanities|protected,train
20400130068,train,12-13|Arts & Humanities|protected,train
20400130098,train,13-14|Arts & Humanities|protected,train
20400130189,train,12-13|Arts & Humanities|protected,train
20400130210,train,15+|Arts & Humanities|protected,train
20400130238,train,13-14|Arts & Humanities|protected,train
20400140027,dev,15+|Arts & Humanities|protected,train
20400140038,train,13-14|Arts & Humanities|protected,train
20400150010,test,12-13|Arts & Humanities|protected,train
20400150013,train,13-14|Arts & Humanities|protected,train
20400150072,test,12-13|Arts & Humanities|protected,train
20400150094,train,13-14|Arts & Humanities|protected,train
20400170116,train,13-14|Arts & Humanities|protected,train
20400180043,train,12-13|Arts & Humanities|protected,train
20400180051,train,12-13|Arts & Humanities|protected,train
20400190024,train,12-13|Arts & Humanities|protected,train
20400190069,train,13-14|Arts & Humanities|protected,train
20400250039,train,12-13|Arts & Humanities|protected,train
20400250081,test,14-15|Arts & Humanities|protected,train
20400290065,dev,12-13|Arts & Humanities|protected,train
20400370039,train,12-13|Arts & Humanities|protected,train
20400370045,train,12-13|Arts & Humanities|protected,train
20400370052,train,13-14|Arts & Humanities|protected,train
20400370053,train,12-13|Arts & Humanities|protected,train
20400370067,train,13-14|Arts & Humanities|protected,train
20400380093,train,14-15|Arts & Humanities|protected,train
20400390007,train,15+|Arts & Humanities|protected,train
20400390012,train,15+|Arts & Humanities|protected,train
20400390014,train,12-13|Arts & Humanities|protected,train
20400390015,train,12-13|Arts & Humanities|protected,train
20400390032,train,15+|Arts & Humanities|protected,train
20400390035,train,15+|Arts & Humanities|protected,train
20400390036,train,15+|Arts & Humanities|protected,train
20400390037,train,14-15|Arts & Humanities|protected,train
20400390103,train,14-15|Arts & Humanities|protected,train
20400410093,train,15+|Arts & Humanities|protected,train
20400410118,dev,12-13|Arts & Humanities|protected,train
20400410127,train,12-13|Arts & Humanities|protected,train
20400420147,train,14-15|Arts & Humanities|protected,train
20400420170,train,12-13|Arts & Humanities|protected,train
20400420171,test,12-13|Arts & Humanities|protected,train
20400440078,train,12-13|Arts & Humanities|protected,train
20400440123,train,12-13|Arts & Humanities|protected,train
20400440124,train,12-13|Arts & Humanities|protected,train
20400500048,train,15+|Arts & Humanities|protected,train
20400500049,train,15+|Arts & Humanities|protected,train
20400500051,train,15+|Arts & Humanities|protected,train
20400500052,train,15+|Arts & Humanities|protected,train
20400500054,train,13-14|Arts & Humanities|protected,train
20400500055,train,15+|Arts & Humanities|protected,train
30500060048,train,12-13|Arts & Humanities|protected,train
30500120014,train,15+|Arts & Humanities|protected,train
30500160032,train,12-13|Arts & Humanities|protected,train
30500170040,train,12-13|Arts & Humanities|protected,train
30500240041,dev,13-14|Arts & Humanities|protected,train
30500250040,dev,13-14|Arts & Humanities|protected,train
10400120037,dev,14-15|Social Sciences|protected,dev
10400390039,dev,12-13|Arts & Humanities|protected,dev
10400390059,train,12-13|Arts & Humanities|protected,dev
10400390070,train,12-13|Arts & Humanities|protected,dev
10400390071,train,14-15|Arts & Humanities|protected,dev
10400390072,train,12-13|Arts & Humanities|protected,dev
10400390073,train,14-15|Arts & Humanities|protected,dev
10400390075,train,12-13|Arts & Humanities|protected,dev
20400160008,train,13-14|Arts & Humanities|protected,dev
20400160015,train,14-15|Arts & Humanities|protected,dev
20400400032,train,12-13|Arts & Humanities|protected,dev
20400400053,train,12-13|Arts & Humanities|protected,dev
30500180037,train,14-15|Arts & Humanities|protected,dev
30500180050,train,12-13|Arts & Humanities|protected,dev
30500260052,train,14-15|Arts & Humanities|protected,dev
31000300003,train,14-15|Arts & Humanities|protected,train
31000750009,train,12-13|Arts & Humanities|protected,train
31000070072,dev,14-15|Arts & Humanities|protected,dev
31000220004,train,12-13|Arts & Humanities|protected,train
31000690004,train,12-13|Arts & Humanities|protected,train
31000340006,train,12-13|Arts & Humanities|protected,train
31000690009,train,12-13|Arts & Humanities|protected,train
31000590010,train,12-13|Arts & Humanities|protected,train
31000540001,train,12-13|Arts & Humanities|protected,train
31000590016,train,13-14|Arts & Humanities|protected,train
31000650003,train,12-13|Arts & Humanities|protected,train
31000180005,train,12-13|Arts & Humanities|protected,train
31000710004,train,12-13|Arts & Humanities|protected,train
31000480002,test,12-13|Arts & Humanities|protected,train
31000630004,train,12-13|Arts & Humanities|protected,train
31000070015,train,12-13|Arts & Humanities|protected,dev
31000450009,train,12-13|Arts & Humanities|protected,train
31000480011,train,12-13|Arts & Humanities|protected,train
31000070014,train,12-13|Arts & Humanities|protected,dev
31000680001,train,12-13|Arts & Humanities|protected,train
31000070016,dev,12-13|Arts & Humanities|protected,dev
31000590009,train,12-13|Arts & Humanities|protected,train
31000270001,train,12-13|Arts & Humanities|protected,train
31000290002,dev,12-13|Arts & Humanities|protected,train
31000450007,train,12-13|Arts & Humanities|protected,train
31000450020,train,14-15|Arts & Humanities|protected,train
31000540003,train,12-13|Arts & Humanities|protected,train
31000750001,train,12-13|Arts & Humanities|protected,train
31000470004,train,12-13|Arts & Humanities|protected,train
31000430002,train,12-13|Arts & Humanities|protected,train
31000750003,train,12-13|Arts & Humanities|protected,train
31000070077,train,12-13|Arts & Humanities|protected,dev
31000710009,train,12-13|Arts & Humanities|protected,train
31000070054,train,14-15|Arts & Humanities|protected,dev
31000260005,train,13-14|Arts & Humanities|protected,train
31000440005,train,14-15|Arts & Humanities|protected,train
31000650004,train,12-13|Arts & Humanities|protected,train
31000060003,train,12-13|Arts & Humanities|protected,dev
31000320002,test,12-13|Arts & Humanities|protected,train
31000590011,train,12-13|Arts & Humanities|protected,train
31000680006,train,14-15|Arts & Humanities|protected,train
31000540011,train,12-13|Arts & Humanities|protected,train
31000290001,train,12-13|Arts & Humanities|protected,train
31000710020,train,12-13|Arts & Humanities|protected,train
31000490003,dev,12-13|Arts & Humanities|protected,train
31000050009,train,12-13|Arts & Humanities|protected,dev
31000070082,dev,13-14|Arts & Humanities|protected,dev
31000540010,train,12-13|Arts & Humanities|protected,train
31000030003,dev,12-13|Arts & Humanities|protected,dev
31000630002,test,12-13|Arts & Humanities|protected,train
31000710011,train,12-13|Arts & Humanities|protected,train
31000060010,dev,12-13|Arts & Humanities|protected,dev
31000480004,train,12-13|Arts & Humanities|protected,train
31000070004,train,14-15|Arts & Humanities|protected,dev
31000730004,train,12-13|Arts & Humanities|protected,train
31000010003,dev,12-13|Arts & Humanities|protected,dev
31000150002,train,14-15|Arts & Humanities|protected,train
31000170005,train,13-14|Arts & Humanities|protected,train
31000450008,test,14-15|Arts & Humanities|protected,train
31000710018,train,12-13|Arts & Humanities|protected,train
31000380007,train,12-13|Arts & Humanities|protected,train
31000480018,train,12-13|Arts & Humanities|protected,train
31000030039,dev,13-14|Arts & Humanities|protected,dev
31000600002,train,12-13|Arts & Humanities|protected,train
31000070061,train,12-13|Arts & Humanities|protected,dev
31000630003,train,12-13|Arts & Humanities|protected,train
31000150001,train,12-13|Arts & Humanities|protected,train
31000490004,dev,13-14|Arts & Humanities|protected,train
31000380005,train,14-15|Arts & Humanities|protected,train
31000030027,train,12-13|Arts & Humanities|protected,dev
31000030021,train,12-13|Arts & Humanities|protected,dev
31000070007,train,12-13|Arts & Humanities|protected,dev
31000660004,dev,14-15|Arts & Humanities|protected,train
31000080001,train,12-13|Arts & Humanities|protected,train
31000570003,train,12-13|Arts & Humanities|protected,train
31000330006,train,15+|Arts & Humanities|protected,train
31000070076,train,14-15|Arts & Humanities|protected,dev
31000030009,dev,13-14|Arts & Humanities|protected,dev
31000660001,test,12-13|Arts & Humanities|protected,train
31000030006,train,14-15|Arts & Humanities|protected,dev
31000590005,test,12-13|Arts & Humanities|protected,train
31000070044,train,12-13|Arts & Humanities|protected,dev
31000640006,train,12-13|Arts & Humanities|protected,train
31000410001,train,12-13|Arts & Humanities|protected,train
31000050021,dev,13-14|Arts & Humanities|protected,dev
31000020004,dev,13-14|Arts & Humanities|protected,dev
31000070067,train,12-13|Arts & Humanities|protected,dev
31000380008,train,12-13|Arts & Humanities|protected,train
31000710014,train,12-13|Arts & Humanities|protected,train
31000240010,train,12-13|Arts & Humanities|protected,train
31000200008,dev,14-15|Arts & Humanities|protected,train
31000050004,train,12-13|Arts & Humanities|protected,dev
31000530001,train,12-13|Arts & Humanities|protected,train
31000050019,train,12-13|Arts & Humanities|protected,dev
31000660005,train,12-13|Arts & Humanities|protected,train
31000700003,train,12-13|Arts & Humanities|protected,train
31000660011,train,12-13|Arts & Humanities|protected,train
31000030030,train,12-13|Arts & Humanities|protected,dev
31000110001,train,15+|Arts & Humanities|protected,train
31000570004,train,12-13|Arts & Humanities|protected,train
31000450018,dev,12-13|Arts & Humanities|protected,train
31000450001,train,12-13|Arts & Humanities|protected,train
31000070093,train,14-15|Arts & Humanities|protected,dev
31000070057,train,12-13|Arts & Humanities|protected,dev
31000340010,train,13-14|Arts & Humanities|protected,train
31000740003,train,12-13|Arts & Humanities|protected,train
31000070050,train,12-13|Arts & Humanities|protected,dev
31000370007,train,14-15|Arts & Humanities|protected,train
31000070098,train,14-15|Arts & Humanities|protected,dev
31000070037,train,12-13|Arts & Humanities|protected,dev
31000710012,train,12-13|Arts & Humanities|protected,train
31000140007,dev,12-13|Arts & Humanities|protected,train
31000140001,train,12-13|Arts & Humanities|protected,train
31000070075,dev,12-13|Arts & Humanities|protected,dev
31000010007,dev,13-14|Arts & Humanities|protected,dev
31000190003,train,12-13|Arts & Humanities|protected,train
31000220003,train,12-13|Arts & Humanities|protected,train
31000070019,train,12-13|Arts & Humanities|protected,dev
31000030004,train,12-13|Arts & Humanities|protected,dev
31000470005,train,14-15|Arts & Humanities|protected,train
31000230009,train,12-13|Arts & Humanities|protected,train
31000510002,train,12-13|Arts & Humanities|protected,train
31000070058,train,12-13|Arts & Humanities|protected,dev
31000330002,test,12-13|Arts & Humanities|protected,train
31000660006,train,12-13|Arts & Humanities|protected,train
31000190004,train,12-13|Arts & Humanities|protected,train
31000070030,dev,12-13|Arts & Humanities|protected,dev
31000450010,train,12-13|Arts & Humanities|protected,train
31000250008,train,13-14|Arts & Humanities|protected,train
31000200009,dev,14-15|Arts & Humanities|protected,train
31000660009,train,12-13|Arts & Humanities|protected,train
31000660014,train,12-13|Arts & Humanities|protected,train
31000310002,test,12-13|Arts & Humanities|protected,train
31000380009,train,12-13|Arts & Humanities|protected,train
31000590006,train,12-13|Arts & Humanities|protected,train
31000510001,train,12-13|Arts & Humanities|protected,train
31000710005,dev,12-13|Arts & Humanities|protected,train
31000640007,train,12-13|Arts & Humanities|protected,train
31000750012,train,12-13|Arts & Humanities|protected,train
31000740001,train,12-13|Arts & Humanities|protected,train
31000540005,train,12-13|Arts & Humanities|protected,train
31000700004,train,12-13|Arts & Humanities|protected,train
31000690005,train,12-13|Arts & Humanities|protected,train
31000400014,train,12-13|Arts & Humanities|protected,train
31000420003,train,14-15|Arts & Humanities|protected,train
31000270003,train,13-14|Arts & Humanities|protected,train
31000710007,train,12-13|Arts & Humanities|protected,train
31000070086,train,12-13|Arts & Humanities|protected,dev
31000650006,train,12-13|Arts & Humanities|protected,train
31000740011,dev,12-13|Arts & Humanities|protected,train
31000240007,train,12-13|Arts & Humanities|protected,train
31000400003,test,12-13|Arts & Humanities|protected,train
31000240008,train,13-14|Arts & Humanities|protected,train
31000070003,train,13-14|Arts & Humanities|protected,dev
31000710001,train,12-13|Arts & Humanities|protected,train
31000510004,test,14-15|Arts & Humanities|protected,train
31000070043,train,12-13|Arts & Humanities|protected,dev
31000720006,train,12-13|Arts & Humanities|protected,train
31000560003,train,14-15|Arts & Humanities|protected,train
31000480014,train,12-13|Arts & Humanities|protected,train
31000070090,train,12-13|Arts & Humanities|protected,dev
31000070088,train,12-13|Arts & Humanities|protected,dev
31000140006,test,12-13|Arts & Humanities|protected,train
31000630001,dev,12-13|Arts & Humanities|protected,train
31000280001,train,12-13|Arts & Humanities|protected,train
31000030032,train,12-13|Arts & Humanities|protected,dev
31000050020,train,13-14|Arts & Humanities|protected,dev
31000070036,train,12-13|Arts & Humanities|protected,dev
31000250006,train,12-13|Arts & Humanities|protected,train
31000590008,train,12-13|Arts & Humanities|protected,train
31000710017,train,12-13|Arts & Humanities|protected,train
31000450012,test,12-13|Arts & Humanities|protected,train
31000160001,train,12-13|Arts & Humanities|protected,train
31000740005,train,13-14|Arts & Humanities|protected,train
31000120006,train,13-14|Arts & Humanities|protected,train
31000400008,train,12-13|Arts & Humanities|protected,train
31000070048,train,12-13|Arts & Humanities|protected,dev
31000030019,dev,12-13|Arts & Humanities|protected,dev
31000460006,train,13-14|Arts & Humanities|protected,train
31000040010,train,13-14|Arts & Humanities|protected,dev
31000120007,train,12-13|Arts & Humanities|protected,train
31000620001,train,12-13|Arts & Humanities|protected,train
31000060004,train,12-13|Arts & Humanities|protected,dev
31000050010,train,12-13|Arts & Humanities|protected,dev
31000540002,train,12-13|Arts & Humanities|protected,train
31000030018,dev,15+|Arts & Humanities|protected,dev
31000230002,train,12-13|Arts & Humanities|protected,train
31000610002,dev,12-13|Arts & Humanities|protected,train
31000200001,train,12-13|Arts & Humanities|protected,train
31000030034,train,12-13|Arts & Humanities|protected,dev
31000710003,train,12-13|Arts & Humanities|protected,train
31000100003,dev,15+|Arts & Humanities|protected,train
31000120002,train,12-13|Arts & Humanities|protected,train
31000590004,train,12-13|Arts & Humanities|protected,train
31000340005,train,12-13|Arts & Humanities|protected,train
31000170001,train,12-13|Arts & Humanities|protected,train
31000070002,train,12-13|Arts & Humanities|protected,dev
31000070095,train,14-15|Arts & Humanities|protected,dev
31000660021,dev,14-15|Arts & Humanities|protected,train
31000180004,train,12-13|Arts & Humanities|protected,train
31000070045,train,12-13|Arts & Humanities|protected,dev
31000750011,train,12-13|Arts & Humanities|protected,train
31000010004,train,15+|Arts & Humanities|protected,dev
31000180006,train,12-13|Arts & Humanities|protected,train
31000750013,train,12-13|Arts & Humanities|protected,train
31000130002,train,14-15|Arts & Humanities|protected,train
31000070033,train,12-13|Arts & Humanities|protected,dev
31000660020,train,12-13|Arts & Humanities|protected,train
31000240009,train,12-13|Arts & Humanities|protected,train
31000450013,train,14-15|Arts & Humanities|protected,train
31000740008,train,12-13|Arts & Humanities|protected,train
31000240004,train,12-13|Arts & Humanities|protected,train
31000060009,train,12-13|Arts & Humanities|protected,dev
31000550005,train,12-13|Arts & Humanities|protected,train
31000070009,train,12-13|Arts & Humanities|protected,dev
31000070080,train,12-13|Arts & Humanities|protected,dev
31000010002,train,12-13|Arts & Humanities|protected,dev
31000350001,train,15+|Arts & Humanities|protected,train
31000720005,dev,13-14|Arts & Humanities|protected,train
31000030033,train,12-13|Arts & Humanities|protected,dev
31000690001,train,15+|Arts & Humanities|protected,train
31000280003,train,12-13|Arts & Humanities|protected,train
31000020003,dev,12-13|Arts & Humanities|protected,dev
31000480001,train,12-13|Arts & Humanities|protected,train
31000680007,train,12-13|Arts & Humanities|protected,train
31000380004,train,14-15|Arts & Humanities|protected,train
31000070017,train,12-13|Arts & Humanities|protected,dev
31000200002,train,12-13|Arts & Humanities|protected,train
31000190001,train,15+|Arts & Humanities|protected,train
31000040006,train,12-13|Arts & Humanities|protected,dev
31000740006,train,12-13|Arts & Humanities|protected,train
31000290005,dev,12-13|Arts & Humanities|protected,train
31000070094,train,12-13|Arts & Humanities|protected,dev
31000060007,train,12-13|Arts & Humanities|protected,dev
31000450017,test,12-13|Arts & Humanities|protected,train
31000710013,train,12-13|Arts & Humanities|protected,train
31000070013,train,12-13|Arts & Humanities|protected,dev
31000660023,test,12-13|Arts & Humanities|protected,train
31000540007,train,14-15|Arts & Humanities|protected,train
31000430001,train,12-13|Arts & Humanities|protected,train
31000480007,train,14-15|Arts & Humanities|protected,train
31000200004,train,12-13|Arts & Humanities|protected,train
31000440006,train,12-13|Arts & Humanities|protected,train
31000400002,test,13-14|Arts & Humanities|protected,train
31000480015,train,12-13|Arts & Humanities|protected,train
31000120004,train,12-13|Arts & Humanities|protected,train
31000660010,train,14-15|Arts & Humanities|protected,train
31000210001,train,15+|Arts & Humanities|protected,train
31000310001,train,12-13|Arts & Humanities|protected,train
31000740002,train,14-15|Arts & Humanities|protected,train
21000090047,test,12-13|Arts & Humanities|protected,train
31200010065,test,15+|Arts & Humanities|protected,train
20700850008,train,12-13|Arts & Humanities|protected,train
21100020006,train,13-14|Arts & Humanities|protected,train
21100030001,train,12-13|Arts & Humanities|protected,train
21100030006,test,13-14|Arts & Humanities|protected,train
21100030015,test,14-15|Arts & Humanities|protected,train
21100040003,train,12-13|Arts & Humanities|protected,train
21100050005,train,13-14|Arts & Humanities|protected,train
21100050007,train,13-14|Arts & Humanities|protected,train
21100050008,train,13-14|Arts & Humanities|protected,train
21100050009,train,14-15|Arts & Humanities|protected,train
21100070003,train,15+|Arts & Humanities|protected,train
21100070007,test,12-13|Arts & Humanities|protected,train
21100070029,train,15+|Arts & Humanities|protected,train
21100070031,train,13-14|Arts & Humanities|protected,train
21100070040,train,13-14|Arts & Humanities|protected,train
21100080008,dev,12-13|Arts & Humanities|protected,train
21100130024,train,12-13|Arts & Humanities|protected,train
21100130027,train,12-13|Arts & Humanities|protected,train
21100140011,test,15+|Arts & Humanities|protected,train
21100160020,train,12-13|Arts & Humanities|protected,train
30300050078,train,15+|Arts & Humanities|protected,train
30300480072,train,12-13|Arts & Humanities|protected,train
10100380048,train,14-15|Arts & Humanities|protected,train
10100380057,train,12-13|Arts & Humanities|protected,train
10100590019,train,14-15|Arts & Humanities|protected,train
10100590020,dev,13-14|Arts & Humanities|protected,train
10100590021,train,14-15|Arts & Humanities|protected,train
10100680030,train,14-15|Arts & Humanities|protected,train
10100680031,dev,12-13|Arts & Humanities|protected,train
10100690090,train,13-14|Arts & Humanities|protected,train
10100810026,train,13-14|Arts & Humanities|protected,train
10100890071,train,12-13|Arts & Humanities|protected,train
10101150188,train,12-13|Arts & Humanities|protected,train
10101170121,train,14-15|Arts & Humanities|protected,train
10101210032,train,14-15|Arts & Humanities|protected,train
10101220007,train,12-13|Arts & Humanities|protected,train
10101220008,train,14-15|Arts & Humanities|protected,train
10101220042,test,12-13|Arts & Humanities|protected,train
10101410009,train,14-15|Arts & Humanities|protected,train
10101410017,train,14-15|Arts & Humanities|protected,train
10101410025,train,14-15|Arts & Humanities|protected,train
10101410030,train,12-13|Arts & Humanities|protected,train
10101500046,train,12-13|Arts & Humanities|protected,train
10101510016,train,14-15|Arts & Humanities|protected,train
10101560028,train,12-13|Arts & Humanities|protected,train
10101580033,train,13-14|Arts & Humanities|protected,train
10101580037,train,12-13|Arts & Humanities|protected,train
10101580049,train,12-13|Arts & Humanities|protected,train
10101950023,train,12-13|Arts & Humanities|protected,train
10101950025,test,14-15|Arts & Humanities|protected,train
10101950034,train,12-13|Arts & Humanities|protected,train
10101990008,train,14-15|Arts & Humanities|protected,train
10101990010,train,14-15|Arts & Humanities|protected,train
10102000038,train,12-13|Arts & Humanities|protected,train
10102110079,train,14-15|Arts & Humanities|protected,train
10102650029,train,12-13|Arts & Humanities|protected,train
10102650060,test,13-14|Arts & Humanities|protected,train
10102650061,train,12-13|Arts & Humanities|protected,train
10102650063,test,13-14|Arts & Humanities|protected,train
10102650071,test,12-13|Arts & Humanities|protected,train
10102760004,dev,12-13|Arts & Humanities|protected,train
10100140037,train,12-13|Arts & Humanities|protected,dev
10100140043,train,12-13|Arts & Humanities|protected,dev
10100180022,dev,12-13|Arts & Humanities|protected,dev
31100070029,train,12-13|Arts & Humanities|protected,train
31100080040,train,14-15|Arts & Humanities|protected,train
31100090014,train,13-14|Arts & Humanities|protected,train
31100120016,dev,13-14|Arts & Humanities|protected,train
31100120030,train,13-14|Arts & Humanities|protected,train
31100170004,train,13-14|Arts & Humanities|protected,train
31100170021,train,12-13|Arts & Humanities|protected,train
31100190011,test,15+|Arts & Humanities|protected,train
31100190028,test,15+|Arts & Humanities|protected,train
31100020009,train,14-15|Arts & Humanities|protected,dev
31100020041,train,13-14|Arts & Humanities|protected,dev
31100020043,train,13-14|Arts & Humanities|protected,dev
31100030016,dev,12-13|Arts & Humanities|protected,dev
10300410019,train,15+|Arts & Humanities|protected,train
10300430027,train,15+|Arts & Humanities|protected,train
20300240020,train,15+|Arts & Humanities|protected,train
20300280010,train,13-14|Arts & Humanities|protected,train
20300280034,train,14-15|Arts & Humanities|protected,train
20300410042,train,13-14|Arts & Humanities|protected,train
20300550007,train,14-15|Arts & Humanities|protected,train
20300550008,train,13-14|Arts & Humanities|protected,train
20300550010,train,15+|Arts & Humanities|protected,train
20300550014,train,12-13|Arts & Humanities|protected,train
20300550015,train,12-13|Arts & Humanities|protected,train
20300550017,train,12-13|Arts & Humanities|protected,train
20300550020,train,15+|Arts & Humanities|protected,train
20300550021,train,13-14|Arts & Humanities|protected,train
20300550026,train,15+|Arts & Humanities|protected,train
20300550032,dev,15+|Arts & Humanities|protected,train
20300550038,train,13-14|Arts & Humanities|protected,train
20300550053,train,15+|Arts & Humanities|protected,train
20300550063,train,12-13|Arts & Humanities|protected,train
30100090013,dev,12-13|Arts & Humanities|protected,train
30100360036,train,15+|Arts & Humanities|protected,train
30100360109,train,15+|Arts & Humanities|protected,train
30100600048,train,14-15|Social Sciences|protected,train
30100640026,train,15+|Arts & Humanities|protected,train
30100640036,train,13-14|Arts & Humanities|protected,train
30100780003,train,15+|Arts & Humanities|protected,train
30100780004,train,13-14|Arts & Humanities|protected,train
30100780007,train,15+|Arts & Humanities|protected,train
30100780008,train,13-14|Arts & Humanities|protected,train
30100780012,test,13-14|Arts & Humanities|protected,train
30100780014,train,13-14|Arts & Humanities|protected,train
30100780016,dev,15+|Arts & Humanities|protected,train
30100780021,train,15+|Arts & Humanities|protected,train
30100780023,train,15+|Arts & Humanities|protected,train
30100780028,test,15+|Arts & Humanities|protected,train
30100780030,train,15+|Arts & Humanities|protected,train
30100780031,train,15+|Arts & Humanities|protected,train
30100780035,train,15+|Arts & Humanities|protected,train
30100780036,train,15+|Arts & Humanities|protected,train
30100780037,train,15+|Arts & Humanities|protected,train
30100780038,train,15+|Arts & Humanities|protected,train
30100780040,train,13-14|Arts & Humanities|protected,train
30100780041,train,15+|Arts & Humanities|protected,train
30100780044,train,15+|Arts & Humanities|protected,train
30100780049,train,15+|Arts & Humanities|protected,train
30100780051,dev,15+|Arts & Humanities|protected,train
30100780055,train,15+|Arts & Humanities|protected,train
30100780056,train,15+|Arts & Humanities|protected,train
30100780059,train,15+|Arts & Humanities|protected,train
30100780061,train,15+|Arts & Humanities|protected,train
30100780062,train,13-14|Arts & Humanities|protected,train
30100780063,train,13-14|Arts & Humanities|protected,train
30100780069,train,13-14|Arts & Humanities|protected,train
30100780070,train,13-14|Arts & Humanities|protected,train
30100780071,train,15+|Arts & Humanities|protected,train
30100780077,train,15+|Arts & Humanities|protected,train
30100780078,train,15+|Arts & Humanities|protected,train
30100780080,train,15+|Arts & Humanities|protected,train
30100780092,train,14-15|Arts & Humanities|protected,train
30100780095,test,15+|Arts & Humanities|protected,train
30100780097,train,15+|Arts & Humanities|protected,train
30100780100,train,13-14|Arts & Humanities|protected,train
30100780105,train,13-14|Arts & Humanities|protected,train
30100840005,train,13-14|Arts & Humanities|protected,train
30100840006,train,15+|Arts & Humanities|protected,train
30100840008,train,15+|Arts & Humanities|protected,train
30100840009,train,15+|Arts & Humanities|protected,train
30100840011,train,13-14|Arts & Humanities|protected,train
30100840014,train,12-13|Arts & Humanities|protected,train
30100840016,train,13-14|Arts & Humanities|protected,train
30100840018,train,12-13|Arts & Humanities|protected,train
30100840022,dev,12-13|Arts & Humanities|protected,train
30100840028,train,12-13|Arts & Humanities|protected,train
30100840039,train,13-14|Arts & Humanities|protected,train
30100880019,train,15+|Arts & Humanities|protected,train
30100880020,test,15+|Arts & Humanities|protected,train
30100880028,dev,12-13|Arts & Humanities|protected,train
30100880029,train,15+|Arts & Humanities|protected,train
30100880031,train,15+|Arts & Humanities|protected,train
30100880038,train,15+|Arts & Humanities|protected,train
30100880040,train,15+|Arts & Humanities|protected,train
30100880042,train,12-13|Arts & Humanities|protected,train
30100880046,train,15+|Arts & Humanities|protected,train
30100880049,train,15+|Arts & Humanities|protected,train
30100880056,test,13-14|Arts & Humanities|protected,train
30100910008,train,15+|Arts & Humanities|protected,train
30100910011,train,13-14|Arts & Humanities|protected,train
30100910012,train,13-14|Arts & Humanities|protected,train
30100910013,train,15+|Arts & Humanities|protected,train
30100910022,train,15+|Arts & Humanities|protected,train
30100910023,train,13-14|Arts & Humanities|protected,train
30100910025,dev,15+|Arts & Humanities|protected,train
30100910026,train,15+|Arts & Humanities|protected,train
30100910035,train,15+|Arts & Humanities|protected,train
30100910036,train,14-15|Arts & Humanities|protected,train
30100910041,train,12-13|Arts & Humanities|protected,train
30100910043,train,15+|Arts & Humanities|protected,train
30100910044,test,15+|Arts & Humanities|protected,train
30100910046,train,15+|Arts & Humanities|protected,train
30100910049,train,13-14|Arts & Humanities|protected,train
30100910052,train,15+|Arts & Humanities|protected,train
30100910053,dev,13-14|Arts & Humanities|protected,train
30100910057,train,15+|Arts & Humanities|protected,train
30100910058,train,13-14|Arts & Humanities|protected,train
30100910059,train,15+|Arts & Humanities|protected,train
30100910062,test,13-14|Arts & Humanities|protected,train
30100910065,train,14-15|Arts & Humanities|protected,train
30100910067,train,14-15|Arts & Humanities|protected,train
30100910069,train,15+|Arts & Humanities|protected,train
30100910070,train,15+|Arts & Humanities|protected,train
30100910071,train,13-14|Arts & Humanities|protected,train
30100910072,test,15+|Arts & Humanities|protected,train
30100910075,train,15+|Arts & Humanities|protected,train
30100910076,train,12-13|Arts & Humanities|protected,train
30100930130,train,15+|Arts & Humanities|protected,train
30100950037,train,14-15|Arts & Humanities|protected,train
30101200006,train,12-13|Arts & Humanities|protected,train
30101200015,train,13-14|Arts & Humanities|protected,train
30101200026,train,15+|Arts & Humanities|protected,train
30101200031,train,15+|Arts & Humanities|protected,train
30101200033,dev,13-14|Arts & Humanities|protected,train
30101200034,train,15+|Arts & Humanities|protected,train
30101200056,train,14-15|Arts & Humanities|protected,train
30101200068,train,13-14|Arts & Humanities|protected,train
30101200075,train,15+|Arts & Humanities|protected,train
30101200088,train,15+|Arts & Humanities|protected,train
30101210021,test,12-13|Social Sciences|protected,train
30101300014,dev,14-15|Social Sciences|protected,train
30101300029,test,14-15|Social Sciences|protected,train
30101410005,train,15+|Arts & Humanities|protected,train
30101410009,train,13-14|Arts & Humanities|protected,train
30101410016,train,14-15|Arts & Humanities|protected,train
30101410018,train,14-15|Arts & Humanities|protected,train
30101410025,train,13-14|Arts & Humanities|protected,train
30101410027,train,13-14|Arts & Humanities|protected,train
30101410033,train,13-14|Arts & Humanities|protected,train
30101410042,train,12-13|Arts & Humanities|protected,train
30101410073,train,13-14|Arts & Humanities|protected,train
30101510008,test,14-15|Social Sciences|protected,train
30101530016,train,12-13|Social Sciences|protected,train
30101540007,train,13-14|Social Sciences|protected,train
30101550018,train,13-14|Arts & Humanities|protected,train
30101550024,train,12-13|Arts & Humanities|protected,train
30101550029,train,13-14|Arts & Humanities|protected,train
30101550033,train,15+|Arts & Humanities|protected,train
30101550035,train,13-14|Arts & Humanities|protected,train
30101550038,dev,15+|Arts & Humanities|protected,train
30101550047,train,15+|Arts & Humanities|protected,train
30101550056,train,14-15|Arts & Humanities|protected,train
30101550061,train,15+|Arts & Humanities|protected,train
30101550064,train,12-13|Arts & Humanities|protected,train
30101550070,train,12-13|Arts & Humanities|protected,train
30101550075,train,13-14|Arts & Humanities|protected,train
30101550078,train,14-15|Arts & Humanities|protected,train
30101550079,train,14-15|Arts & Humanities|protected,train
30101550081,train,13-14|Arts & Humanities|protected,train
30101550087,train,12-13|Arts & Humanities|protected,train
30101550092,train,12-13|Arts & Humanities|protected,train
30101550103,train,12-13|Arts & Humanities|protected,train
30101550105,dev,15+|Arts & Humanities|protected,train
30101550106,test,13-14|Arts & Humanities|protected,train
30101550107,train,15+|Arts & Humanities|protected,train
30101550113,train,15+|Arts & Humanities|protected,train
30101550114,train,15+|Arts & Humanities|protected,train
30101550123,train,13-14|Arts & Humanities|protected,train
30101550124,train,14-15|Arts & Humanities|protected,train
30101550126,train,13-14|Arts & Humanities|protected,train
30101550128,train,13-14|Arts & Humanities|protected,train
30101550129,train,15+|Arts & Humanities|protected,train
30101550130,train,13-14|Arts & Humanities|protected,train
30101550131,train,12-13|Arts & Humanities|protected,train
30101550132,train,12-13|Arts & Humanities|protected,train
30101630007,train,14-15|Arts & Humanities|protected,train
30100010026,train,12-13|Arts & Humanities|protected,dev
30100080020,train,14-15|Arts & Humanities|protected,dev
30100080022,train,12-13|Arts & Humanities|protected,dev
30100080023,train,15+|Arts & Humanities|protected,dev
30100080029,train,12-13|Arts & Humanities|protected,dev
30100150013,train,12-13|Social Sciences|protected,dev
30100180022,train,15+|Arts & Humanities|protected,dev
30600050053,train,15+|Arts & Humanities|protected,train
30700160031,train,12-13|Arts & Humanities|protected,train
30700120014,train,12-13|Arts & Humanities|protected,dev
30600040029,train,12-13|Arts & Humanities|protected,train
30700090022,train,12-13|Arts & Humanities|protected,train
30600060020,train,12-13|Arts & Humanities|protected,train
30700090028,train,14-15|Arts & Humanities|protected,train
30700030031,train,12-13|Arts & Humanities|protected,train
30700020009,train,13-14|Arts & Humanities|protected,train
30700040008,dev,14-15|Arts & Humanities|protected,train
30700060018,train,14-15|Arts & Humanities|protected,train
30600030025,train,12-13|Arts & Humanities|protected,train
30700100019,dev,12-13|Arts & Humanities|protected,train
30600150028,train,12-13|Arts & Humanities|protected,train
30700050013,dev,13-14|Arts & Humanities|protected,train
30600100010,train,12-13|Arts & Humanities|protected,dev
30600140015,train,15+|Arts & Humanities|protected,train
30600160004,train,13-14|Arts & Humanities|protected,train
30600100009,train,14-15|Arts & Humanities|protected,dev
30700090001,train,12-13|Arts & Humanities|protected,train
30600100011,train,12-13|Arts & Humanities|protected,dev
30700030026,test,12-13|Arts & Humanities|protected,train
30600050020,train,12-13|Arts & Humanities|protected,train
30600050034,train,12-13|Arts & Humanities|protected,train
30600140010,train,13-14|Arts & Humanities|protected,train
30600140030,train,12-13|Arts & Humanities|protected,train
30700020007,train,12-13|Arts & Humanities|protected,train
30700160017,train,12-13|Arts & Humanities|protected,train
30600150012,train,14-15|Arts & Humanities|protected,train
30600130023,train,14-15|Arts & Humanities|protected,train
30700160020,train,12-13|Arts & Humanities|protected,train
30700120020,train,14-15|Arts & Humanities|protected,dev
30700100021,train,12-13|Arts & Humanities|protected,train
30700010021,train,12-13|Arts & Humanities|protected,dev
30600050014,train,14-15|Arts & Humanities|protected,train
30600130030,train,12-13|Arts & Humanities|protected,train
30700060014,dev,15+|Arts & Humanities|protected,train
30600090001,train,12-13|Arts & Humanities|protected,dev
30600050047,train,12-13|Arts & Humanities|protected,train
30700030024,train,12-13|Arts & Humanities|protected,train
30700090004,train,12-13|Arts & Humanities|protected,train
30700020019,train,14-15|Arts & Humanities|protected,train
30600050023,dev,12-13|Arts & Humanities|protected,train
30700150002,train,15+|Arts & Humanities|protected,train
30600160011,train,14-15|Arts & Humanities|protected,train
30600010005,train,14-15|Arts & Humanities|protected,dev
30700140002,train,12-13|Arts & Humanities|protected,dev
30700020012,train,12-13|Arts & Humanities|protected,train
30700170022,train,12-13|Arts & Humanities|protected,train
30700050001,train,14-15|Arts & Humanities|protected,train
30600020035,train,12-13|Arts & Humanities|protected,train
30600090010,train,13-14|Arts & Humanities|protected,dev
30600150020,train,12-13|Arts & Humanities|protected,train
30600090016,dev,12-13|Arts & Humanities|protected,dev
30700150013,train,12-13|Arts & Humanities|protected,train
30700170004,train,15+|Arts & Humanities|protected,train
30700010022,train,12-13|Arts & Humanities|protected,dev
30600050018,train,14-15|Arts & Humanities|protected,train
30600140001,train,14-15|Arts & Humanities|protected,train
30700100030,train,12-13|Arts & Humanities|protected,train
30600120011,train,14-15|Arts & Humanities|protected,train
30600150035,train,13-14|Arts & Humanities|protected,train
30700200002,dev,12-13|Arts & Humanities|protected,train
30700030029,train,14-15|Arts & Humanities|protected,train
30700010032,dev,12-13|Arts & Humanities|protected,dev
30700040020,train,12-13|Arts & Humanities|protected,train
30700100015,test,14-15|Arts & Humanities|protected,train
30600160005,train,12-13|Arts & Humanities|protected,train
30600120005,train,13-14|Arts & Humanities|protected,train
30700190005,dev,12-13|Arts & Humanities|protected,train
30700180021,train,12-13|Arts & Humanities|protected,train
30600090020,train,14-15|Arts & Humanities|protected,dev
30600020039,train,13-14|Arts & Humanities|protected,train
30600050024,train,12-13|Arts & Humanities|protected,train
30700020025,train,14-15|Arts & Humanities|protected,train
30600050043,train,14-15|Arts & Humanities|protected,train
30700120018,dev,12-13|Arts & Humanities|protected,dev
30700180003,train,14-15|Arts & Humanities|protected,train
30700060003,train,15+|Arts & Humanities|protected,train
30600030009,train,12-13|Arts & Humanities|protected,train
30700030005,train,12-13|Arts & Humanities|protected,train
30700010006,train,12-13|Arts & Humanities|protected,dev
30700050007,train,12-13|Arts & Humanities|protected,train
30600120036,dev,12-13|Arts & Humanities|protected,train
30600010020,train,14-15|Arts & Humanities|protected,dev
30700170011,train,12-13|Arts & Humanities|protected,train
30700120006,train,12-13|Arts & Humanities|protected,dev
30600120002,train,12-13|Arts & Humanities|protected,train
30600020014,train,13-14|Arts & Humanities|protected,train
30600040020,train,12-13|Arts & Humanities|protected,train
30600150025,train,12-13|Arts & Humanities|protected,train
30700200024,train,14-15|Arts & Humanities|protected,train
30600160017,train,12-13|Arts & Humanities|protected,train
30600010016,train,12-13|Arts & Humanities|protected,dev
30700060005,train,14-15|Arts & Humanities|protected,train
30700090011,test,14-15|Arts & Humanities|protected,train
30700060019,train,12-13|Arts & Humanities|protected,train
30600030031,train,12-13|Arts & Humanities|protected,train
30600150002,train,12-13|Arts & Humanities|protected,train
30700020020,train,14-15|Arts & Humanities|protected,train
30600130035,train,12-13|Arts & Humanities|protected,train
30600130010,train,12-13|Arts & Humanities|protected,train
30700140018,train,12-13|Arts & Humanities|protected,dev
30700010024,train,14-15|Arts & Humanities|protected,dev
30600050045,train,13-14|Arts & Humanities|protected,train
30700150018,train,14-15|Arts & Humanities|protected,train
30700010013,train,15+|Arts & Humanities|protected,dev
30600060014,dev,14-15|Arts & Humanities|protected,train
30700140023,train,12-13|Arts & Humanities|protected,dev
30600110020,train,12-13|Arts & Humanities|protected,dev
30700100010,train,12-13|Arts & Humanities|protected,train
30700160006,train,12-13|Arts & Humanities|protected,train
30600130014,train,12-13|Arts & Humanities|protected,train
30700120017,train,12-13|Arts & Humanities|protected,dev
30700160033,train,12-13|Arts & Humanities|protected,train
30600090005,train,14-15|Arts & Humanities|protected,dev
30600060019,train,12-13|Arts & Humanities|protected,train
30600020017,train,14-15|Arts & Humanities|protected,train
30700170013,train,12-13|Arts & Humanities|protected,train
30600140013,train,13-14|Arts & Humanities|protected,train
30700170016,train,12-13|Arts & Humanities|protected,train
30600150032,train,12-13|Arts & Humanities|protected,train
30700010025,train,12-13|Arts & Humanities|protected,dev
30600050013,train,13-14|Arts & Humanities|protected,train
30700050018,train,12-13|Arts & Humanities|protected,train
30600140024,train,12-13|Arts & Humanities|protected,train
30600110008,train,12-13|Arts & Humanities|protected,dev
30600130013,train,12-13|Arts & Humanities|protected,train
30700190002,train,12-13|Arts & Humanities|protected,train
30700190015,train,12-13|Arts & Humanities|protected,train
30700060001,train,14-15|Arts & Humanities|protected,train
30600040003,dev,12-13|Arts & Humanities|protected,train
30700190014,train,12-13|Arts & Humanities|protected,train
30600060016,train,13-14|Arts & Humanities|protected,train
30700020023,train,12-13|Arts & Humanities|protected,train
30600150026,dev,12-13|Arts & Humanities|protected,train
30600020005,train,13-14|Arts & Humanities|protected,train
30700040014,train,12-13|Arts & Humanities|protected,train
30700160012,train,12-13|Arts & Humanities|protected,train
30700150008,dev,15+|Arts & Humanities|protected,train
30600160012,train,14-15|Arts & Humanities|protected,train
30600020021,train,12-13|Arts & Humanities|protected,train
30700080006,train,13-14|Arts & Humanities|protected,train
30600120006,train,13-14|Arts & Humanities|protected,train
30600120019,dev,14-15|Arts & Humanities|protected,train
30700150010,dev,12-13|Arts & Humanities|protected,train
30700090023,train,12-13|Arts & Humanities|protected,train
30700140007,train,12-13|Arts & Humanities|protected,dev
30700050002,train,12-13|Arts & Humanities|protected,train
30700150022,train,12-13|Arts & Humanities|protected,train
20100080016,train,13-14|Arts & Humanities|protected,train
20100080019,test,14-15|Arts & Humanities|protected,train
20100080021,train,12-13|Arts & Humanities|protected,train
20100080026,train,12-13|Arts & Humanities|protected,train
20100080027,train,14-15|Arts & Humanities|protected,train
20100080032,train,14-15|Arts & Humanities|protected,train
20100360003,dev,14-15|Arts & Humanities|protected,train
20100360010,test,14-15|Arts & Humanities|protected,train
20100430004,train,12-13|Arts & Humanities|protected,train
20100430017,train,13-14|Arts & Humanities|protected,train
20100430031,train,14-15|Arts & Humanities|protected,train
20100430033,train,12-13|Arts & Humanities|protected,train
20100520006,train,14-15|Arts & Humanities|protected,train
20100520009,train,13-14|Arts & Humanities|protected,train
20100520022,train,15+|Arts & Humanities|protected,train
20100520023,dev,14-15|Arts & Humanities|protected,train
20100520026,train,14-15|Arts & Humanities|protected,train
20100520027,train,14-15|Arts & Humanities|protected,train
20100520028,train,14-15|Arts & Humanities|protected,train
20100520029,train,15+|Arts & Humanities|protected,train
20100520030,train,14-15|Arts & Humanities|protected,train
20100520031,train,14-15|Arts & Humanities|protected,train
20100560007,train,14-15|Arts & Humanities|protected,train
20100560013,train,14-15|Arts & Humanities|protected,train
20100560030,train,14-15|Arts & Humanities|protected,train
20100580007,train,13-14|Arts & Humanities|protected,train
20100580014,test,14-15|Arts & Humanities|protected,train
20100580037,train,14-15|Arts & Humanities|protected,train
20100590011,train,14-15|Arts & Humanities|protected,train
20100590013,train,12-13|Arts & Humanities|protected,train
20100610017,train,14-15|Arts & Humanities|protected,train
20100610019,train,14-15|Arts & Humanities|protected,train
20100780003,train,13-14|Arts & Humanities|protected,train
20100780005,train,14-15|Arts & Humanities|protected,train
20101080024,train,14-15|Social Sciences|protected,train
20101680028,train,14-15|Social Sciences|protected,train
20101680030,train,12-13|Social Sciences|protected,train
20101680031,train,14-15|Social Sciences|protected,train
20101700022,train,14-15|Arts & Humanities|protected,train
20100100038,train,12-13|Arts & Humanities|protected,dev
20100100049,dev,14-15|Arts & Humanities|protected,dev
20100100051,train,14-15|Arts & Humanities|protected,dev
30900010001,train,15+|Arts & Humanities|protected,train
30900010009,train,15+|Arts & Humanities|protected,train
30900010010,train,15+|Arts & Humanities|protected,train
30900010015,train,15+|Arts & Humanities|protected,train
30900010017,train,13-14|Arts & Humanities|protected,train
30900010019,train,15+|Arts & Humanities|protected,train
30900010021,train,15+|Arts & Humanities|protected,train
30900010022,train,15+|Arts & Humanities|protected,train
30900010025,train,15+|Arts & Humanities|protected,train
30900010027,train,14-15|Arts & Humanities|protected,train
30900010031,train,14-15|Arts & Humanities|protected,train
30900010038,train,15+|Arts & Humanities|protected,train
30900010039,train,15+|Arts & Humanities|protected,train
30900010040,train,15+|Arts & Humanities|protected,train
30900010045,train,13-14|Arts & Humanities|protected,train
30900010047,train,15+|Arts & Humanities|protected,train
30900010055,train,15+|Arts & Humanities|protected,train
30900010057,train,12-13|Arts & Humanities|protected,train
30900010058,train,15+|Arts & Humanities|protected,train
30900010059,train,15+|Arts & Humanities|protected,train
30900010063,dev,12-13|Arts & Humanities|protected,train
30900010068,train,15+|Arts & Humanities|protected,train
30900010070,train,15+|Arts & Humanities|protected,train
30900030011,train,14-15|Arts & Humanities|protected,train
30900030030,train,15+|Arts & Humanities|protected,train
30900030031,test,15+|Arts & Humanities|protected,train
30900030045,train,15+|Arts & Humanities|protected,train
30900030046,dev,13-14|Arts & Humanities|protected,train
30900030050,test,15+|Arts & Humanities|protected,train
30900030051,train,15+|Arts & Humanities|protected,train
30900030052,train,15+|Arts & Humanities|protected,train
30900030053,train,15+|Arts & Humanities|protected,train
30900030059,train,15+|Arts & Humanities|protected,train
30900030061,train,14-15|Arts & Humanities|protected,train
30900030062,train,12-13|Arts & Humanities|protected,train
30900030068,train,13-14|Arts & Humanities|protected,train
30900030069,dev,15+|Arts & Humanities|protected,train
30900030073,train,15+|Arts & Humanities|protected,train
30900030075,train,15+|Arts & Humanities|protected,train
30900030076,train,13-14|Arts & Humanities|protected,train
30900030077,train,12-13|Arts & Humanities|protected,train
30900030078,train,14-15|Arts & Humanities|protected,train
30900030079,dev,14-15|Arts & Humanities|protected,train
30900030084,train,13-14|Arts & Humanities|protected,train
30900030088,train,13-14|Arts & Humanities|protected,train
30900030090,dev,15+|Arts & Humanities|protected,train
30900030093,dev,15+|Arts & Humanities|protected,train
30900030094,train,15+|Arts & Humanities|protected,train
30900030101,dev,13-14|Arts & Humanities|protected,train
30900030105,train,12-13|Arts & Humanities|protected,train
30900030106,train,15+|Arts & Humanities|protected,train
30900030107,test,14-15|Arts & Humanities|protected,train
30900030109,dev,13-14|Arts & Humanities|protected,train
30900030111,train,15+|Arts & Humanities|protected,train
30900030112,train,12-13|Arts & Humanities|protected,train
30900030113,train,15+|Arts & Humanities|protected,train
30900030114,train,15+|Arts & Humanities|protected,train
30900030115,train,14-15|Arts & Humanities|protected,train
30900030116,train,14-15|Arts & Humanities|protected,train
30900060007,dev,15+|Arts & Humanities|protected,train
30900060012,test,12-13|Arts & Humanities|protected,train
30900060019,test,15+|Arts & Humanities|protected,train
30900060020,train,15+|Arts & Humanities|protected,train
30900060022,train,15+|Arts & Humanities|protected,train
30900060023,dev,15+|Arts & Humanities|protected,train
30900060024,train,15+|Arts & Humanities|protected,train
30900060025,train,15+|Arts & Humanities|protected,train
30900060026,train,15+|Arts & Humanities|protected,train
30900060027,train,15+|Arts & Humanities|protected,train
30900060031,train,15+|Arts & Humanities|protected,train
30900060032,train,15+|Arts & Humanities|protected,train
30900060034,train,14-15|Arts & Humanities|protected,train
30900060035,train,14-15|Arts & Humanities|protected,train
30900060037,train,15+|Arts & Humanities|protected,train
30900060038,train,15+|Arts & Humanities|protected,train
30900060039,test,15+|Arts & Humanities|protected,train
30900060043,train,15+|Arts & Humanities|protected,train
30900060044,train,15+|Arts & Humanities|protected,train
30900060047,dev,15+|Arts & Humanities|protected,train
30900060049,train,15+|Arts & Humanities|protected,train
30900060056,train,15+|Arts & Humanities|protected,train
30900060057,train,12-13|Arts & Humanities|protected,train
30900060066,dev,15+|Arts & Humanities|protected,train
30900060070,train,13-14|Arts & Humanities|protected,train
30900060071,test,12-13|Arts & Humanities|protected,train
30900060072,train,12-13|Arts & Humanities|protected,train
30900060073,train,15+|Arts & Humanities|protected,train
30900060075,train,15+|Arts & Humanities|protected,train
30900060076,train,15+|Arts & Humanities|protected,train
30900060077,train,15+|Arts & Humanities|protected,train
30900060079,train,14-15|Arts & Humanities|protected,train
30900060084,train,15+|Arts & Humanities|protected,train
30900060086,train,15+|Arts & Humanities|protected,train
30900060089,train,15+|Arts & Humanities|protected,train
30900060095,train,13-14|Arts & Humanities|protected,train
30900060096,train,15+|Arts & Humanities|protected,train
30900060097,dev,13-14|Arts & Humanities|protected,train
30900060099,train,14-15|Arts & Humanities|protected,train
30900060102,train,15+|Arts & Humanities|protected,train
30900060103,train,13-14|Arts & Humanities|protected,train
30900070018,train,15+|Arts & Humanities|protected,train
30900070020,test,15+|Arts & Humanities|protected,train
30900070022,test,15+|Arts & Humanities|protected,train
30900070034,train,15+|Arts & Humanities|protected,train
30900070035,train,15+|Arts & Humanities|protected,train
30900070036,train,15+|Arts & Humanities|protected,train
30900070039,train,15+|Arts & Humanities|protected,train
30900070041,train,13-14|Arts & Humanities|protected,train
30900070044,test,15+|Arts & Humanities|protected,train
30900070045,train,15+|Arts & Humanities|protected,train
30900070048,test,13-14|Arts & Humanities|protected,train
30900070052,train,15+|Arts & Humanities|protected,train
30900070053,train,15+|Arts & Humanities|protected,train
30900070054,train,15+|Arts & Humanities|protected,train
30900070057,train,15+|Arts & Humanities|protected,train
30900070058,train,15+|Arts & Humanities|protected,train
30900070059,train,15+|Arts & Humanities|protected,train
30900070063,train,15+|Arts & Humanities|protected,train
30900070064,train,15+|Arts & Humanities|protected,train
30900070066,train,12-13|Arts & Humanities|protected,train
30900070069,train,15+|Arts & Humanities|protected,train
30900070073,train,15+|Arts & Humanities|protected,train
30900070074,train,15+|Arts & Humanities|protected,train
30900070076,train,15+|Arts & Humanities|protected,train
30900070077,train,13-14|Arts & Humanities|protected,train
30900070079,train,15+|Arts & Humanities|protected,train
30900070081,train,15+|Arts & Humanities|protected,train
30900070085,train,15+|Arts & Humanities|protected,train
30900070088,train,15+|Arts & Humanities|protected,train
30900080006,train,15+|Arts & Humanities|protected,train
30900080010,train,15+|Arts & Humanities|protected,train
30900080021,train,15+|Arts & Humanities|protected,train
30900080023,train,15+|Arts & Humanities|protected,train
30900080028,test,12-13|Arts & Humanities|protected,train
30900080033,train,12-13|Arts & Humanities|protected,train
30900080043,train,15+|Arts & Humanities|protected,train
30900080045,train,15+|Arts & Humanities|protected,train
30900080048,train,15+|Arts & Humanities|protected,train
30900080054,train,15+|Arts & Humanities|protected,train
30900080055,train,15+|Arts & Humanities|protected,train
30900080062,train,15+|Arts & Humanities|protected,train
30900080063,train,15+|Arts & Humanities|protected,train
30900080065,train,15+|Arts & Humanities|protected,train
30900080067,train,15+|Arts & Humanities|protected,train
30900080068,train,15+|Arts & Humanities|protected,train
30900080069,train,15+|Arts & Humanities|protected,train
30900080070,train,15+|Arts & Humanities|protected,train
30900080072,train,15+|Arts & Humanities|protected,train
30900080083,train,15+|Arts & Humanities|protected,train
30900080084,train,14-15|Arts & Humanities|protected,train
30900080085,train,15+|Arts & Humanities|protected,train
30900080086,dev,15+|Arts & Humanities|protected,train
30900080088,train,15+|Arts & Humanities|protected,train
30900090003,train,15+|Arts & Humanities|protected,train
30900090005,train,15+|Arts & Humanities|protected,train
30900090006,train,15+|Arts & Humanities|protected,train
30900090013,dev,15+|Arts & Humanities|protected,train
30900090018,test,15+|Arts & Humanities|protected,train
30900090019,train,15+|Arts & Humanities|protected,train
30900090020,train,15+|Arts & Humanities|protected,train
30900090021,train,15+|Arts & Humanities|protected,train
30900090023,train,14-15|Arts & Humanities|protected,train
30900090028,dev,14-15|Arts & Humanities|protected,train
30900090030,train,15+|Arts & Humanities|protected,train
30900090034,train,14-15|Arts & Humanities|protected,train
30900090035,train,15+|Arts & Humanities|protected,train
30900090040,train,15+|Arts & Humanities|protected,train
30900090043,train,15+|Arts & Humanities|protected,train
30900090049,train,15+|Arts & Humanities|protected,train
30900090050,train,15+|Arts & Humanities|protected,train
30900090052,train,15+|Arts & Humanities|protected,train
30900090055,dev,12-13|Arts & Humanities|protected,train
30900090056,test,15+|Arts & Humanities|protected,train
30900090057,train,12-13|Arts & Humanities|protected,train
30900090058,train,15+|Arts & Humanities|protected,train
30900090061,train,15+|Arts & Humanities|protected,train
30900090063,train,13-14|Arts & Humanities|protected,train
30900090064,train,15+|Arts & Humanities|protected,train
30900090066,test,15+|Arts & Humanities|protected,train
30900040015,train,15+|Arts & Humanities|protected,dev
30900040019,train,12-13|Arts & Humanities|protected,dev
30900040024,train,15+|Arts & Humanities|protected,dev
30900040028,train,15+|Arts & Humanities|protected,dev
30900040029,train,13-14|Arts & Humanities|protected,dev
30900040031,train,15+|Arts & Humanities|protected,dev
30900040032,train,15+|Arts & Humanities|protected,dev
30900040033,dev,15+|Arts & Humanities|protected,dev
30900040039,dev,14-15|Arts & Humanities|protected,dev
30900040040,dev,15+|Arts & Humanities|protected,dev
30900040044,train,15+|Arts & Humanities|protected,dev
30900040047,train,15+|Arts & Humanities|protected,dev
30900040048,dev,14-15|Arts & Humanities|protected,dev
30900040052,dev,15+|Arts & Humanities|protected,dev
30900040055,dev,15+|Arts & Humanities|protected,dev
30900040057,train,15+|Arts & Humanities|protected,dev
30900040058,train,15+|Arts & Humanities|protected,dev
30900040061,dev,15+|Arts & Humanities|protected,dev
30900040062,train,15+|Arts & Humanities|protected,dev
30900040063,train,15+|Arts & Humanities|protected,dev
30900040065,train,15+|Arts & Humanities|protected,dev
30900040066,train,15+|Arts & Humanities|protected,dev
30900040068,train,12-13|Arts & Humanities|protected,dev
30900040078,train,15+|Arts & Humanities|protected,dev
30900040081,train,15+|Arts & Humanities|protected,dev
30900100004,train,15+|Arts & Humanities|protected,dev
30900100009,train,15+|Arts & Humanities|protected,dev
30900100010,train,15+|Arts & Humanities|protected,dev
30900100014,train,15+|Arts & Humanities|protected,dev
30900100017,train,15+|Arts & Humanities|protected,dev
30900100018,train,13-14|Arts & Humanities|protected,dev
30900100019,train,15+|Arts & Humanities|protected,dev
30900100022,train,13-14|Arts & Humanities|protected,dev
30900100023,train,15+|Arts & Humanities|protected,dev
30900100034,train,15+|Arts & Humanities|protected,dev
30900100035,train,15+|Arts & Humanities|protected,dev
30900100037,train,15+|Arts & Humanities|protected,dev
30900100038,train,15+|Arts & Humanities|protected,dev
30900100039,train,15+|Arts & Humanities|protected,dev
30900100040,train,15+|Arts & Humanities|protected,dev
30900100041,train,15+|Arts & Humanities|protected,dev
30900100042,train,15+|Arts & Humanities|protected,dev
30900100043,train,14-15|Arts & Humanities|protected,dev
30900100045,train,15+|Arts & Humanities|protected,dev
30900100046,train,15+|Arts & Humanities|protected,dev
30800170001,train,14-15|Arts & Humanities|protected,train
30800170002,test,14-15|Arts & Humanities|protected,train
30800170003,train,14-15|Arts & Humanities|protected,train
30800170004,train,14-15|Arts & Humanities|protected,train
30800170005,train,12-13|Arts & Humanities|protected,train
30800170006,train,12-13|Arts & Humanities|protected,train
30800170007,dev,12-13|Arts & Humanities|protected,train
30800170008,dev,12-13|Arts & Humanities|protected,train
30800170009,train,14-15|Arts & Humanities|protected,train
30800170010,train,14-15|Arts & Humanities|protected,train
30800170011,train,14-15|Arts & Humanities|protected,train
30800170012,train,14-15|Arts & Humanities|protected,train
30800170013,train,14-15|Arts & Humanities|protected,train
30800180001,train,14-15|Arts & Humanities|protected,train
30800180002,train,12-13|Arts & Humanities|protected,train
30800180003,test,12-13|Arts & Humanities|protected,train
30800180004,dev,12-13|Arts & Humanities|protected,train
30800180005,train,15+|Arts & Humanities|protected,train
30800180006,train,14-15|Arts & Humanities|protected,train
30800180007,train,14-15|Arts & Humanities|protected,train
30800180008,train,14-15|Arts & Humanities|protected,train
30800180009,train,14-15|Arts & Humanities|protected,train
30800180010,train,14-15|Arts & Humanities|protected,train
30800190001,dev,13-14|Arts & Humanities|protected,train
30800190002,train,14-15|Arts & Humanities|protected,train
30800190003,dev,12-13|Arts & Humanities|protected,train
30800190004,train,15+|Arts & Humanities|protected,train
30800190005,dev,14-15|Arts & Humanities|protected,train
30800190006,train,14-15|Arts & Humanities|protected,train
30800190007,train,14-15|Arts & Humanities|protected,train
30800190008,train,13-14|Arts & Humanities|protected,train
30800190009,dev,14-15|Arts & Humanities|protected,train
30800190010,train,12-13|Arts & Humanities|protected,train
30800190011,train,14-15|Arts & Humanities|protected,train
30800190012,train,14-15|Arts & Humanities|protected,train
30800190013,train,14-15|Arts & Humanities|protected,train
30800200001,train,12-13|Arts & Humanities|protected,train
30800200002,train,14-15|Arts & Humanities|protected,train
30800200003,train,14-15|Arts & Humanities|protected,train
30800200004,train,14-15|Arts & Humanities|protected,train
30800200005,test,13-14|Arts & Humanities|protected,train
30800200006,train,13-14|Arts & Humanities|protected,train
30800200007,train,15+|Arts & Humanities|protected,train
30800200008,train,14-15|Arts & Humanities|protected,train
30800200009,train,14-15|Arts & Humanities|protected,train
30800200010,train,14-15|Arts & Humanities|protected,train
30800200011,train,14-15|Arts & Humanities|protected,train
30800220001,train,14-15|Arts & Humanities|protected,train
30800220002,train,14-15|Arts & Humanities|protected,train
30800260001,train,14-15|Arts & Humanities|protected,train
30800260002,train,14-15|Arts & Humanities|protected,train
30800260004,train,13-14|Arts & Humanities|protected,train
30800260005,train,12-13|Arts & Humanities|protected,train
30800260006,train,15+|Arts & Humanities|protected,train
30800260007,train,14-15|Arts & Humanities|protected,train
30800260008,train,12-13|Arts & Humanities|protected,train
30800260009,dev,14-15|Arts & Humanities|protected,train
30800260010,train,14-15|Arts & Humanities|protected,train
30800260011,train,14-15|Arts & Humanities|protected,train
30800260013,train,12-13|Arts & Humanities|protected,train
30800260014,train,12-13|Arts & Humanities|protected,train
30800260015,dev,14-15|Arts & Humanities|protected,train
30800270001,train,15+|Arts & Humanities|protected,train
30800270002,train,12-13|Arts & Humanities|protected,train
30800270003,train,14-15|Arts & Humanities|protected,train
30800270004,train,13-14|Arts & Humanities|protected,train
30800270005,train,14-15|Arts & Humanities|protected,train
30800270006,train,15+|Arts & Humanities|protected,train
30800270007,test,13-14|Arts & Humanities|protected,train
30800270008,train,14-15|Arts & Humanities|protected,train
30800270009,train,14-15|Arts & Humanities|protected,train
30800270010,train,14-15|Arts & Humanities|protected,train
30800270011,train,12-13|Arts & Humanities|protected,train
30800270012,train,12-13|Arts & Humanities|protected,train
30800270013,train,14-15|Arts & Humanities|protected,train
30800270014,train,12-13|Arts & Humanities|protected,train
30800270015,train,14-15|Arts & Humanities|protected,train
30800270016,dev,14-15|Arts & Humanities|protected,train
30800280001,train,12-13|Arts & Humanities|protected,train
30800280002,train,13-14|Arts & Humanities|protected,train
30800280003,train,12-13|Arts & Humanities|protected,train
30800280004,train,13-14|Arts & Humanities|protected,train
30800280005,train,12-13|Arts & Humanities|protected,train
30800280006,train,12-13|Arts & Humanities|protected,train
30800280007,train,15+|Arts & Humanities|protected,train
30800280008,train,14-15|Arts & Humanities|protected,train
30800280009,train,13-14|Arts & Humanities|protected,train
30800280010,train,14-15|Arts & Humanities|protected,train
30800280011,train,14-15|Arts & Humanities|protected,train
30800280012,train,14-15|Arts & Humanities|protected,train
30800290001,train,12-13|Arts & Humanities|protected,train
30800290002,train,12-13|Arts & Humanities|protected,train
30800290003,train,14-15|Arts & Humanities|protected,train
30800290004,train,14-15|Arts & Humanities|protected,train
30800290005,train,13-14|Arts & Humanities|protected,train
30800290006,train,14-15|Arts & Humanities|protected,train
30800290007,train,14-15|Arts & Humanities|protected,train
30800290008,train,13-14|Arts & Humanities|protected,train
30800290009,train,14-15|Arts & Humanities|protected,train
30800290010,train,14-15|Arts & Humanities|protected,train
30800290011,train,13-14|Arts & Humanities|protected,train
30800350001,test,14-15|Arts & Humanities|protected,train
30800350002,test,14-15|Arts & Humanities|protected,train
30800350003,train,14-15|Arts & Humanities|protected,train
30800350004,train,12-13|Arts & Humanities|protected,train
30800350005,train,13-14|Arts & Humanities|protected,train
30800350006,train,12-13|Arts & Humanities|protected,train
30800350007,train,14-15|Arts & Humanities|protected,train
30800350008,train,14-15|Arts & Humanities|protected,train
30800360001,test,15+|Arts & Humanities|protected,train
30800360003,train,14-15|Arts & Humanities|protected,train
30800360004,train,13-14|Arts & Humanities|protected,train
30800360005,train,13-14|Arts & Humanities|protected,train
30800360006,train,14-15|Arts & Humanities|protected,train
30800360007,dev,14-15|Arts & Humanities|protected,train
30800360008,train,12-13|Arts & Humanities|protected,train
30800360009,train,14-15|Arts & Humanities|protected,train
30800370001,train,13-14|Arts & Humanities|protected,train
30800370002,dev,13-14|Arts & Humanities|protected,train
30800370003,train,12-13|Arts & Humanities|protected,train
30800370004,train,13-14|Arts & Humanities|protected,train
30800370005,train,12-13|Arts & Humanities|protected,train
30800370006,train,14-15|Arts & Humanities|protected,train
30800370007,train,15+|Arts & Humanities|protected,train
30800370008,train,14-15|Arts & Humanities|protected,train
30800370009,test,14-15|Arts & Humanities|protected,train
30800370010,train,14-15|Arts & Humanities|protected,train
30800370011,train,14-15|Arts & Humanities|protected,train
30800380001,train,15+|Arts & Humanities|protected,train
30800380002,train,13-14|Arts & Humanities|protected,train
30800380003,train,15+|Arts & Humanities|protected,train
30800380004,train,13-14|Arts & Humanities|protected,train
30800380005,train,12-13|Arts & Humanities|protected,train
30800380006,test,14-15|Arts & Humanities|protected,train
30800380007,train,14-15|Arts & Humanities|protected,train
30800380008,train,14-15|Arts & Humanities|protected,train
30800380009,train,14-15|Arts & Humanities|protected,train
30800380010,dev,14-15|Arts & Humanities|protected,train
30800380011,train,14-15|Arts & Humanities|protected,train
30800390001,train,12-13|Arts & Humanities|protected,train
30800390002,train,13-14|Arts & Humanities|protected,train
30800390003,train,15+|Arts & Humanities|protected,train
30800390004,test,13-14|Arts & Humanities|protected,train
30800390005,train,13-14|Arts & Humanities|protected,train
30800390006,train,12-13|Arts & Humanities|protected,train
30800390007,train,12-13|Arts & Humanities|protected,train
30800390008,train,14-15|Arts & Humanities|protected,train
30800390009,train,14-15|Arts & Humanities|protected,train
30800390010,train,14-15|Arts & Humanities|protected,train
30800390011,train,13-14|Arts & Humanities|protected,train
30800390012,test,14-15|Arts & Humanities|protected,train
30800400001,train,14-15|Arts & Humanities|protected,train
30800400002,train,12-13|Arts & Humanities|protected,train
30800400003,train,14-15|Arts & Humanities|protected,train
30800400004,train,13-14|Arts & Humanities|protected,train
30800400005,train,13-14|Arts & Humanities|protected,train
30800400006,train,14-15|Arts & Humanities|protected,train
30800400007,test,13-14|Arts & Humanities|protected,train
30800400008,train,14-15|Arts & Humanities|protected,train
30800400009,train,14-15|Arts & Humanities|protected,train
30800400010,train,12-13|Arts & Humanities|protected,train
30800410001,train,13-14|Arts & Humanities|protected,train
30800410003,train,15+|Arts & Humanities|protected,train
30800410004,train,14-15|Arts & Humanities|protected,train
30800410005,train,13-14|Arts & Humanities|protected,train
30800410007,train,13-14|Arts & Humanities|protected,train
30800410008,train,13-14|Arts & Humanities|protected,train
30800410009,train,14-15|Arts & Humanities|protected,train
30800420001,test,13-14|Arts & Humanities|protected,train
30800420002,train,13-14|Arts & Humanities|protected,train
30800420003,train,14-15|Arts & Humanities|protected,train
30800420004,train,13-14|Arts & Humanities|protected,train
30800420005,train,12-13|Arts & Humanities|protected,train
30800420006,train,13-14|Arts & Humanities|protected,train
30800420007,train,13-14|Arts & Humanities|protected,train
30800420008,train,13-14|Arts & Humanities|protected,train
30800420009,dev,14-15|Arts & Humanities|protected,train
30800420010,train,13-14|Arts & Humanities|protected,train
30800420011,train,15+|Arts & Humanities|protected,train
30800420012,train,13-14|Arts & Humanities|protected,train
30800420013,train,14-15|Arts & Humanities|protected,train
30800010001,train,12-13|Arts & Humanities|protected,dev
30800010002,dev,12-13|Arts & Humanities|protected,dev
30800010003,train,12-13|Arts & Humanities|protected,dev
30800010004,train,12-13|Arts & Humanities|protected,dev
30800010005,train,12-13|Arts & Humanities|protected,dev
30800010006,train,12-13|Arts & Humanities|protected,dev
30800010007,dev,13-14|Arts & Humanities|protected,dev
30800160001,train,12-13|Arts & Humanities|protected,dev
30800160002,train,13-14|Arts & Humanities|protected,dev
30800160003,train,13-14|Arts & Humanities|protected,dev
30800160004,dev,13-14|Arts & Humanities|protected,dev
30800160005,train,14-15|Arts & Humanities|protected,dev
30800160006,train,12-13|Arts & Humanities|protected,dev
30800160007,train,14-15|Arts & Humanities|protected,dev
30800160008,dev,13-14|Arts & Humanities|protected,dev
30800160009,train,12-13|Arts & Humanities|protected,dev
30800160010,train,12-13|Arts & Humanities|protected,dev
30800160011,train,13-14|Arts & Humanities|protected,dev
30800160012,train,12-13|Arts & Humanities|protected,dev
30800160013,train,14-15|Arts & Humanities|protected,dev
30800160014,dev,13-14|Arts & Humanities|protected,dev
30800160015,train,12-13|Arts & Humanities|protected,dev
30800160016,train,14-15|Arts & Humanities|protected,dev
30800160017,train,14-15|Arts & Humanities|protected,dev
30800160018,train,12-13|Arts & Humanities|protected,dev
30800160019,train,14-15|Arts & Humanities|protected,dev
30800160020,train,13-14|Arts & Humanities|protected,dev
30800160021,train,14-15|Arts & Humanities|protected,dev
30800160022,train,14-15|Arts & Humanities|protected,dev
30800160023,train,12-13|Arts & Humanities|protected,dev
30800210001,train,13-14|Arts & Humanities|protected,dev
30800210002,train,14-15|Arts & Humanities|protected,dev
30800210003,train,15+|Arts & Humanities|protected,dev
30800210004,dev,14-15|Arts & Humanities|protected,dev
30800210005,train,14-15|Arts & Humanities|protected,dev
30800210006,train,14-15|Arts & Humanities|protected,dev
30800210007,train,14-15|Arts & Humanities|protected,dev
30800210008,train,12-13|Arts & Humanities|protected,dev
30800210009,train,12-13|Arts & Humanities|protected,dev
30800210010,train,13-14|Arts & Humanities|protected,dev
30800210011,train,13-14|Arts & Humanities|protected,dev
30800210013,train,12-13|Arts & Humanities|protected,dev
30800210014,train,13-14|Arts & Humanities|protected,dev
30800210015,dev,14-15|Arts & Humanities|protected,dev
30800210016,train,13-14|Arts & Humanities|protected,dev
30800230001,dev,13-14|Arts & Humanities|protected,dev
30800230002,train,14-15|Arts & Humanities|protected,dev
30800230003,train,12-13|Arts & Humanities|protected,dev
30800230004,dev,12-13|Arts & Humanities|protected,dev
30800230005,train,14-15|Arts & Humanities|protected,dev
30800230006,dev,12-13|Arts & Humanities|protected,dev
30800230007,train,12-13|Arts & Humanities|protected,dev
30800230008,train,12-13|Arts & Humanities|protected,dev
30800230009,train,13-14|Arts & Humanities|protected,dev
30800230010,train,14-15|Arts & Humanities|protected,dev
30800230011,train,14-15|Arts & Humanities|protected,dev
30800230012,train,13-14|Arts & Humanities|protected,dev
30800230013,train,12-13|Arts & Humanities|protected,dev
30800230014,train,14-15|Arts & Humanities|protected,dev
30800230015,train,14-15|Arts & Humanities|protected,dev
30800230016,train,15+|Arts & Humanities|protected,dev
30800230017,train,12-13|Arts & Humanities|protected,dev
30800230018,train,14-15|Arts & Humanities|protected,dev
30800230019,train,15+|Arts & Humanities|protected,dev
30800230020,train,13-14|Arts & Humanities|protected,dev
30800230021,train,14-15|Arts & Humanities|protected,dev
30800240001,train,15+|Arts & Humanities|protected,dev
30800240002,train,14-15|Arts & Humanities|protected,dev
30800240003,train,14-15|Arts & Humanities|protected,dev
30800240004,dev,13-14|Arts & Humanities|protected,dev
30800240005,train,14-15|Arts & Humanities|protected,dev
30800240006,train,14-15|Arts & Humanities|protected,dev
30800240007,train,15+|Arts & Humanities|protected,dev
30800240008,train,14-15|Arts & Humanities|protected,dev
30800240009,train,14-15|Arts & Humanities|protected,dev
30800240010,train,12-13|Arts & Humanities|protected,dev
30800240012,train,14-15|Arts & Humanities|protected,dev
30800240013,train,14-15|Arts & Humanities|protected,dev
30800240014,train,14-15|Arts & Humanities|protected,dev
30800240015,train,14-15|Arts & Humanities|protected,dev
30800250002,train,12-13|Arts & Humanities|protected,dev
30800250003,train,14-15|Arts & Humanities|protected,dev
30800250004,dev,15+|Arts & Humanities|protected,dev
30800250005,dev,14-15|Arts & Humanities|protected,dev
30800250006,train,13-14|Arts & Humanities|protected,dev
30800250007,train,12-13|Arts & Humanities|protected,dev
30800250008,train,15+|Arts & Humanities|protected,dev
30800250009,dev,14-15|Arts & Humanities|protected,dev
30800250010,train,14-15|Arts & Humanities|protected,dev
30800250011,train,13-14|Arts & Humanities|protected,dev
30800250012,train,14-15|Arts & Humanities|protected,dev
30800250013,train,12-13|Arts & Humanities|protected,dev
30800250014,train,15+|Arts & Humanities|protected,dev
30800250015,dev,14-15|Arts & Humanities|protected,dev
10101470012,test,12-13|Arts & Humanities|short,train
20400290055,train,12-13|Arts & Humanities|short,train
30400130092,train,12-13|Social Sciences|short,dev
10100760028,train,12-13|Arts & Humanities|short,train
20100780023,test,12-13|Arts & Humanities|short,train
10101670009,train,12-13|Arts & Humanities|short,train
20101210003,train,12-13|Social Sciences|short,train
10500110023,train,12-13|Arts & Humanities|short,train
10400280087,train,12-13|Arts & Humanities|short,train
10500310002,train,12-13|Arts & Humanities|short,train
10700030042,train,12-13|Arts & Humanities|short,train
10100360016,train,12-13|Arts & Humanities|short,train
20300280001,train,12-13|Arts & Humanities|short,train
10400070111,train,12-13|Arts & Humanities|short,train
10600170010,train,12-13|Arts & Humanities|short,train
30100380034,train,12-13|Arts & Humanities|short,train
10300560026,train,12-13|Arts & Humanities|short,train
10400090193,train,12-13|Social Sciences|short,train
30100360120,train,13-14|Arts & Humanities|short,train
10900010248,test,12-13|Arts & Humanities|short,train
10100020001,train,12-13|Arts & Humanities|short,dev
10400440018,train,12-13|Social Sciences|short,train
10100920048,train,12-13|Arts & Humanities|short,train
10101040014,train,12-13|Arts & Humanities|short,train
10300440022,train,12-13|Arts & Humanities|short,train
10400010077,train,12-13|Arts & Humanities|short,train
10400210108,train,12-13|Social Sciences|short,train
20400150017,train,15+|Arts & Humanities|short,train
10400030120,train,12-13|Arts & Humanities|short,train
10102900017,train,12-13|Arts & Humanities|short,train
20400150100,train,14-15|Arts & Humanities|short,train
30500050025,train,12-13|Arts & Humanities|short,train
20300150026,train,12-13|Arts & Humanities|short,train
30300360019,train,12-13|Arts & Humanities|short,train
10100820041,train,12-13|Arts & Humanities|short,train
10102930022,train,12-13|Arts & Humanities|short,train
10600280011,train,12-13|Arts & Humanities|short,train
21000060039,train,12-13|Arts & Humanities|short,train
10101040055,train,12-13|Arts & Humanities|short,train
10400390106,train,12-13|Arts & Humanities|short,dev
10900010157,test,12-13|Arts & Humanities|short,train
10400210119,train,12-13|Social Sciences|short,train
10100830005,train,12-13|Arts & Humanities|short,train
20300410026,train,13-14|Arts & Humanities|short,train
10400070073,train,12-13|Arts & Humanities|short,train
20800170052,train,12-13|Arts & Humanities|short,train
30500110063,dev,12-13|Social Sciences|short,dev
10400180027,train,12-13|Arts & Humanities|short,train
20400340032,test,12-13|Social Sciences|short,train
10500200047,train,12-13|Arts & Humanities|short,train
20101510010,train,12-13|Social Sciences|short,train
21000110002,train,12-13|Arts & Humanities|short,train
10400010177,dev,12-13|Arts & Humanities|short,train
21100070002,train,12-13|Arts & Humanities|short,train
20300500013,train,12-13|Arts & Humanities|short,train
20400220034,test,12-13|Social Sciences|short,train
30300330003,train,12-13|Social Sciences|short,train
10100690026,train,12-13|Arts & Humanities|short,train
10102830048,train,12-13|Arts & Humanities|short,train
20300040019,train,12-13|Arts & Humanities|short,dev
10101520049,train,14-15|Arts & Humanities|short,train
10400030174,train,12-13|Arts & Humanities|short,train
20700580002,train,12-13|Arts & Humanities|short,train
10400370134,train,12-13|Arts & Humanities|short,train
30300530003,test,12-13|Arts & Humanities|short,train
10400450056,train,12-13|Social Sciences|short,train
20100450001,train,12-13|Arts & Humanities|short,train
10400030204,train,12-13|Arts & Humanities|short,train
10101330036,train,12-13|Arts & Humanities|short,train
20400490034,train,12-13|Arts & Humanities|short,train
20400430014,dev,12-13|Arts & Humanities|short,train
21100080007,train,12-13|Arts & Humanities|short,train
10500490056,train,12-13|Arts & Humanities|short,train
10100590065,train,12-13|Arts & Humanities|short,train
10100780008,train,12-13|Arts & Humanities|short,train
30400170022,train,14-15|Social Sciences|short,train
20400320032,dev,12-13|Arts & Humanities|short,dev
10500360003,train,12-13|Arts & Humanities|short,train
20400300111,train,12-13|Arts & Humanities|short,train
10400200042,dev,12-13|Arts & Humanities|short,dev
30101420045,train,12-13|Arts & Humanities|short,train
10400450029,train,12-13|Social Sciences|short,train
10101600014,train,12-13|Arts & Humanities|short,train
20800200038,test,12-13|Arts & Humanities|short,train
20400210044,train,12-13|Social Sciences|short,train
30300640002,train,12-13|Arts & Humanities|short,train
10101160096,test,12-13|Arts & Humanities|short,train
20100050036,train,12-13|Social Sciences|short,dev
10100070013,train,12-13|Arts & Humanities|short,dev
10300460057,train,12-13|Arts & Humanities|short,train
20800060017,train,12-13|Arts & Humanities|short,train
10400030113,train,12-13|Arts & Humanities|short,train
20800180039,train,12-13|Arts & Humanities|short,train
10500230004,train,12-13|Arts & Humanities|short,train
10800100004,train,12-13|Arts & Humanities|short,train
10500390016,train,12-13|Arts & Humanities|short,train
20400440136,train,12-13|Arts & Humanities|short,train
10102850051,train,12-13|Arts & Humanities|short,train
10400100053,train,12-13|Social Sciences|short,dev
10102100032,train,12-13|Arts & Humanities|short,train
10101670036,train,12-13|Arts & Humanities|short,train
30500270019,train,14-15|Social Sciences|short,train
30300290001,test,12-13|Arts & Humanities|short,train
10100560028,dev,12-13|Arts & Humanities|short,train
20300250001,train,12-13|Social Sciences|short,train
30101610049,train,14-15|STEM|short,train
10100780055,train,12-13|Arts & Humanities|short,train
31100110007,train,12-13|Arts & Humanities|short,train
30100930109,train,13-14|Arts & Humanities|short,train
10900010183,train,12-13|Arts & Humanities|short,train
20300510029,train,12-13|Arts & Humanities|short,train
10101630036,train,12-13|Arts & Humanities|short,train
30400130018,train,14-15|Social Sciences|short,dev
20400090080,train,12-13|Social Sciences|short,train
20900120056,train,12-13|Arts & Humanities|short,train
10100760073,train,12-13|Arts & Humanities|short,train
21300010003,dev,12-13|Arts & Humanities|short,dev
20400150110,train,12-13|Arts & Humanities|short,train
10102100013,train,12-13|Arts & Humanities|short,train
20400170014,train,12-13|Arts & Humanities|short,train
10300180037,train,12-13|Arts & Humanities|short,train
30300300001,train,12-13|Arts & Humanities|short,train
10100110104,train,12-13|Arts & Humanities|short,dev
10400400076,train,12-13|Arts & Humanities|short,train
10102140023,train,12-13|Arts & Humanities|short,train
30100470016,test,12-13|Arts & Humanities|short,train
10101520002,train,13-14|Arts & Humanities|short,train
20400390057,train,12-13|Arts & Humanities|short,train
20400470012,train,12-13|Social Sciences|short,train
10400400063,train,12-13|Arts & Humanities|short,train
10400440010,train,12-13|Social Sciences|short,train
20400450020,train,12-13|Social Sciences|short,train
10100570062,test,12-13|Arts & Humanities|short,train
10400050178,train,12-13|Arts & Humanities|short,train
10102850004,train,12-13|Arts & Humanities|short,train
10700030160,test,12-13|Arts & Humanities|short,train
10400250056,train,12-13|Arts & Humanities|short,train
20300470071,train,12-13|Arts & Humanities|short,train
20100240033,train,12-13|Arts & Humanities|short,train
10300210017,test,12-13|Arts & Humanities|short,train
10600310006,train,12-13|Arts & Humanities|short,train
10500590016,train,12-13|Arts & Humanities|short,train
10100760058,train,12-13|Arts & Humanities|short,train
10100830057,train,12-13|Arts & Humanities|short,train
10100080005,train,12-13|Arts & Humanities|short,dev
10700030102,train,12-13|Arts & Humanities|short,train
30500150064,train,12-13|Arts & Humanities|short,train
10400280023,train,12-13|Arts & Humanities|short,train
20101240006,train,12-13|Arts & Humanities|short,train
30300540060,train,12-13|Arts & Humanities|short,train
10100330009,train,12-13|Arts & Humanities|short,train
20800200046,train,12-13|Arts & Humanities|short,train
10600320017,test,12-13|Arts & Humanities|short,train
10102610007,train,12-13|Arts & Humanities|short,train
30100960022,test,12-13|Social Sciences|short,train
10800140043,train,12-13|Arts & Humanities|short,train
10300270004,train,12-13|Arts & Humanities|short,train
10101740014,train,12-13|Arts & Humanities|short,train
30500200024,train,12-13|Social Sciences|short,train
30500180016,train,13-14|Arts & Humanities|short,dev
10100700021,dev,12-13|Arts & Humanities|short,train
10400090028,train,12-13|Social Sciences|short,train
10100620071,train,12-13|Arts & Humanities|short,train
20400300097,train,12-13|Arts & Humanities|short,train
20800060057,dev,12-13|Arts & Humanities|short,train
30100550002,dev,12-13|Social Sciences|short,train
10500410012,train,12-13|Arts & Humanities|short,train
10300530043,train,12-13|Arts & Humanities|short,train
10700030033,train,12-13|Arts & Humanities|short,train
10100860023,train,12-13|Arts & Humanities|short,train
10100620063,test,12-13|Arts & Humanities|short,train
10900010253,train,12-13|Arts & Humanities|short,train
21000080021,test,12-13|Arts & Humanities|short,train
10100260007,train,12-13|Arts & Humanities|short,dev
30101210022,train,14-15|Social Sciences|short,train
20400130134,train,12-13|Arts & Humanities|short,train
10100970024,train,12-13|Arts & Humanities|short,train
20400420130,dev,12-13|Arts & Humanities|short,train
10300370060,train,12-13|Arts & Humanities|short,train
10400030007,train,12-13|Arts & Humanities|short,train
20800070043,train,12-13|Arts & Humanities|short,train
20500510009,train,12-13|Arts & Humanities|short,train
10102000022,train,12-13|Arts & Humanities|short,train
20400090013,train,12-13|Social Sciences|short,train
10400120016,dev,12-13|Social Sciences|short,dev
10300530070,train,12-13|Arts & Humanities|short,train
10700030164,train,12-13|Arts & Humanities|short,train
20400260009,train,14-15|Arts & Humanities|short,train
10500330037,train,12-13|Arts & Humanities|short,train
10300330023,train,12-13|Arts & Humanities|short,train
10100510056,train,12-13|Arts & Humanities|short,train
10102830051,train,12-13|Arts & Humanities|short,train
11100010099,train,12-13|Arts & Humanities|short,dev
10100970010,train,12-13|Arts & Humanities|short,train
20800140026,train,12-13|Arts & Humanities|short,dev
30500280044,train,12-13|Social Sciences|short,train
10400190074,dev,12-13|Arts & Humanities|short,train
30500040008,train,12-13|Arts & Humanities|short,train
30100930059,train,12-13|Arts & Humanities|short,train
10900010386,train,12-13|Arts & Humanities|short,train
20100850015,train,12-13|Social Sciences|short,train
20300340023,train,12-13|Social Sciences|short,train
10900010394,train,12-13|Arts & Humanities|short,train
10100300041,train,12-13|Arts & Humanities|short,train
30100150048,train,12-13|Social Sciences|short,dev
10400130185,train,12-13|Arts & Humanities|short,train
10500390002,train,12-13|Arts & Humanities|short,train
10100330035,train,12-13|Arts & Humanities|short,train
10800070027,train,12-13|Arts & Humanities|short,train
10102140015,dev,12-13|Arts & Humanities|short,train
20800060051,train,12-13|Arts & Humanities|short,train
10101730026,train,12-13|Arts & Humanities|short,train
20800170088,test,12-13|Arts & Humanities|short,train
30400130053,dev,14-15|Social Sciences|short,dev
11100010021,dev,12-13|Arts & Humanities|short,dev
10400030122,train,12-13|Arts & Humanities|short,train
10500530002,train,12-13|Arts & Humanities|short,train
20400130178,train,12-13|Arts & Humanities|short,train
10400220031,train,12-13|Social Sciences|short,dev
30100360026,train,12-13|Arts & Humanities|short,train
20100610021,train,12-13|Arts & Humanities|short,train
10100510047,train,12-13|Arts & Humanities|short,train
10400190011,train,12-13|Arts & Humanities|short,train
30100180002,train,12-13|Arts & Humanities|short,dev
20900040044,train,12-13|Arts & Humanities|short,train
10900010276,train,12-13|Arts & Humanities|short,train
10102930014,train,12-13|Arts & Humanities|short,train
20400250064,train,12-13|Arts & Humanities|short,train
10600440003,train,12-13|Arts & Humanities|short,train
20800040059,train,12-13|Arts & Humanities|short,train
30500260042,train,12-13|Arts & Humanities|short,dev
20800010031,train,12-13|Arts & Humanities|short,dev
20400220013,train,12-13|Social Sciences|short,train
20800170010,train,12-13|Arts & Humanities|short,train
10400060117,train,12-13|Arts & Humanities|short,train
10101040042,train,12-13|Arts & Humanities|short,train
20100240012,train,12-13|Arts & Humanities|short,train
10100330139,dev,12-13|Arts & Humanities|short,train
10700030038,train,12-13|Arts & Humanities|short,train
20800010092,train,12-13|Arts & Humanities|short,dev
10102110037,train,12-13|Arts & Humanities|short,train
10100370008,train,12-13|Arts & Humanities|short,train
20800170009,train,12-13|Arts & Humanities|short,train
10300530078,train,12-13|Arts & Humanities|short,train
30101560015,dev,12-13|Arts & Humanities|short,train
30101360123,test,12-13|Arts & Humanities|short,train
10500480038,train,12-13|Arts & Humanities|short,train
10400310023,train,12-13|Arts & Humanities|short,dev
20800070046,train,12-13|Arts & Humanities|short,train
10400150088,train,12-13|Arts & Humanities|short,train
10101630032,train,12-13|Arts & Humanities|short,train
10100210044,train,12-13|Arts & Humanities|short,dev
10102780013,train,12-13|Arts & Humanities|short,train
30100570014,train,12-13|STEM|short,train
10500380011,train,12-13|Arts & Humanities|short,train
10102040037,train,12-13|Arts & Humanities|short,train
10100320007,train,12-13|Arts & Humanities|short,train
20400310073,train,12-13|Arts & Humanities|short,train
20400140044,train,15+|Arts & Humanities|short,train
10100330115,train,12-13|Arts & Humanities|short,train
10100210006,train,12-13|Arts & Humanities|short,dev
10101020018,test,12-13|Arts & Humanities|short,train
10300420052,train,12-13|Arts & Humanities|short,train
31100190026,train,12-13|Arts & Humanities|short,train
30101250034,train,12-13|Arts & Humanities|short,train
10400450015,test,12-13|Social Sciences|short,train
20800020012,train,12-13|Arts & Humanities|short,train
30400060080,train,12-13|Social Sciences|short,train
10800110007,train,12-13|Arts & Humanities|short,train
20400320027,train,12-13|Arts & Humanities|short,dev
21000040004,test,12-13|Arts & Humanities|short,train
10600200006,train,12-13|Arts & Humanities|short,train
10100840040,train,12-13|Arts & Humanities|short,train
10400050087,train,12-13|Arts & Humanities|short,train
20300370033,train,12-13|Arts & Humanities|short,train
10100330073,test,12-13|Arts & Humanities|short,train
10100260014,train,12-13|Arts & Humanities|short,dev
30100930040,train,12-13|Arts & Humanities|short,train
20400490080,train,12-13|Arts & Humanities|short,train
10100300026,train,12-13|Arts & Humanities|short,train
10400040093,train,12-13|Arts & Humanities|short,dev
10101140004,train,13-14|Arts & Humanities|short,train
21000050007,train,12-13|Arts & Humanities|short,train
30101360071,train,12-13|Arts & Humanities|short,train
30500110065,train,12-13|Social Sciences|short,dev
10102760001,train,12-13|Arts & Humanities|short,train
20400030019,train,12-13|Arts & Humanities|short,train
20100160019,train,12-13|STEM|short,dev
10300410022,train,12-13|Arts & Humanities|short,train
10100810020,train,12-13|Arts & Humanities|short,train
10600050005,train,12-13|Arts & Humanities|short,train
30100790004,test,12-13|STEM|short,train
30500110055,train,12-13|Social Sciences|short,dev
20400390111,train,12-13|Arts & Humanities|short,train
10100100041,train,12-13|Arts & Humanities|short,dev
30101360097,train,12-13|Arts & Humanities|short,train
10102070018,train,12-13|Arts & Humanities|short,train
30500240067,train,12-13|Arts & Humanities|short,train
10400100013,train,12-13|Social Sciences|short,dev
10101300023,train,12-13|Arts & Humanities|short,train
10400390013,train,12-13|Arts & Humanities|short,dev
10500310050,train,12-13|Arts & Humanities|short,train
20400450048,train,12-13|Social Sciences|short,train
20100940019,train,12-13|STEM|short,train
30300290003,train,12-13|Arts & Humanities|short,train
30300230001,train,12-13|Social Sciences|short,train
20400130019,train,12-13|Arts & Humanities|short,train
20400140049,train,12-13|Arts & Humanities|short,train
20900030025,train,12-13|Arts & Humanities|short,train
20101340039,train,12-13|STEM|short,train
10400370086,train,12-13|Arts & Humanities|short,train
20300540008,train,12-13|Arts & Humanities|short,train
10600150011,train,12-13|Arts & Humanities|short,train
10101680007,train,12-13|Arts & Humanities|short,train
10100480015,train,12-13|Arts & Humanities|short,train
10400230082,test,12-13|Social Sciences|short,train
10300500043,train,12-13|Arts & Humanities|short,train
30300450004,train,12-13|STEM|short,train
10900010142,train,12-13|Arts & Humanities|short,train
20400220015,train,15+|Social Sciences|short,train
10400200103,dev,12-13|Arts & Humanities|short,dev
10100080029,dev,12-13|Arts & Humanities|short,dev
10400090118,test,12-13|Social Sciences|short,train
10400420064,train,12-13|Arts & Humanities|short,train
20400150041,test,12-13|Arts & Humanities|short,train
10101730014,train,12-13|Arts & Humanities|short,train
20300540046,train,12-13|Arts & Humanities|short,train
10400030148,train,12-13|Arts & Humanities|short,train
10900010335,train,12-13|Arts & Humanities|short,train
10400050233,train,12-13|Arts & Humanities|short,train
10400030166,dev,12-13|Arts & Humanities|short,train
30500110093,train,12-13|Social Sciences|short,dev
20400400003,train,12-13|Arts & Humanities|short,dev
10400040116,train,12-13|Arts & Humanities|short,dev
10101170124,train,12-13|Arts & Humanities|short,train
20300420010,train,12-13|Arts & Humanities|short,train
10100840030,train,12-13|Arts & Humanities|short,train
10300200037,dev,12-13|Arts & Humanities|short,train
20400150102,train,12-13|Arts & Humanities|short,train
10600320013,train,12-13|Arts & Humanities|short,train
30100180034,train,12-13|Arts & Humanities|short,dev
10100830036,train,12-13|Arts & Humanities|short,train
10100780028,train,12-13|Arts & Humanities|short,train
20400130002,train,12-13|Arts & Humanities|short,train
10300240056,train,12-13|Arts & Humanities|short,train
20800030066,train,12-13|Arts & Humanities|short,train
30500100056,train,12-13|Social Sciences|short,train
10400010067,train,12-13|Arts & Humanities|short,train
30100810001,test,12-13|Social Sciences|short,train
10400150031,train,12-13|Arts & Humanities|short,train
30300550069,train,12-13|Arts & Humanities|short,train
10100260072,train,12-13|Arts & Humanities|short,dev
20400410044,train,12-13|Arts & Humanities|short,train
10400050067,train,12-13|Arts & Humanities|short,train
10100050003,train,12-13|Arts & Humanities|short,dev
20500570003,train,12-13|Arts & Humanities|short,train
10100330057,train,12-13|Arts & Humanities|short,train
30100590003,train,12-13|Social Sciences|short,train
10100840022,train,12-13|Arts & Humanities|short,train
10900010212,test,12-13|Arts & Humanities|short,train
20800190051,train,12-13|Arts & Humanities|short,train
10500030005,train,12-13|Arts & Humanities|short,train
30300460004,train,12-13|Arts & Humanities|short,train
10101020022,train,12-13|Arts & Humanities|short,train
20300430009,train,12-13|Arts & Humanities|short,train
10400150063,train,12-13|Arts & Humanities|short,train
10101030048,train,12-13|Arts & Humanities|short,train
20100310017,train,12-13|Arts & Humanities|short,train
10300530031,train,12-13|Arts & Humanities|short,train
20400040094,train,12-13|Arts & Humanities|short,train
21000020044,train,12-13|Arts & Humanities|short,train
20300510027,train,12-13|Arts & Humanities|short,train
20400250001,train,12-13|Arts & Humanities|short,train
10300180039,train,12-13|Arts & Humanities|short,train
30500090065,train,12-13|Social Sciences|short,train
10101930007,train,12-13|Arts & Humanities|short,train
30100640019,train,12-13|Arts & Humanities|short,train
10101270022,train,12-13|Arts & Humanities|short,train
10500310031,train,12-13|Arts & Humanities|short,train
30500210026,train,12-13|Social Sciences|short,train
30300030010,train,12-13|Arts & Humanities|short,dev
10100700004,train,12-13|Arts & Humanities|short,train
10101160016,test,12-13|Arts & Humanities|short,train
10400010243,train,12-13|Arts & Humanities|short,train
10400290026,train,13-14|Arts & Humanities|short,train
10101670037,train,12-13|Arts & Humanities|short,train
21100130008,test,13-14|Arts & Humanities|short,train
20400130063,test,12-13|Arts & Humanities|short,train
10300590097,test,12-13|Arts & Humanities|short,train
30100930086,train,12-13|Arts & Humanities|short,train
10700030082,train,12-13|Arts & Humanities|short,train
20400470084,test,13-14|Social Sciences|short,train
20400260032,train,12-13|Arts & Humanities|short,train
10400360062,dev,12-13|Arts & Humanities|short,train
30101250013,train,12-13|Arts & Humanities|short,train
10102570011,train,15+|Arts & Humanities|short,train
20400400006,train,12-13|Arts & Humanities|short,dev
10400310099,train,12-13|Arts & Humanities|short,dev
10400070068,train,12-13|Arts & Humanities|short,train
20101350009,train,12-13|Arts & Humanities|short,train
20400150104,train,12-13|Arts & Humanities|short,train
10101620028,train,12-13|Arts & Humanities|short,train
31100180020,test,12-13|Arts & Humanities|short,train
10101020013,train,12-13|Arts & Humanities|short,train
20400490038,train,12-13|Arts & Humanities|short,train
30500100077,train,14-15|Social Sciences|short,train
10101730017,train,12-13|Arts & Humanities|short,train
10400370071,train,12-13|Arts & Humanities|short,train
10100190010,dev,12-13|Arts & Humanities|short,dev
10101020016,train,12-13|Arts & Humanities|short,train
10101840038,train,12-13|Arts & Humanities|short,train
31100200024,train,12-13|Arts & Humanities|short,train
10500260023,train,12-13|Arts & Humanities|short,train
20400250092,train,14-15|Arts & Humanities|short,train
10600310005,train,12-13|Arts & Humanities|short,train
30300650037,train,12-13|Arts & Humanities|short,train
20400160052,train,12-13|Arts & Humanities|short,dev
10100760066,train,12-13|Arts & Humanities|short,train
10600280007,train,12-13|Arts & Humanities|short,train
30500240061,dev,13-14|Arts & Humanities|short,train
30100980006,dev,12-13|Social Sciences|short,train
30500190021,train,12-13|Social Sciences|short,train
20800170072,train,12-13|Arts & Humanities|short,train
10900010388,train,12-13|Arts & Humanities|short,train
10400110186,train,12-13|Social Sciences|short,dev
10101170009,train,12-13|Arts & Humanities|short,train
20400530038,train,12-13|Social Sciences|short,train
10400110011,dev,12-13|Social Sciences|short,dev
10100860031,train,12-13|Arts & Humanities|short,train
10300320001,train,12-13|Arts & Humanities|short,train
30100210005,train,12-13|STEM|short,train
10101030032,train,12-13|Arts & Humanities|short,train
10101240004,train,12-13|Arts & Humanities|short,train
10400390035,train,12-13|Arts & Humanities|short,dev
10400370145,train,12-13|Arts & Humanities|short,train
30100830027,train,12-13|Social Sciences|short,train
30300670032,train,12-13|Arts & Humanities|short,train
10600090004,train,12-13|Arts & Humanities|short,train
30300550037,train,12-13|Arts & Humanities|short,train
10100820009,train,12-13|Arts & Humanities|short,train
10400380030,test,12-13|Arts & Humanities|short,train
10400180009,train,13-14|Arts & Humanities|short,train
10100570047,train,12-13|Arts & Humanities|short,train
10400420140,train,12-13|Arts & Humanities|short,train
20800090098,train,12-13|Arts & Humanities|short,train
30300480003,train,12-13|Arts & Humanities|short,train
10102000032,train,12-13|Arts & Humanities|short,train
11100010094,train,12-13|Arts & Humanities|short,dev
20100560006,train,12-13|Arts & Humanities|short,train
20400090099,train,12-13|Social Sciences|short,train
20800190071,test,12-13|Arts & Humanities|short,train
10500210032,train,12-13|Arts & Humanities|short,train
10500560023,train,12-13|Arts & Humanities|short,train
10400030197,train,12-13|Arts & Humanities|short,train
10500480013,train,12-13|Arts & Humanities|short,train
10400310067,train,12-13|Arts & Humanities|short,dev
10102820010,test,12-13|Arts & Humanities|short,train
30500210014,train,12-13|Social Sciences|short,train
10500410002,train,12-13|Arts & Humanities|short,train
10100960016,train,12-13|Arts & Humanities|short,train
30300030060,train,12-13|Arts & Humanities|short,dev
20400310063,train,12-13|Arts & Humanities|short,train
10100340001,train,12-13|Arts & Humanities|short,train
10400110130,train,12-13|Social Sciences|short,dev
30500240076,train,12-13|Arts & Humanities|short,train
21100130028,train,12-13|Arts & Humanities|short,train
20100170017,train,12-13|Social Sciences|short,train
20100130027,train,12-13|Social Sciences|short,dev
20100400005,dev,12-13|Social Sciences|short,train
20400440109,train,12-13|Arts & Humanities|short,train
30100800019,train,12-13|Arts & Humanities|short,train
10102660001,dev,12-13|Arts & Humanities|short,train
10100800011,test,12-13|Arts & Humanities|short,train
10100590058,train,12-13|Arts & Humanities|short,train
30100360020,train,12-13|Arts & Humanities|short,train
20400090043,train,12-13|Social Sciences|short,train
10100510064,train,12-13|Arts & Humanities|short,train
10400110078,train,12-13|Social Sciences|short,dev
10500160022,train,12-13|Arts & Humanities|short,train
30100010001,train,12-13|Arts & Humanities|short,dev
20300020022,train,13-14|Arts & Humanities|short,dev
20800090084,train,12-13|Arts & Humanities|short,train
20800020071,train,12-13|Arts & Humanities|short,train
10100070017,dev,12-13|Arts & Humanities|short,dev
10100560083,train,12-13|Arts & Humanities|short,train
10800140001,train,12-13|Arts & Humanities|short,train
10400010069,train,12-13|Arts & Humanities|short,train
10900010046,train,12-13|Arts & Humanities|short,train
10102180004,test,12-13|Arts & Humanities|short,train
10900010007,train,12-13|Arts & Humanities|short,train
10100100016,train,12-13|Arts & Humanities|short,dev
21000030022,train,12-13|Arts & Humanities|short,train
10500400046,train,12-13|Arts & Humanities|short,train
20300540100,train,13-14|Arts & Humanities|short,train
10400100018,dev,12-13|Social Sciences|short,dev
20700700002,dev,12-13|Arts & Humanities|short,train
10700030089,train,12-13|Arts & Humanities|short,train
10900010030,dev,12-13|Arts & Humanities|short,train
30100550013,train,12-13|Social Sciences|short,train
21100100011,dev,12-13|Arts & Humanities|short,train
20400160070,dev,12-13|Arts & Humanities|short,dev
10500490065,train,12-13|Arts & Humanities|short,train
10101260039,dev,12-13|Arts & Humanities|short,train
30400170001,train,14-15|Social Sciences|short,train
10400370082,train,13-14|Arts & Humanities|short,train
21100100023,train,12-13|Arts & Humanities|short,train
20400410095,test,12-13|Arts & Humanities|short,train
10800110004,dev,12-13|Arts & Humanities|short,train
30300300012,train,12-13|Arts & Humanities|short,train
10101670034,train,12-13|Arts & Humanities|short,train
20101340041,dev,12-13|STEM|short,train
10600050011,train,13-14|Arts & Humanities|short,train
20800030035,train,12-13|Arts & Humanities|short,train
10300470015,test,12-13|Arts & Humanities|short,train
10900010252,test,12-13|Arts & Humanities|short,train
10400370140,train,12-13|Arts & Humanities|short,train
10300590005,train,12-13|Arts & Humanities|short,train
10400100111,dev,12-13|Social Sciences|short,dev
30300330004,train,12-13|Social Sciences|short,train
10101950028,train,12-13|Arts & Humanities|short,train
30300630028,train,12-13|Arts & Humanities|short,train
10300370001,train,12-13|Arts & Humanities|short,train
10101610054,train,12-13|Arts & Humanities|short,train
10100820049,train,12-13|Arts & Humanities|short,train
10100590024,train,12-13|Arts & Humanities|short,train
10102760006,dev,12-13|Arts & Humanities|short,train
10102140006,train,12-13|Arts & Humanities|short,train
20300110041,test,12-13|Arts & Humanities|short,train
10800050008,dev,12-13|Arts & Humanities|short,train
20800050022,test,12-13|Arts & Humanities|short,train
10100720024,dev,12-13|Arts & Humanities|short,train
20800170061,train,12-13|Arts & Humanities|short,train
10600240011,train,12-13|Arts & Humanities|short,train
30500260058,train,12-13|Arts & Humanities|short,dev
10800010010,train,12-13|Arts & Humanities|short,train
10400450105,train,12-13|Social Sciences|short,train
20100160020,train,12-13|STEM|short,dev
31100080059,train,12-13|Arts & Humanities|short,train
10100260089,train,12-13|Arts & Humanities|short,dev
10102690026,train,12-13|Arts & Humanities|short,train
10400350045,train,12-13|Social Sciences|short,train
20300240041,train,12-13|Arts & Humanities|short,train
10400420037,train,12-13|Arts & Humanities|short,train
10900010321,train,12-13|Arts & Humanities|short,train
20100430023,train,12-13|Arts & Humanities|short,train
10101830015,train,12-13|Arts & Humanities|short,train
10101910017,dev,12-13|Arts & Humanities|short,train
30100930047,train,12-13|Arts & Humanities|short,train
30500280050,train,12-13|Social Sciences|short,train
20101010015,train,12-13|Arts & Humanities|short,train
10900010345,train,12-13|Arts & Humanities|short,train
20800020040,train,12-13|Arts & Humanities|short,train
10500490058,train,12-13|Arts & Humanities|short,train
10900010364,train,12-13|Arts & Humanities|short,train
30100750013,train,14-15|Arts & Humanities|short,train
10101170173,test,12-13|Arts & Humanities|short,train
20800030092,train,12-13|Arts & Humanities|short,train
10100760029,dev,12-13|Arts & Humanities|short,train
10400090091,train,12-13|Social Sciences|short,train
10800020003,train,12-13|Arts & Humanities|short,train
10101170062,train,12-13|Arts & Humanities|short,train
10101430009,test,12-13|Arts & Humanities|short,train
10300590102,dev,12-13|Arts & Humanities|short,train
10600220007,dev,12-13|Arts & Humanities|short,train
31100070018,train,12-13|Arts & Humanities|short,train
10400290081,train,12-13|Arts & Humanities|short,train
10600210003,train,12-13|Arts & Humanities|short,train
31100190027,train,12-13|Arts & Humanities|short,train
10400380022,train,12-13|Arts & Humanities|short,train
20400370021,train,12-13|Arts & Humanities|short,train
20100840005,train,12-13|Social Sciences|short,train
30300660001,train,12-13|Arts & Humanities|short,train
30101360050,test,12-13|Arts & Humanities|short,train
10300180088,train,12-13|Arts & Humanities|short,train
20400020026,test,12-13|Arts & Humanities|short,train
20400310018,train,12-13|Arts & Humanities|short,train
10100380007,train,12-13|Arts & Humanities|short,train
10800140007,train,12-13|Arts & Humanities|short,train
10100300014,test,12-13|Arts & Humanities|short,train
10100150004,train,12-13|Arts & Humanities|short,dev
10102000020,train,12-13|Arts & Humanities|short,train
20400350012,train,12-13|Social Sciences|short,train
30300450034,train,12-13|STEM|short,train
20400320071,train,12-13|Arts & Humanities|short,dev
30100440013,train,12-13|Social Sciences|short,train
10300110078,train,12-13|Arts & Humanities|short,train
10400390111,train,12-13|Arts & Humanities|short,dev
20800030028,train,12-13|Arts & Humanities|short,train
10101510086,train,12-13|Arts & Humanities|short,train
20400480020,train,14-15|Social Sciences|short,dev
10400440038,test,12-13|Social Sciences|short,train
10100830028,train,12-13|Arts & Humanities|short,train
10400290067,train,12-13|Arts & Humanities|short,train
10100590039,train,12-13|Arts & Humanities|short,train
10100110019,train,12-13|Arts & Humanities|short,dev
10100240014,train,13-14|Arts & Humanities|short,dev
10400150106,train,12-13|Arts & Humanities|short,train
20400520015,train,12-13|Arts & Humanities|short,train
20400250083,train,14-15|Arts & Humanities|short,train
10102830002,train,12-13|Arts & Humanities|short,train
10101080010,train,12-13|Arts & Humanities|short,train
30300480052,train,12-13|Arts & Humanities|short,train
10100210039,train,12-13|Arts & Humanities|short,dev
10101520093,train,12-13|Arts & Humanities|short,train
10101030001,train,12-13|Arts & Humanities|short,train
10800090005,train,12-13|Arts & Humanities|short,train
20100060012,train,12-13|Social Sciences|short,dev
30500200015,train,12-13|Social Sciences|short,train
10101260059,train,12-13|Arts & Humanities|short,train
10400010059,dev,12-13|Arts & Humanities|short,train
20400110044,train,12-13|Social Sciences|short,train
20101340014,dev,12-13|STEM|short,train
10900010218,test,12-13|Arts & Humanities|short,train
30100930075,train,12-13|Arts & Humanities|short,train
20300150047,dev,12-13|Arts & Humanities|short,train
20500300008,train,12-13|Arts & Humanities|short,train
20900080039,train,12-13|Arts & Humanities|short,train
10500050002,train,12-13|Arts & Humanities|short,train
20400370022,train,14-15|Arts & Humanities|short,train
20300410002,train,12-13|Arts & Humanities|short,train
10100810058,train,12-13|Arts & Humanities|short,train
10102100056,train,12-13|Arts & Humanities|short,train
20101540009,test,12-13|Arts & Humanities|short,train
10300470006,train,12-13|Arts & Humanities|short,train
20800090088,dev,12-13|Arts & Humanities|short,train
20300410008,train,12-13|Arts & Humanities|short,train
10101680012,train,12-13|Arts & Humanities|short,train
30500260028,train,12-13|Arts & Humanities|short,dev
20400150031,train,14-15|Arts & Humanities|short,train
20400480009,dev,14-15|Social Sciences|short,dev
10100390074,train,12-13|Arts & Humanities|short,train
10300400034,train,12-13|Arts & Humanities|short,train
10400440021,train,14-15|Social Sciences|short,train
30300560001,train,12-13|Arts & Humanities|short,train
10101650025,train,12-13|Arts & Humanities|short,train
10400420006,train,12-13|Arts & Humanities|short,train
10101760001,train,12-13|Arts & Humanities|short,train
10100090025,train,12-13|Arts & Humanities|short,dev
10800150010,train,12-13|Arts & Humanities|short,train
10100340024,train,12-13|Arts & Humanities|short,train
10101170189,test,12-13|Arts & Humanities|short,train
10400390049,train,12-13|Arts & Humanities|short,dev
21000040015,train,12-13|Arts & Humanities|short,train
10100760056,train,12-13|Arts & Humanities|short,train
10102610018,train,12-13|Arts & Humanities|short,train
10100300054,train,12-13|Arts & Humanities|short,train
20400210022,train,12-13|Social Sciences|short,train
30101250010,train,12-13|Arts & Humanities|short,train
21000020019,train,12-13|Arts & Humanities|short,train
10400410110,train,12-13|Arts & Humanities|short,train
10100390020,train,12-13|Arts & Humanities|short,train
10101170072,train,12-13|Arts & Humanities|short,train
10100900042,train,12-13|Arts & Humanities|short,train
20800020079,train,12-13|Arts & Humanities|short,train
20400020040,train,12-13|Arts & Humanities|short,train
10900010210,train,12-13|Arts & Humanities|short,train
30100360021,train,12-13|Arts & Humanities|short,train
30100760023,train,12-13|Social Sciences|short,train
30500060021,train,12-13|Arts & Humanities|short,train
31100160017,train,12-13|Arts & Humanities|short,train
20300420070,train,12-13|Arts & Humanities|short,train
20101340013,train,12-13|STEM|short,train
10101360038,train,12-13|Arts & Humanities|short,train
10500370064,dev,12-13|Arts & Humanities|short,train
20400380059,train,12-13|Arts & Humanities|short,train
30101530004,train,14-15|Social Sciences|short,train
10101520107,test,12-13|Arts & Humanities|short,train
10100120037,dev,12-13|Arts & Humanities|short,dev
10800140004,dev,12-13|Arts & Humanities|short,train
20400250002,train,12-13|Arts & Humanities|short,train
10101300025,train,12-13|Arts & Humanities|short,train
20800020028,train,12-13|Arts & Humanities|short,train
10500200041,test,12-13|Arts & Humanities|short,train
10100860021,train,12-13|Arts & Humanities|short,train
10400310081,dev,12-13|Arts & Humanities|short,dev
10100110043,train,12-13|Arts & Humanities|short,dev
30100960011,train,12-13|Social Sciences|short,train
11100010014,train,12-13|Arts & Humanities|short,dev
10800090009,train,12-13|Arts & Humanities|short,train
30100360077,dev,12-13|Arts & Humanities|short,train
20500640003,dev,12-13|Arts & Humanities|short,train
10102760002,train,12-13|Arts & Humanities|short,train
10400170030,train,12-13|Arts & Humanities|short,train
20800140069,train,12-13|Arts & Humanities|short,dev
10101970071,test,12-13|Arts & Humanities|short,train
10400210002,train,12-13|Social Sciences|short,train
10300530010,train,12-13|Arts & Humanities|short,train
21100160008,test,12-13|Arts & Humanities|short,train
10100210055,train,12-13|Arts & Humanities|short,dev
30400120013,train,12-13|Social Sciences|short,train
10500050004,test,12-13|Arts & Humanities|short,train
10100620003,train,12-13|Arts & Humanities|short,train
10400050186,train,12-13|Arts & Humanities|short,train
10400450044,train,12-13|Social Sciences|short,train
10400090002,train,12-13|Social Sciences|short,train
10600250001,train,12-13|Arts & Humanities|short,train
10400130150,train,12-13|Arts & Humanities|short,train
10100110084,train,12-13|Arts & Humanities|short,dev
10600520003,train,12-13|Arts & Humanities|short,dev
30100360003,train,12-13|Arts & Humanities|short,train
10300010042,train,12-13|Arts & Humanities|short,dev
10400170141,train,12-13|Arts & Humanities|short,train
10102790029,test,12-13|Arts & Humanities|short,train
20400400015,train,12-13|Arts & Humanities|short,dev
30300310014,train,12-13|STEM|short,train
20800180012,dev,12-13|Arts & Humanities|short,train
30500190038,train,12-13|Social Sciences|short,train
20800200007,train,12-13|Arts & Humanities|short,train
10101860019,train,12-13|Arts & Humanities|short,train
10900010114,train,12-13|Arts & Humanities|short,train
10400380071,train,12-13|Arts & Humanities|short,train
21100050002,train,13-14|Arts & Humanities|short,train
30400080009,train,12-13|Social Sciences|short,train
20400580094,train,12-13|Social Sciences|short,train
10600160005,train,12-13|Arts & Humanities|short,train
20400400077,train,12-13|Arts & Humanities|short,dev
10101730070,train,12-13|Arts & Humanities|short,train
10400290070,train,12-13|Arts & Humanities|short,train
10400050032,train,12-13|Arts & Humanities|short,train
10400180002,train,12-13|Arts & Humanities|short,train
10800100020,train,12-13|Arts & Humanities|short,train
11100010050,train,12-13|Arts & Humanities|short,dev
10600450008,train,12-13|Arts & Humanities|short,train
10100360025,train,12-13|Arts & Humanities|short,train
20400130197,train,12-13|Arts & Humanities|short,train
10101360027,train,12-13|Arts & Humanities|short,train
30500270021,test,12-13|Social Sciences|short,train
20900090042,train,12-13|Arts & Humanities|short,train
20700730007,train,12-13|Arts & Humanities|short,train
10400100001,train,12-13|Social Sciences|short,dev
20300360034,train,12-13|Arts & Humanities|short,train
10102570030,test,12-13|Arts & Humanities|short,train
31100110024,test,13-14|Arts & Humanities|short,train
10102780025,train,12-13|Arts & Humanities|short,train
10600230003,dev,12-13|Arts & Humanities|short,train
10400130049,test,12-13|Arts & Humanities|short,train
10400170040,train,12-13|Arts & Humanities|short,train
10400110066,train,12-13|Social Sciences|identity,dev
10400090157,train,12-13|Social Sciences|identity,train
30100510002,train,12-13|Social Sciences|identity,train
30100410036,train,12-13|Social Sciences|identity,train
30100510001,train,12-13|Social Sciences|identity,train
30101290001,test,12-13|Social Sciences|identity,train
10400220037,train,12-13|Social Sciences|identity,dev
10201020006,train,12-13|Social Sciences|identity,train
20400530028,train,12-13|Social Sciences|identity,train
10400220036,train,12-13|Social Sciences|identity,dev
30101460022,train,12-13|Social Sciences|identity,train
10400110069,train,12-13|Social Sciences|identity,dev
10400110075,train,12-13|Social Sciences|identity,dev
30101380051,train,12-13|Social Sciences|identity,train
10400110071,train,12-13|Social Sciences|identity,dev
10201010020,train,12-13|Social Sciences|identity,train
20400220051,train,12-13|Social Sciences|identity,train
30101330037,train,12-13|Social Sciences|identity,train
10201080003,dev,12-13|Social Sciences|identity,train
30100830009,train,12-13|Social Sciences|identity,train
20400530031,train,12-13|Social Sciences|identity,train
30300120022,train,12-13|Social Sciences|identity,train
10200880012,train,12-13|Social Sciences|identity,train
20100800025,train,12-13|Social Sciences|identity,train
30101170014,train,12-13|Social Sciences|identity,train
10400090141,train,12-13|Social Sciences|identity,train
30101290044,test,12-13|Social Sciences|identity,train
10201050015,train,12-13|Social Sciences|identity,train
10400210022,dev,12-13|Social Sciences|identity,train
10400210019,train,12-13|Social Sciences|identity,train
10400210041,train,12-13|Social Sciences|identity,train
20400340070,train,12-13|Social Sciences|identity,train
20400530035,train,12-13|Social Sciences|identity,train
30101300027,train,12-13|Social Sciences|identity,train
30300120039,train,12-13|Social Sciences|identity,train
20101210035,train,12-13|Social Sciences|identity,train
30101500029,train,12-13|Social Sciences|identity,train
30100410052,train,12-13|Social Sciences|identity,train
30100410037,train,12-13|Social Sciences|identity,train
10201030018,train,12-13|Social Sciences|identity,train
10201060011,dev,12-13|Social Sciences|identity,train
10201070007,dev,12-13|Social Sciences|identity,train
10201070006,test,12-13|Social Sciences|identity,train
30101210035,train,12-13|Social Sciences|identity,train
20101380006,train,12-13|Social Sciences|identity,train
10400090145,train,12-13|Social Sciences|identity,train
10400090102,test,12-13|Social Sciences|identity,train
30101090019,train,12-13|Social Sciences|identity,train
20100120029,train,12-13|Social Sciences|identity,dev
30100020056,train,12-13|Social Sciences|identity,dev
10400330076,dev,12-13|Social Sciences|identity,train
30101460005,train,12-13|Social Sciences|identity,train
30300130046,train,12-13|Social Sciences|identity,train
10400110185,train,12-13|Social Sciences|identity,dev
10201030009,train,12-13|Social Sciences|identity,train
10201050020,train,12-13|Social Sciences|identity,train
10400110153,train,12-13|Social Sciences|identity,dev
10201040002,train,12-13|Social Sciences|identity,train
30101500012,train,12-13|Social Sciences|identity,train
10400210023,train,12-13|Social Sciences|identity,train
10400090045,train,12-13|Social Sciences|identity,train
10200840011,train,12-13|Social Sciences|identity,train
20101080036,train,12-13|Social Sciences|identity,train
30101540026,train,12-13|Social Sciences|identity,train
30101290043,train,12-13|Social Sciences|identity,train
10201020001,train,12-13|Social Sciences|identity,train
20100730032,test,12-13|Social Sciences|identity,train
30101210048,train,12-13|Social Sciences|identity,train
30101340015,train,12-13|Social Sciences|identity,train
10400120009,train,12-13|Social Sciences|identity,dev
20101640015,train,12-13|Social Sciences|identity,train
20400090059,test,12-13|Social Sciences|identity,train
10400220017,train,12-13|Social Sciences|identity,dev
10400230026,train,12-13|Social Sciences|identity,train
10400220033,train,12-13|Social Sciences|identity,dev
10200880007,train,12-13|Social Sciences|identity,train
10201030008,train,12-13|Social Sciences|identity,train
10201050007,train,12-13|Social Sciences|identity,train
10201050018,test,12-13|Social Sciences|identity,train
10400120052,train,12-13|Social Sciences|identity,dev
20101580051,train,12-13|Social Sciences|identity,train
30101390022,train,12-13|Social Sciences|identity,train
30101230011,train,12-13|Social Sciences|identity,train
30101370027,train,12-13|Social Sciences|identity,train
30101590039,train,12-13|Social Sciences|identity,train
10400120006,train,12-13|Social Sciences|identity,dev
10201030010,train,12-13|Social Sciences|identity,train
10400110158,train,12-13|Social Sciences|identity,dev
10400120019,dev,12-13|Social Sciences|identity,dev
30101330007,dev,12-13|Social Sciences|identity,train
10400120018,train,12-13|Social Sciences|identity,dev
20101580025,train,12-13|Social Sciences|identity,train
30101500015,train,12-13|Social Sciences|identity,train
10201070020,train,12-13|Social Sciences|identity,train
10201080002,train,12-13|Social Sciences|identity,train
30100550016,test,12-13|Social Sciences|identity,train
30101090025,train,12-13|Social Sciences|identity,train
30300130044,train,12-13|Social Sciences|identity,train
10201070016,test,12-13|Social Sciences|identity,train
30100670058,train,12-13|Social Sciences|identity,train
30101290022,dev,12-13|Social Sciences|identity,train
10201060005,test,12-13|Social Sciences|identity,train
10201070005,test,12-13|Social Sciences|identity,train
30100410017,train,12-13|Social Sciences|identity,train
30100030002,train,12-13|Social Sciences|identity,dev
10400210007,test,12-13|Social Sciences|identity,train
30101390017,train,12-13|Social Sciences|identity,train
10400100022,dev,12-13|Social Sciences|identity,dev
10400120105,train,12-13|Social Sciences|identity,dev
30100100029,train,12-13|Social Sciences|identity,dev
30100660053,train,12-13|Social Sciences|identity,train
20101580003,train,12-13|Social Sciences|identity,train
10400210010,train,12-13|Social Sciences|identity,train
30101330044,test,12-13|Social Sciences|identity,train
20400340069,train,12-13|Social Sciences|identity,train
30100590008,train,12-13|Social Sciences|identity,train
30500200026,train,12-13|Social Sciences|identity,train
30100830008,train,12-13|Social Sciences|identity,train
10201040001,train,12-13|Social Sciences|identity,train
10201050016,train,12-13|Social Sciences|identity,train
10400090144,train,12-13|Social Sciences|identity,train
10400090162,train,12-13|Social Sciences|identity,train
10400110154,train,12-13|Social Sciences|identity,dev
10400220045,dev,12-13|Social Sciences|identity,dev
20101210032,train,12-13|Social Sciences|identity,train
10400220057,train,12-13|Social Sciences|identity,dev
10201010019,train,12-13|Social Sciences|identity,train
30100110042,train,12-13|Social Sciences|identity,train
10400090040,train,12-13|Social Sciences|identity,train
20101390005,dev,12-13|Social Sciences|identity,train
30100440012,train,12-13|Social Sciences|identity,train
10200840019,train,12-13|Social Sciences|identity,train
10200880017,train,12-13|Social Sciences|identity,train
20300270030,train,12-13|Social Sciences|identity,train
30100660002,train,12-13|Social Sciences|identity,train
20400340046,train,12-13|Social Sciences|identity,train
20400340051,train,12-13|Social Sciences|identity,train
20100010027,dev,12-13|Social Sciences|identity,dev
30100960050,train,12-13|Social Sciences|identity,train
30101390030,train,12-13|Social Sciences|identity,train
10400120107,train,12-13|Social Sciences|identity,dev
30100740022,train,12-13|Social Sciences|identity,train
10201060010,train,12-13|Social Sciences|identity,train
20100800024,test,12-13|Social Sciences|identity,train
10400210009,train,12-13|Social Sciences|identity,train
20101620026,train,12-13|Social Sciences|identity,train
20400350019,train,12-13|Social Sciences|identity,train
10400120041,train,12-13|Social Sciences|identity,dev
10400210120,train,12-13|Social Sciences|identity,train
20101510003,train,12-13|Social Sciences|identity,train
30101340031,test,12-13|Social Sciences|identity,train
20100120036,train,12-13|Social Sciences|identity,dev
30100150012,train,12-13|Social Sciences|identity,dev
30100140004,dev,12-13|Social Sciences|identity,dev
20100460006,train,12-13|Social Sciences|identity,train
10400090052,train,12-13|Social Sciences|identity,train
30100660007,train,12-13|Social Sciences|identity,train
20400530107,train,12-13|Social Sciences|identity,train
10201030012,train,12-13|Social Sciences|identity,train
20400100024,train,12-13|Social Sciences|identity,train
20101140011,train,12-13|Social Sciences|identity,train
30300570010,dev,12-13|Social Sciences|identity,train
20101510017,train,12-13|Social Sciences|identity,train
30500280040,train,12-13|Social Sciences|identity,train
20101110034,train,12-13|Social Sciences|identity,train
20300460025,dev,12-13|Social Sciences|identity,train
30101540060,train,12-13|Social Sciences|identity,train
30300120027,test,12-13|Social Sciences|identity,train
30101500037,train,12-13|Social Sciences|identity,train
10201070015,train,12-13|Social Sciences|identity,train
10200900017,train,12-13|Social Sciences|identity,train
30100960029,train,12-13|Social Sciences|identity,train
30101370002,train,12-13|Social Sciences|identity,train
10400120020,train,12-13|Social Sciences|identity,dev
30100770016,train,12-13|Social Sciences|identity,train
10201080015,train,12-13|Social Sciences|identity,train
30100410018,test,12-13|Social Sciences|identity,train
30300380049,train,12-13|Social Sciences|identity,train
10201070017,dev,12-13|Social Sciences|identity,train
10400120013,train,12-13|Social Sciences|identity,dev
10400120045,train,12-13|Social Sciences|identity,dev
30101330004,test,12-13|Social Sciences|identity,train
10400120047,dev,12-13|Social Sciences|identity,dev
30101460033,train,12-13|Social Sciences|identity,train
10201080010,train,12-13|Social Sciences|identity,train
20400350016,train,12-13|Social Sciences|identity,train
10200860015,train,12-13|Social Sciences|identity,train
10400090041,train,12-13|Social Sciences|identity,train
10201080006,test,12-13|Social Sciences|identity,train
30100410023,train,12-13|Social Sciences|identity,train
30101330036,train,12-13|Social Sciences|identity,train
20101590012,test,12-13|Social Sciences|identity,train
10201030019,train,12-13|Social Sciences|identity,train
10200880015,train,12-13|Social Sciences|identity,train
10200820007,train,12-13|Social Sciences|identity,train
30100760003,train,12-13|Social Sciences|identity,train
10201080005,train,12-13|Social Sciences|identity,train
20101500013,train,12-13|Social Sciences|identity,train
10400120011,train,12-13|Social Sciences|identity,dev
30100120027,train,12-13|Social Sciences|identity,dev
10201040005,train,12-13|Social Sciences|identity,train
20400340041,train,12-13|Social Sciences|identity,train
10201060007,train,12-13|Social Sciences|identity,train
20100800015,train,12-13|Social Sciences|identity,train
10400230006,train,12-13|Social Sciences|identity,train
10400330077,train,12-13|Social Sciences|identity,train
30101210042,train,12-13|Social Sciences|identity,train
10201080011,train,12-13|Social Sciences|identity,train
10400220040,train,12-13|Social Sciences|identity,dev
30100620008,train,12-13|Social Sciences|identity,train
30101540056,train,12-13|Social Sciences|identity,train
20101520005,train,12-13|Social Sciences|identity,train
10200870003,test,12-13|Social Sciences|identity,train
10400120090,train,12-13|Social Sciences|identity,dev
10400210040,train,12-13|Social Sciences|identity,train
10200840015,train,12-13|Social Sciences|identity,train
10400090047,dev,12-13|Social Sciences|identity,train
30101170057,train,12-13|Social Sciences|identity,train
10200850010,train,12-13|Social Sciences|identity,train
30101290009,train,12-13|Social Sciences|identity,train
30300570040,train,12-13|Social Sciences|identity,train
20101620010,train,12-13|Social Sciences|identity,train
10200850020,train,12-13|Social Sciences|identity,train
10201080007,train,12-13|Social Sciences|identity,train
10400110100,train,12-13|Social Sciences|identity,dev
10400120029,train,12-13|Social Sciences|identity,dev
10200920012,train,12-13|Social Sciences|identity,train
10400120014,dev,12-13|Social Sciences|identity,dev
10200860020,test,12-13|Social Sciences|identity,train
20101210012,train,12-13|Social Sciences|identity,train
10201080014,train,12-13|Social Sciences|identity,train
10201080012,train,12-13|Social Sciences|identity,train
20101360011,train,12-13|Social Sciences|identity,train
10200850009,test,12-13|Social Sciences|identity,train
10200870020,train,12-13|Social Sciences|identity,train
10201030001,train,12-13|Social Sciences|identity,train
30300380032,train,12-13|Social Sciences|identity,train
10200870001,train,12-13|Social Sciences|identity,train
10200850015,test,12-13|Social Sciences|identity,train
10200860006,train,12-13|Social Sciences|identity,train
20201090003,train,12-13|Social Sciences|identity,train
10201080008,train,12-13|Social Sciences|identity,train
30101290013,train,12-13|Social Sciences|identity,train
10201080017,train,12-13|Social Sciences|identity,train
10400120048,train,12-13|Social Sciences|identity,dev
20100390002,dev,12-13|Social Sciences|identity,train
20300290012,dev,12-13|Social Sciences|identity,train
30300600030,test,12-13|Social Sciences|identity,train
30101370014,train,12-13|Social Sciences|identity,train
20101640002,train,12-13|Social Sciences|identity,train
30400040051,dev,12-13|Social Sciences|identity,train
20101680010,train,12-13|Social Sciences|identity,train
10200880005,train,12-13|Social Sciences|identity,train
10200860011,train,12-13|Social Sciences|identity,train
10201080004,train,12-13|Social Sciences|identity,train
10200880016,train,12-13|Social Sciences|identity,train
30100600051,dev,12-13|Social Sciences|identity,train
30500200047,train,12-13|Social Sciences|identity,train
30101530009,train,12-13|Social Sciences|identity,train
30101290041,train,12-13|Social Sciences|identity,train
10200850013,train,12-13|Social Sciences|identity,train
10201070018,train,12-13|Social Sciences|identity,train
20101330013,test,12-13|Social Sciences|identity,train
10200900019,train,12-13|Social Sciences|identity,train
10200900012,train,12-13|Social Sciences|identity,train
10200870006,train,12-13|Social Sciences|identity,train
20100630017,train,12-13|Social Sciences|identity,train
10400090042,train,12-13|Social Sciences|identity,train
10201030020,train,12-13|Social Sciences|identity,train
10201010002,train,12-13|Social Sciences|identity,train
20101580011,train,12-13|Social Sciences|identity,train
10201080016,train,12-13|Social Sciences|identity,train
10200920011,train,12-13|Social Sciences|identity,train
10400090039,train,12-13|Social Sciences|identity,train
30101290047,dev,12-13|Social Sciences|identity,train
10400210046,train,12-13|Social Sciences|identity,train
20600340008,test,12-13|Social Sciences|identity,train
10200840016,train,12-13|Social Sciences|identity,train
10400090149,train,12-13|Social Sciences|identity,train
10201020019,train,12-13|Social Sciences|identity,train
20101210015,dev,12-13|Social Sciences|identity,train
10201020020,train,12-13|Social Sciences|identity,train
30100440020,train,12-13|Social Sciences|identity,train
30101380021,train,12-13|Social Sciences|identity,train
20101390017,test,12-13|Social Sciences|identity,train
20101680027,test,12-13|Social Sciences|identity,train
30100830014,train,12-13|Social Sciences|identity,train
10201060014,train,12-13|Social Sciences|identity,train
20100900013,train,12-13|Social Sciences|identity,train
20400330024,train,12-13|Social Sciences|identity,train
30101460027,train,12-13|Social Sciences|identity,train
30101130029,test,12-13|Social Sciences|identity,train
10200880020,train,12-13|Social Sciences|identity,train
30101380016,train,12-13|Social Sciences|identity,train
30500200022,train,12-13|Social Sciences|identity,train
10400220058,train,12-13|Social Sciences|identity,dev
10200870009,train,12-13|Social Sciences|identity,train
20400530098,train,12-13|Social Sciences|identity,train
10201060001,dev,12-13|Social Sciences|identity,train
10201060004,train,12-13|Social Sciences|identity,train
20101620009,train,12-13|Social Sciences|identity,train
30101170013,test,12-13|Social Sciences|identity,train
10201030005,train,12-13|Social Sciences|identity,train
10200870002,train,12-13|Social Sciences|identity,train
30101460026,dev,12-13|Social Sciences|identity,train
10200870012,train,12-13|Social Sciences|identity,train
20101470014,test,12-13|Social Sciences|identity,train
30101460004,train,12-13|Social Sciences|identity,train
20101500003,test,12-13|Social Sciences|identity,train
10200870013,train,12-13|Social Sciences|identity,train
30100100018,train,12-13|Social Sciences|identity,dev
30101170010,train,12-13|Social Sciences|identity,train
10201080019,train,12-13|Social Sciences|identity,train
30500210045,test,12-13|Social Sciences|identity,train
20400480003,dev,12-13|Social Sciences|identity,dev
30100110015,train,12-13|Social Sciences|identity,train
30100870013,train,12-13|Social Sciences|identity,train
30101460016,train,12-13|Social Sciences|identity,train
30100510016,train,12-13|Social Sciences|identity,train
10200850019,test,12-13|Social Sciences|identity,train
20100190029,dev,12-13|Social Sciences|identity,train
20101650032,test,12-13|Social Sciences|identity,train
30300380018,train,12-13|Social Sciences|identity,train
30100070016,train,12-13|Social Sciences|identity,dev
20600060002,train,12-13|Social Sciences|identity,train
10400450054,train,12-13|Social Sciences|identity,train
30300120010,train,12-13|Social Sciences|identity,train
30101180028,train,12-13|Social Sciences|identity,train
30100740003,train,12-13|Social Sciences|identity,train
10200860019,dev,12-13|Social Sciences|identity,train
20100630002,train,12-13|Social Sciences|identity,train
20100730039,train,12-13|Social Sciences|identity,train
30101390002,dev,12-13|Social Sciences|identity,train
10201020015,train,12-13|Social Sciences|identity,train
30100450014,train,12-13|Social Sciences|identity,train
30101370006,train,12-13|Social Sciences|identity,train
20400530087,train,12-13|Social Sciences|identity,train
20100840001,train,12-13|Social Sciences|identity,train
20400570017,train,12-13|Social Sciences|identity,train
20400530070,train,12-13|Social Sciences|identity,train
20101560007,test,12-13|Social Sciences|identity,train
10200820008,train,12-13|Social Sciences|identity,train
10400100049,train,12-13|Social Sciences|identity,dev
20100920024,dev,12-13|Social Sciences|identity,train
30100960005,train,12-13|Social Sciences|identity,train
30101130026,train,12-13|Social Sciences|identity,train
30100960052,train,12-13|Social Sciences|identity,train
20100630005,train,12-13|Social Sciences|identity,train
10201010003,train,12-13|Social Sciences|identity,train
10400220020,train,12-13|Social Sciences|identity,dev
20101110032,train,12-13|Social Sciences|identity,train
30101370018,train,12-13|Social Sciences|identity,train
20101110001,train,12-13|Social Sciences|identity,train
30100660009,dev,12-13|Social Sciences|identity,train
10201080013,train,12-13|Social Sciences|identity,train
30101460037,train,12-13|Social Sciences|identity,train
10200860007,train,12-13|Social Sciences|identity,train
30101460041,train,12-13|Social Sciences|identity,train
20101580052,dev,12-13|Social Sciences|identity,train
30200620018,train,12-13|Social Sciences|identity,train
20101210031,train,12-13|Social Sciences|identity,train
10400100077,train,12-13|Social Sciences|identity,dev
10400230008,dev,12-13|Social Sciences|identity,train
20100810006,train,12-13|Social Sciences|identity,train
20101580021,train,12-13|Social Sciences|identity,train
30100520027,dev,12-13|Social Sciences|identity,train
20100820008,test,12-13|Social Sciences|identity,train
30101290056,train,12-13|Social Sciences|identity,train
30101390036,train,12-13|Social Sciences|identity,train
20200560008,train,12-13|Social Sciences|identity,train
10400120026,dev,12-13|Social Sciences|identity,dev
10400100034,train,12-13|Social Sciences|identity,dev
20100270005,train,12-13|Social Sciences|identity,train
30100620041,train,12-13|Social Sciences|identity,train
10400120076,train,12-13|Social Sciences|identity,dev
20101620028,dev,12-13|Social Sciences|identity,train
30101170041,train,12-13|Social Sciences|identity,train
30400030019,train,12-13|Social Sciences|identity,train
30400130050,train,12-13|Social Sciences|identity,dev
20400340019,train,12-13|Social Sciences|identity,train
10200980001,train,12-13|Social Sciences|identity,train
20400570015,dev,12-13|Social Sciences|identity,train
30500200042,train,12-13|Social Sciences|identity,train
30101370011,train,12-13|Social Sciences|identity,train
10400350061,test,12-13|Social Sciences|identity,train
30300230023,train,12-13|Social Sciences|identity,train
10200850003,train,12-13|Social Sciences|identity,train
20100130015,train,12-13|Social Sciences|identity,dev
30101320014,train,12-13|Social Sciences|identity,train
20100410010,train,12-13|Social Sciences|identity,train
30400140066,train,12-13|Social Sciences|identity,train
10201010001,train,12-13|Social Sciences|identity,train
30100810006,train,12-13|Social Sciences|identity,train
20100950007,train,12-13|Social Sciences|identity,train
30500080022,train,12-13|Social Sciences|identity,train
20101560025,test,12-13|Social Sciences|identity,train
10200930012,dev,12-13|Social Sciences|identity,train
20200080007,train,12-13|Social Sciences|identity,dev
20101580022,train,12-13|Social Sciences|identity,train
20101250022,train,12-13|Social Sciences|identity,train
20101200004,train,12-13|Social Sciences|identity,train
20100410007,train,12-13|Social Sciences|identity,train
10400110168,train,12-13|Social Sciences|identity,dev
20200080005,dev,12-13|Social Sciences|identity,dev
30100530027,test,12-13|Social Sciences|identity,train
30400070013,train,12-13|Social Sciences|identity,train
30200250008,train,12-13|Social Sciences|identity,dev
30100160041,train,12-13|Social Sciences|identity,train
20200560006,test,12-13|Social Sciences|identity,train
30101590034,train,12-13|Social Sciences|identity,train
10200980002,train,12-13|Social Sciences|identity,train
20101590008,train,12-13|Social Sciences|identity,train
10200830008,test,12-13|Social Sciences|identity,train
20100130046,train,12-13|Social Sciences|identity,dev
30500210067,train,12-13|Social Sciences|identity,train
30500210075,test,12-13|Social Sciences|identity,train
30100530018,train,12-13|Social Sciences|identity,train
20101390027,train,12-13|Social Sciences|identity,train
30101220031,train,12-13|Social Sciences|identity,train
20400100026,train,12-13|Social Sciences|identity,train
20101580017,train,12-13|Social Sciences|identity,train
30300120041,train,12-13|Social Sciences|identity,train
30100100038,train,12-13|Social Sciences|identity,dev
20100970029,train,12-13|Social Sciences|identity,train
30100960018,test,12-13|Social Sciences|identity,train
30500110072,train,12-13|Social Sciences|identity,dev
30101170061,train,12-13|Social Sciences|identity,train
30101210028,train,12-13|Social Sciences|identity,train
20101510002,train,12-13|Social Sciences|identity,train
20200670019,train,12-13|Social Sciences|identity,train
30100100017,train,12-13|Social Sciences|identity,dev
20100630010,train,12-13|Social Sciences|identity,train
30101500004,test,12-13|Social Sciences|identity,train
20100550014,train,12-13|Social Sciences|identity,train
20101530006,train,12-13|Social Sciences|identity,train
20101430030,train,12-13|Social Sciences|identity,train
20200520007,train,12-13|Social Sciences|identity,train
20101580026,train,12-13|Social Sciences|identity,train
30400120051,train,12-13|Social Sciences|identity,train
30101590011,train,12-13|Social Sciences|identity,train
30300330014,test,12-13|Social Sciences|identity,train
20200640012,train,12-13|Social Sciences|identity,train
10200980006,train,12-13|Social Sciences|identity,train
30101370040,train,12-13|Social Sciences|identity,train
20100270001,train,12-13|Social Sciences|identity,train
20101210030,train,12-13|Social Sciences|identity,train
20201150019,train,12-13|Social Sciences|identity,train
30101370024,train,12-13|Social Sciences|identity,train
20200550016,train,12-13|Social Sciences|identity,train
10200960002,train,12-13|Social Sciences|identity,train
30101170029,train,12-13|Social Sciences|identity,train
20400580043,train,12-13|Social Sciences|identity,train
20400580102,train,12-13|Social Sciences|identity,train
10200820018,train,12-13|Social Sciences|identity,train
20101120004,dev,12-13|Social Sciences|identity,train
20201080017,train,12-13|Social Sciences|identity,train
30101500048,train,12-13|Social Sciences|identity,train
20100130040,train,12-13|Social Sciences|identity,dev
20200560004,train,12-13|Social Sciences|identity,train
30500090052,train,12-13|Social Sciences|identity,train
10400220011,dev,12-13|Social Sciences|identity,dev
30200500007,train,12-13|Social Sciences|identity,train
30500090050,train,12-13|Social Sciences|identity,train
20400110045,train,12-13|Social Sciences|identity,train
30300380042,train,12-13|Social Sciences|identity,train
20400570050,train,12-13|Social Sciences|identity,train
30100940011,dev,12-13|Social Sciences|identity,train
20101110031,train,12-13|Social Sciences|identity,train
30200590013,train,12-13|Social Sciences|identity,train
20200560016,test,12-13|Social Sciences|identity,train
30100530029,train,12-13|Social Sciences|identity,train
30101170058,test,12-13|Social Sciences|identity,train
20100630030,train,12-13|Social Sciences|identity,train
20300580055,train,12-13|Social Sciences|identity,train
30500100092,train,12-13|Social Sciences|identity,train
30101210036,test,12-13|Social Sciences|identity,train
20400580076,train,12-13|Social Sciences|identity,train
20400580105,train,12-13|Social Sciences|identity,train
20200520009,train,12-13|Social Sciences|identity,train
30100760018,train,12-13|Social Sciences|identity,train
30100100046,train,12-13|Social Sciences|identity,dev
30500110023,train,12-13|Social Sciences|identity,dev
30500080021,train,12-13|Social Sciences|identity,train
30300570018,train,12-13|Social Sciences|identity,train
30400050063,train,12-13|Social Sciences|identity,train
30100420030,train,12-13|Social Sciences|identity,train
20200620002,train,12-13|Social Sciences|identity,train
20100280020,test,12-13|Social Sciences|identity,train
10200930013,train,12-13|Social Sciences|identity,train
20600550010,train,12-13|Social Sciences|identity,train
20200090001,train,12-13|Social Sciences|identity,dev
30100620003,train,12-13|Social Sciences|identity,train
10400100064,train,12-13|Social Sciences|identity,dev
30400120017,train,12-13|Social Sciences|identity,train
30500280028,train,12-13|Social Sciences|identity,train
20100820025,train,12-13|Social Sciences|identity,train
20101330020,dev,12-13|Social Sciences|identity,train
10400220084,dev,12-13|Social Sciences|identity,dev
20300580036,train,12-13|Social Sciences|identity,train
10200830009,train,12-13|Social Sciences|identity,train
20300270040,train,12-13|Social Sciences|identity,train
30500100018,train,12-13|Social Sciences|identity,train
30200620007,dev,12-13|Social Sciences|identity,train
30101090033,train,12-13|Social Sciences|identity,train
10400330008,train,12-13|Social Sciences|identity,train
10200870011,train,12-13|Social Sciences|identity,train
10400330035,train,12-13|Social Sciences|identity,train
30101170042,train,12-13|Social Sciences|identity,train
20201080013,train,12-13|Social Sciences|identity,train
20101080010,train,12-13|Social Sciences|identity,train
10200850002,test,12-13|Social Sciences|identity,train
10400230018,train,12-13|Social Sciences|identity,train
20100630034,test,12-13|Social Sciences|identity,train
30200500015,dev,12-13|Social Sciences|identity,train
30100450022,train,12-13|Social Sciences|identity,train
20200530001,train,12-13|Social Sciences|identity,train
20200540017,train,12-13|Social Sciences|identity,train
10400110028,train,12-13|Social Sciences|identity,dev
30101090030,train,12-13|Social Sciences|identity,train
10400330078,train,12-13|Social Sciences|identity,train
20100970008,train,12-13|Social Sciences|identity,train
30100520031,dev,12-13|Social Sciences|identity,train
20300270029,test,12-13|Social Sciences|identity,train
30100760017,train,12-13|Social Sciences|identity,train
20200550019,train,12-13|Social Sciences|identity,train
30100110039,train,12-13|Social Sciences|identity,train
30101210040,train,12-13|Social Sciences|identity,train
20100190015,train,12-13|Social Sciences|identity,train
20200060002,train,12-13|Social Sciences|identity,dev
30100940018,train,12-13|Social Sciences|identity,train
30101290042,train,12-13|Social Sciences|identity,train
20200570005,test,12-13|Social Sciences|identity,train
20200570014,train,12-13|Social Sciences|identity,train
10200980009,train,12-13|Social Sciences|identity,train
20200530004,train,12-13|Social Sciences|identity,train
20200670014,test,12-13|Social Sciences|identity,train
10200900011,train,12-13|Social Sciences|identity,train
10200990002,test,12-13|Social Sciences|identity,train
20101210023,train,12-13|Social Sciences|identity,train
10200960018,train,12-13|Social Sciences|identity,train
10200960012,train,12-13|Social Sciences|identity,train
20200570011,train,12-13|Social Sciences|identity,train
30200500019,dev,12-13|Social Sciences|identity,train
10200950012,dev,12-13|Social Sciences|identity,train
10200980010,train,12-13|Social Sciences|identity,train
30200480002,test,12-13|Social Sciences|identity,train
10200980008,train,12-13|Social Sciences|identity,train
10200940019,train,12-13|Social Sciences|identity,train
20101560010,test,12-13|Social Sciences|identity,train
30200420010,train,12-13|Social Sciences|identity,train
20101390010,dev,12-13|Social Sciences|identity,train
10200990007,train,12-13|Social Sciences|identity,train
20101510020,train,12-13|Social Sciences|identity,train
30100440009,train,12-13|Social Sciences|identity,train
10200980014,train,12-13|Social Sciences|identity,train
10200960006,train,12-13|Social Sciences|identity,train
20200550013,train,12-13|Social Sciences|identity,train
10200980005,train,12-13|Social Sciences|identity,train
20200080004,dev,12-13|Social Sciences|identity,dev
10200960017,test,12-13|Social Sciences|identity,train
10200980003,train,12-13|Social Sciences|identity,train
20200570003,train,12-13|Social Sciences|identity,train
30200420015,train,12-13|Social Sciences|identity,train
20201110020,test,12-13|Social Sciences|identity,train
10200950020,train,12-13|Social Sciences|identity,train
10200970020,train,12-13|Social Sciences|identity,train
20200680006,train,12-13|Social Sciences|identity,train
20201140016,train,12-13|Social Sciences|identity,train
30100400016,test,12-13|Social Sciences|identity,train
10200950002,train,12-13|Social Sciences|identity,train
30500110016,train,12-13|Social Sciences|identity,dev
10200870017,train,12-13|Social Sciences|identity,train
30200700018,test,12-13|Social Sciences|identity,train
10200940018,train,12-13|Social Sciences|identity,train
20201120004,train,12-13|Social Sciences|identity,train
10200930016,test,12-13|Social Sciences|identity,train
10201000014,dev,12-13|Social Sciences|identity,train
20200690010,train,12-13|Social Sciences|identity,train
30200420009,train,12-13|Social Sciences|identity,train
20201140002,train,12-13|Social Sciences|identity,train
20200080008,train,12-13|Social Sciences|identity,dev
30200630008,train,12-13|Social Sciences|identity,train
30200420016,train,12-13|Social Sciences|identity,train
20200680004,train,12-13|Social Sciences|identity,train
30200250006,train,12-13|Social Sciences|identity,dev
10200870004,train,12-13|Social Sciences|identity,train
20201140017,train,12-13|Social Sciences|identity,train
10200980020,train,12-13|Social Sciences|identity,train
10200980007,train,12-13|Social Sciences|identity,train
10201000011,train,12-13|Social Sciences|identity,train
10200980015,dev,12-13|Social Sciences|identity,train
20200670017,train,12-13|Social Sciences|identity,train
10200970016,train,12-13|Social Sciences|identity,train
30200690002,train,12-13|Social Sciences|identity,train
30100530035,train,12-13|Social Sciences|identity,train
10200960007,test,12-13|Social Sciences|identity,train
20200080009,dev,12-13|Social Sciences|identity,dev
20200550014,train,12-13|Social Sciences|identity,train
30100760028,dev,12-13|Social Sciences|identity,train
20201150003,test,12-13|Social Sciences|identity,train
10200950006,train,12-13|Social Sciences|identity,train
20101390006,train,12-13|Social Sciences|identity,train
20400100017,train,12-13|Social Sciences|identity,train
10200970006,train,12-13|Social Sciences|identity,train
20200550015,train,12-13|Social Sciences|identity,train
10201000009,train,12-13|Social Sciences|identity,train
10200860017,train,12-13|Social Sciences|identity,train
20200670007,test,12-13|Social Sciences|identity,train
20100490001,train,12-13|Social Sciences|identity,train
30200630005,train,12-13|Social Sciences|identity,train
20201090017,train,12-13|Social Sciences|identity,train
10200950010,test,12-13|Social Sciences|identity,train
30101180026,dev,12-13|Social Sciences|identity,train
10200950019,train,12-13|Social Sciences|identity,train
10200860001,train,12-13|Social Sciences|identity,train
20201160006,dev,12-13|Social Sciences|identity,train
20201150008,train,12-13|Social Sciences|identity,train
30200630004,train,12-13|Social Sciences|identity,train
30200700019,train,12-13|Social Sciences|identity,train
10201050002,train,12-13|Social Sciences|identity,train
20201150005,train,12-13|Social Sciences|identity,train
10200940005,train,12-13|Social Sciences|identity,train
20201130007,train,12-13|Social Sciences|identity,train
20201140013,train,12-13|Social Sciences|identity,train
20100810025,test,12-13|Social Sciences|identity,train
30200570001,train,12-13|Social Sciences|identity,train
10201040018,dev,12-13|Social Sciences|identity,train
20200670018,train,12-13|Social Sciences|identity,train
20200090011,train,12-13|Social Sciences|identity,dev
20100510001,train,12-13|Social Sciences|identity,dev
20200090005,train,12-13|Social Sciences|identity,dev
20200570009,train,12-13|Social Sciences|identity,train
10200930014,train,12-13|Social Sciences|identity,train
20101520001,train,12-13|Social Sciences|identity,train
30100520037,train,12-13|Social Sciences|identity,train
30200250011,dev,12-13|Social Sciences|identity,dev
20200080014,train,12-13|Social Sciences|identity,dev
20200600016,train,12-13|Social Sciences|identity,train
10201040015,train,12-13|Social Sciences|identity,train
30200580001,train,12-13|Social Sciences|identity,train
30100670053,test,12-13|Social Sciences|identity,train
20200600009,test,12-13|Social Sciences|identity,train
10200950009,train,12-13|Social Sciences|identity,train
20201100007,train,12-13|Social Sciences|identity,train
20200600014,train,12-13|Social Sciences|identity,train
10200940020,train,12-13|Social Sciences|identity,train
30200410014,train,12-13|Social Sciences|identity,train
30100140021,train,12-13|Social Sciences|identity,dev
30200630007,train,12-13|Social Sciences|identity,train
30200430016,train,12-13|Social Sciences|identity,train
10201040013,train,12-13|Social Sciences|identity,train
20200560011,test,12-13|Social Sciences|identity,train
10200970015,train,12-13|Social Sciences|identity,train
20200590009,train,12-13|Social Sciences|identity,train
30200470012,train,12-13|Social Sciences|identity,train
30200470013,train,12-13|Social Sciences|identity,train
30200470014,test,12-13|Social Sciences|identity,train
30200470015,test,12-13|Social Sciences|identity,train
10201040019,train,12-13|Social Sciences|identity,train
10200970017,test,12-13|Social Sciences|identity,train
10200980019,train,12-13|Social Sciences|identity,train
20200090003,train,12-13|Social Sciences|identity,dev
20200110002,train,12-13|Social Sciences|identity,dev
20200690007,train,12-13|Social Sciences|identity,train
10200950008,train,12-13|Social Sciences|identity,train
20200090010,train,12-13|Social Sciences|identity,dev
10201080026,test,12-13|Social Sciences|identity,train
20201110016,test,12-13|Social Sciences|identity,train
30200250015,dev,12-13|Social Sciences|identity,dev
30200910016,train,12-13|Social Sciences|identity,train
10201040017,test,12-13|Social Sciences|identity,train
20201160002,train,12-13|Social Sciences|identity,train
10200950001,train,12-13|Social Sciences|identity,train
20200550009,train,12-13|Social Sciences|identity,train
20200060007,dev,12-13|Social Sciences|identity,dev
20201140009,dev,12-13|Social Sciences|identity,train
30200550006,dev,12-13|Social Sciences|identity,train
30101190009,train,12-13|Social Sciences|identity,train
20200690005,train,12-13|Social Sciences|identity,train
30200590005,train,12-13|Social Sciences|identity,train
30200550014,train,12-13|Social Sciences|identity,train
30400020029,train,12-13|Social Sciences|identity,train
20201140020,train,12-13|Social Sciences|identity,train
30200550016,train,12-13|Social Sciences|identity,train
30200590004,train,12-13|Social Sciences|identity,train
30200490014,train,12-13|Social Sciences|identity,train
20101500009,train,12-13|Social Sciences|identity,train
10201000017,train,12-13|Social Sciences|identity,train
20200670002,train,12-13|Social Sciences|identity,train
20200570016,train,12-13|Social Sciences|identity,train
20400110024,train,12-13|Social Sciences|identity,train
10200950004,train,12-13|Social Sciences|identity,train
20200100006,dev,12-13|Social Sciences|identity,dev
30200550007,train,12-13|Social Sciences|identity,train
20200590002,train,12-13|Social Sciences|identity,train
10200990008,train,12-13|Social Sciences|identity,train
10200950014,train,12-13|Social Sciences|identity,train
20200590019,train,12-13|Social Sciences|identity,train
10200960003,test,12-13|Social Sciences|identity,train
30200510014,train,12-13|Social Sciences|identity,train
30200510015,train,12-13|Social Sciences|identity,train
30200510016,train,12-13|Social Sciences|identity,train
30200480008,train,12-13|Social Sciences|identity,train
10200980011,train,12-13|Social Sciences|identity,train
10200990005,train,12-13|Social Sciences|identity,train
10200980016,train,12-13|Social Sciences|identity,train
30200520006,train,12-13|Social Sciences|identity,train
10200980018,dev,12-13|Social Sciences|identity,train
10200980012,train,12-13|Social Sciences|identity,train
10200870014,train,12-13|Social Sciences|identity,train
20101650002,train,12-13|Social Sciences|identity,train
30200490013,test,12-13|Social Sciences|identity,train
20201120001,train,12-13|Social Sciences|identity,train
10200970013,train,12-13|Social Sciences|identity,train
20201150013,train,12-13|Social Sciences|identity,train
30200700017,train,12-13|Social Sciences|identity,train
20101230021,train,12-13|Social Sciences|identity,train
30200700012,train,12-13|Social Sciences|identity,train
30200700013,train,12-13|Social Sciences|identity,train
10200990006,train,12-13|Social Sciences|identity,train
10200940001,train,12-13|Social Sciences|identity,train
20201160003,dev,12-13|Social Sciences|identity,train
20201080003,train,12-13|Social Sciences|identity,train
20201150009,train,12-13|Social Sciences|identity,train
30200440015,train,12-13|Social Sciences|identity,train
20200620011,train,12-13|Social Sciences|identity,train
30200470018,train,12-13|Social Sciences|identity,train
30200570002,dev,12-13|Social Sciences|identity,train
20201160010,train,12-13|Social Sciences|identity,train
20201120006,dev,12-13|Social Sciences|identity,train
10200980017,train,12-13|Social Sciences|identity,train
10201040014,train,12-13|Social Sciences|identity,train
30200480007,train,12-13|Social Sciences|identity,train
10200830005,train,12-13|Social Sciences|identity,train
20100350013,train,12-13|Social Sciences|identity,train
20200680011,train,12-13|Social Sciences|identity,train
10200950005,train,12-13|Social Sciences|identity,train
30100490045,train,12-13|STEM|identity,train
30101660001,test,12-13|STEM|identity,train
30100860021,train,12-13|STEM|identity,train
30300500031,train,12-13|STEM|identity,train
30100680004,train,12-13|STEM|identity,train
30300450018,train,12-13|STEM|identity,train
30100570010,train,12-13|STEM|identity,train
20600370008,train,12-13|STEM|identity,train
30100050050,train,12-13|STEM|identity,dev
30300040022,train,12-13|STEM|identity,train
30100210007,train,12-13|STEM|identity,train
30100490003,test,12-13|STEM|identity,train
30300100007,train,12-13|STEM|identity,train
30300500030,train,12-13|STEM|identity,train
10200130010,train,12-13|STEM|identity,dev
10200680009,train,12-13|STEM|identity,train
10200680010,train,12-13|STEM|identity,train
20101130034,test,12-13|STEM|identity,train
30300090020,train,12-13|STEM|identity,train
20101130016,train,12-13|STEM|identity,train
10200690017,train,12-13|STEM|identity,train
20600390007,dev,12-13|STEM|identity,train
20600240009,train,12-13|STEM|identity,train
10200680011,train,12-13|STEM|identity,train
30100490004,train,12-13|STEM|identity,train
30300500032,train,12-13|STEM|identity,train
30100050047,train,12-13|STEM|identity,dev
30101660013,test,12-13|STEM|identity,train
30100650008,train,12-13|STEM|identity,train
30300270041,dev,12-13|STEM|identity,train
30101660040,train,12-13|STEM|identity,train
30300500045,train,12-13|STEM|identity,train
30300500003,train,12-13|STEM|identity,train
30300500041,train,12-13|STEM|identity,train
20101060026,dev,12-13|STEM|identity,train
30300500029,train,12-13|STEM|identity,train
20100040041,dev,12-13|STEM|identity,dev
20100880007,train,12-13|STEM|identity,train
30100490008,train,12-13|STEM|identity,train
30300080035,train,12-13|STEM|identity,dev
20600190007,train,12-13|STEM|identity,train
30100900034,train,12-13|STEM|identity,train
30300270006,dev,12-13|STEM|identity,train
30300040024,test,12-13|STEM|identity,train
30100480020,train,12-13|STEM|identity,dev
30300500020,test,12-13|STEM|identity,train
30100490038,train,12-13|STEM|identity,train
30300140008,train,12-13|STEM|identity,train
30100680058,train,12-13|STEM|identity,train
20100700047,train,12-13|STEM|identity,train
20101170009,train,12-13|STEM|identity,train
10200680018,train,12-13|STEM|identity,train
10200130016,dev,12-13|STEM|identity,dev
30100650014,test,12-13|STEM|identity,train
30100210038,train,12-13|STEM|identity,train
30100490036,train,12-13|STEM|identity,train
10200680007,train,12-13|STEM|identity,train
20100700015,train,12-13|STEM|identity,train
30300090009,train,12-13|STEM|identity,train
30101660016,train,12-13|STEM|identity,train
20100870031,train,12-13|STEM|identity,train
20600420009,train,12-13|STEM|identity,train
20100700016,test,12-13|STEM|identity,train
30100900004,dev,12-13|STEM|identity,train
10200680012,train,12-13|STEM|identity,train
10200600007,test,12-13|STEM|identity,train
10200700002,train,12-13|STEM|identity,train
10200770017,test,12-13|STEM|identity,train
30300310030,train,12-13|STEM|identity,train
30101660031,train,12-13|STEM|identity,train
10200700027,train,12-13|STEM|identity,train
10200700001,train,12-13|STEM|identity,train
30100650010,train,12-13|STEM|identity,train
30100650034,train,12-13|STEM|identity,train
30101050023,train,12-13|STEM|identity,train
20101130031,dev,12-13|STEM|identity,train
30100650003,train,12-13|STEM|identity,train
30300200030,train,12-13|STEM|identity,dev
10200690010,train,12-13|STEM|identity,train
30101580036,train,12-13|STEM|identity,train
10200670007,train,12-13|STEM|identity,train
30101580011,train,12-13|STEM|identity,train
10200630010,train,12-13|STEM|identity,train
30101580039,train,12-13|STEM|identity,train
10200100017,train,12-13|STEM|identity,dev
30101520045,test,12-13|STEM|identity,train
20201390014,train,12-13|STEM|identity,train
30300090042,train,12-13|STEM|identity,train
30100860011,test,12-13|STEM|identity,train
10200650005,train,12-13|STEM|identity,train
30300450045,train,12-13|STEM|identity,train
10200590002,train,12-13|STEM|identity,train
10200700021,train,12-13|STEM|identity,train
10200640011,dev,12-13|STEM|identity,train
10200650003,test,12-13|STEM|identity,train
30101610015,train,12-13|STEM|identity,train
30101660051,train,12-13|STEM|identity,train
30100790051,train,12-13|STEM|identity,train
10200600010,train,12-13|STEM|identity,train
10200680020,train,12-13|STEM|identity,train
30100650020,train,12-13|STEM|identity,train
30300090008,train,12-13|STEM|identity,train
10200620012,train,12-13|STEM|identity,train
30100560028,train,12-13|STEM|identity,train
20101170010,train,12-13|STEM|identity,train
10200670010,train,12-13|STEM|identity,train
20201290009,dev,12-13|STEM|identity,train
10200100001,train,12-13|STEM|identity,dev
10200690019,train,12-13|STEM|identity,train
10200800019,train,12-13|STEM|identity,train
20200120004,train,12-13|STEM|identity,dev
20201310002,test,12-13|STEM|identity,train
30300500035,train,12-13|STEM|identity,train
20201340018,train,12-13|STEM|identity,train
30100650022,train,12-13|STEM|identity,train
10200630011,train,12-13|STEM|identity,train
10200670001,train,12-13|STEM|identity,train
20600420008,train,12-13|STEM|identity,train
20201240007,train,12-13|STEM|identity,train
10200590003,train,12-13|STEM|identity,train
20201280018,train,12-13|STEM|identity,train
30100900032,train,12-13|STEM|identity,train
30101580038,train,12-13|STEM|identity,train
30101520041,train,12-13|STEM|identity,train
10200730018,train,12-13|STEM|identity,train
20201340015,train,12-13|STEM|identity,train
10200670009,train,12-13|STEM|identity,train
10200700012,train,12-13|STEM|identity,train
30100650026,train,12-13|STEM|identity,train
30100490035,train,12-13|STEM|identity,train
10200650004,train,12-13|STEM|identity,train
10200650010,train,12-13|STEM|identity,train
20100040029,dev,12-13|STEM|identity,dev
30100490041,train,12-13|STEM|identity,train
10200700014,train,12-13|STEM|identity,train
10200670004,train,12-13|STEM|identity,train
30101520036,train,12-13|STEM|identity,train
30300450056,dev,12-13|STEM|identity,train
10200780002,train,12-13|STEM|identity,train
30300040037,train,12-13|STEM|identity,train
30100650011,train,12-13|STEM|identity,train
10200700005,train,12-13|STEM|identity,train
10200780001,dev,12-13|STEM|identity,train
10200710006,train,12-13|STEM|identity,train
10200800014,train,12-13|STEM|identity,train
10200610005,train,12-13|STEM|identity,train
10200730017,train,12-13|STEM|identity,train
10200640020,dev,12-13|STEM|identity,train
20201290016,train,12-13|STEM|identity,train
20201310006,train,12-13|STEM|identity,train
10200610003,train,12-13|STEM|identity,train
10200780017,train,12-13|STEM|identity,train
10200750002,train,12-13|STEM|identity,train
20201310004,train,12-13|STEM|identity,train
10200640019,train,12-13|STEM|identity,train
10200110013,train,12-13|STEM|identity,dev
10200660014,train,12-13|STEM|identity,train
10200660020,train,12-13|STEM|identity,train
10200790006,dev,12-13|STEM|identity,train
30101050026,test,12-13|STEM|identity,train
30300070039,test,12-13|STEM|identity,train
10200700010,train,12-13|STEM|identity,train
20201450001,train,12-13|STEM|identity,train
30101660025,dev,12-13|STEM|identity,train
30100560030,train,12-13|STEM|identity,train
10200730020,train,12-13|STEM|identity,train
20201310009,test,12-13|STEM|identity,train
20201350014,train,12-13|STEM|identity,train
10200610012,dev,12-13|STEM|identity,train
10200710018,dev,12-13|STEM|identity,train
20201350017,train,12-13|STEM|identity,train
20201250014,test,12-13|STEM|identity,train
10200660015,train,12-13|STEM|identity,train
10200810021,test,12-13|STEM|identity,train
20201310018,test,12-13|STEM|identity,train
20201250011,train,12-13|STEM|identity,train
10200790004,train,12-13|STEM|identity,train
20201350015,dev,12-13|STEM|identity,train
10200600003,train,12-13|STEM|identity,train
10200610001,test,12-13|STEM|identity,train
20201250010,train,12-13|STEM|identity,train
10200720008,train,12-13|STEM|identity,train
10200640001,train,12-13|STEM|identity,train
10200640007,train,12-13|STEM|identity,train
10200590017,train,12-13|STEM|identity,train
10200600014,train,12-13|STEM|identity,train
10200600015,train,12-13|STEM|identity,train
10200660019,test,12-13|STEM|identity,train
10200600009,test,12-13|STEM|identity,train
10200100010,train,12-13|STEM|identity,dev
10200810002,train,12-13|STEM|identity,train
20201430018,train,12-13|STEM|identity,train
10200770001,train,12-13|STEM|identity,train
10200620009,train,12-13|STEM|identity,train
20201300012,train,12-13|STEM|identity,train
10200610020,train,12-13|STEM|identity,train
10200810005,test,12-13|STEM|identity,train
10200770013,train,12-13|STEM|identity,train
10200780020,test,12-13|STEM|identity,train
10200780005,train,12-13|STEM|identity,train
10200790013,train,12-13|STEM|identity,train
10200800001,train,12-13|STEM|identity,train
10200800009,train,12-13|STEM|identity,train
10200790007,train,12-13|STEM|identity,train
10200710003,train,12-13|STEM|identity,train
10200790009,train,12-13|STEM|identity,train
10200780011,train,12-13|STEM|identity,train
10200620008,train,12-13|STEM|identity,train
20201350020,train,12-13|STEM|identity,train
10200730012,train,12-13|STEM|identity,train
20201370015,train,12-13|STEM|identity,train
20201170001,train,12-13|STEM|identity,train
20201260017,train,12-13|STEM|identity,train
20201300020,train,12-13|STEM|identity,train
20201400003,train,12-13|STEM|identity,train
20201240011,dev,12-13|STEM|identity,train
20201400004,train,12-13|STEM|identity,train
20201360014,train,12-13|STEM|identity,train
10200670002,train,12-13|STEM|identity,train
30200970005,train,12-13|STEM|identity,train
20201260019,train,12-13|STEM|identity,train
10200650012,train,12-13|STEM|identity,train
10200770012,test,12-13|STEM|identity,train
10200800005,train,12-13|STEM|identity,train
20201170016,train,12-13|STEM|identity,train
20201430008,dev,12-13|STEM|identity,train
10200750013,dev,12-13|STEM|identity,train
10200710007,train,12-13|STEM|identity,train
10200650017,train,12-13|STEM|identity,train
10200720012,train,12-13|STEM|identity,train
20201240017,dev,12-13|STEM|identity,train
10200790020,train,12-13|STEM|identity,train
20201220019,dev,12-13|STEM|identity,train
10200790018,train,12-13|STEM|identity,train
10200600019,train,12-13|STEM|identity,train
20201260008,train,12-13|STEM|identity,train
20201260014,train,12-13|STEM|identity,train
10200620006,train,12-13|STEM|identity,train
10200620007,train,12-13|STEM|identity,train
10200810015,train,12-13|STEM|identity,train
10200600012,test,12-13|STEM|identity,train
10200620003,train,12-13|STEM|identity,train
20201320005,train,12-13|STEM|identity,train
10200720016,train,12-13|STEM|identity,train
20200120008,train,12-13|STEM|identity,dev
10200620004,train,12-13|STEM|identity,train
20201260002,train,12-13|STEM|identity,train
20201320014,train,12-13|STEM|identity,train
10200750018,train,12-13|STEM|identity,train
10200790017,train,12-13|STEM|identity,train
10200110012,dev,12-13|STEM|identity,dev
10200790005,train,12-13|STEM|identity,train
20201270005,train,12-13|STEM|identity,train
10200800002,train,12-13|STEM|identity,train
10200630014,train,12-13|STEM|identity,train
10200640005,train,12-13|STEM|identity,train
20201370004,train,12-13|STEM|identity,train
10200790010,train,12-13|STEM|identity,train
10200800008,train,12-13|STEM|identity,train
10200790001,dev,12-13|STEM|identity,train
10200780008,train,12-13|STEM|identity,train
10200120002,train,12-13|STEM|identity,dev
20201310014,train,12-13|STEM|identity,train
20201260013,train,12-13|STEM|identity,train
10200800006,train,12-13|STEM|identity,train
10200610019,train,12-13|STEM|identity,train
20201260003,train,12-13|STEM|identity,train
20201320003,test,12-13|STEM|identity,train
20201420002,test,12-13|STEM|identity,train
30200970004,train,12-13|STEM|identity,train
20201420001,train,12-13|STEM|identity,train
30200980006,dev,12-13|STEM|identity,train
20201420007,dev,12-13|STEM|identity,train
20201250012,dev,12-13|STEM|identity,train
10200810003,train,12-13|STEM|identity,train
10200740016,test,12-13|STEM|identity,train
20201370008,train,12-13|STEM|identity,train
20201210010,test,12-13|STEM|identity,train
20201420011,train,12-13|STEM|identity,train
20201360019,train,12-13|STEM|identity,train
20201260009,train,12-13|STEM|identity,train
20201250005,test,12-13|STEM|identity,train
20201450011,train,12-13|STEM|identity,train
10200780006,train,12-13|STEM|identity,train
20201260001,train,12-13|STEM|identity,train
10200650018,train,12-13|STEM|identity,train
20201190006,train,12-13|STEM|identity,train
20200120025,train,12-13|STEM|identity,dev
20201210011,train,12-13|STEM|identity,train
10200610014,test,12-13|STEM|identity,train
30200980003,dev,12-13|STEM|identity,train
20201450013,train,12-13|STEM|identity,train
10200710011,train,12-13|STEM|identity,train
20201320002,test,12-13|STEM|identity,train
30200970016,dev,12-13|STEM|identity,train
20201450004,train,12-13|STEM|identity,train
20201460017,train,12-13|STEM|identity,train
10200610006,train,12-13|STEM|identity,train
10200660003,train,12-13|STEM|identity,train
20201260010,train,12-13|STEM|identity,train
20201320004,train,12-13|STEM|identity,train
20201190007,train,12-13|STEM|identity,train
20201200013,train,12-13|STEM|identity,train
20201390020,train,12-13|STEM|identity,train
20201320011,train,12-13|STEM|identity,train
10200610017,train,12-13|STEM|identity,train
10200650008,train,12-13|STEM|identity,train
20201190001,train,12-13|STEM|identity,train
10200720004,train,12-13|STEM|identity,train
20201430005,dev,12-13|STEM|identity,train
10200710012,train,12-13|STEM|identity,train
30200970018,train,12-13|STEM|identity,train
20201180013,train,12-13|STEM|identity,train
30200990012,train,12-13|STEM|identity,train
20201360018,train,12-13|STEM|identity,train
20201450012,test,12-13|STEM|identity,train
10200810019,train,12-13|STEM|identity,train
20201320008,train,12-13|STEM|identity,train
20201310012,train,12-13|STEM|identity,train
20201190003,train,12-13|STEM|identity,train
10200650020,train,12-13|STEM|identity,train
10200660001,train,12-13|STEM|identity,train
10200660002,train,12-13|STEM|identity,train
20201190008,dev,12-13|STEM|identity,train
20201210017,dev,12-13|STEM|identity,train
10200760004,train,12-13|STEM|identity,train
20201440004,train,12-13|STEM|identity,train
10200610010,train,12-13|STEM|identity,train
20200120002,dev,12-13|STEM|identity,dev
10200790008,train,12-13|STEM|identity,train
10200630018,train,12-13|STEM|identity,train
10200720018,dev,12-13|STEM|identity,train
10200130002,train,12-13|STEM|identity,dev
20201320006,train,12-13|STEM|identity,train
20201390018,train,12-13|STEM|identity,train
10100570051,dev,12-13|Arts & Humanities|identity,train
10101180082,train,12-13|Arts & Humanities|identity,train
10800030001,train,12-13|Arts & Humanities|identity,train
31100090009,dev,12-13|Arts & Humanities|identity,train
10100390049,dev,12-13|Arts & Humanities|identity,train
10101480002,train,12-13|Arts & Humanities|identity,train
10900010143,train,12-13|Arts & Humanities|identity,train
10900010405,train,12-13|Arts & Humanities|identity,train
20500550009,train,12-13|Arts & Humanities|identity,train
20800090102,dev,12-13|Arts & Humanities|identity,train
10400290082,test,12-13|Arts & Humanities|identity,train
20300430016,test,12-13|Arts & Humanities|identity,train
20800190017,test,12-13|Arts & Humanities|identity,train
10101510072,train,12-13|Arts & Humanities|identity,train
10300290014,train,12-13|Arts & Humanities|identity,train
10100250017,train,12-13|Arts & Humanities|identity,dev
10600520009,dev,12-13|Arts & Humanities|identity,dev
10400290055,train,12-13|Arts & Humanities|identity,train
10500250022,dev,12-13|Arts & Humanities|identity,train
20300020019,dev,12-13|Arts & Humanities|identity,dev
10100740018,train,12-13|Arts & Humanities|identity,train
20800050077,train,12-13|Arts & Humanities|identity,train
20800160094,train,12-13|Arts & Humanities|identity,train
10700010001,dev,12-13|Arts & Humanities|identity,dev
10400280067,train,12-13|Arts & Humanities|identity,train
10100350002,train,12-13|Arts & Humanities|identity,train
20300130024,dev,12-13|Arts & Humanities|identity,train
21000050032,train,12-13|Arts & Humanities|identity,train
10102850026,train,12-13|Arts & Humanities|identity,train
10300240029,train,12-13|Arts & Humanities|identity,train
10900010012,test,12-13|Arts & Humanities|identity,train
20500720020,train,12-13|Arts & Humanities|identity,train
21000060016,train,12-13|Arts & Humanities|identity,train
31100200027,train,12-13|Arts & Humanities|identity,train
10500260027,train,12-13|Arts & Humanities|identity,train
10100590101,train,12-13|Arts & Humanities|identity,train
10101310004,train,12-13|Arts & Humanities|identity,train
10500490010,train,12-13|Arts & Humanities|identity,train
20900060034,train,12-13|Arts & Humanities|identity,train
10101020005,train,12-13|Arts & Humanities|identity,train
10300040026,train,12-13|Arts & Humanities|identity,dev
10400400081,train,12-13|Arts & Humanities|identity,train
20800070058,test,12-13|Arts & Humanities|identity,train
10102750014,train,12-13|Arts & Humanities|identity,train
10400150148,train,12-13|Arts & Humanities|identity,train
20900080047,train,12-13|Arts & Humanities|identity,train
21000050018,test,12-13|Arts & Humanities|identity,train
10300050024,train,12-13|Arts & Humanities|identity,dev
10300050051,dev,12-13|Arts & Humanities|identity,dev
10300060040,dev,12-13|Arts & Humanities|identity,dev
10100110114,train,12-13|Arts & Humanities|identity,dev
20800050020,test,12-13|Arts & Humanities|identity,train
20800070007,dev,12-13|Arts & Humanities|identity,train
20900120018,train,12-13|Arts & Humanities|identity,train
10100890013,train,12-13|Arts & Humanities|identity,train
10100960062,train,12-13|Arts & Humanities|identity,train
10100370007,train,12-13|Arts & Humanities|identity,train
10101040029,train,12-13|Arts & Humanities|identity,train
10101150087,train,12-13|Arts & Humanities|identity,train
10300420051,train,12-13|Arts & Humanities|identity,train
20300430007,train,12-13|Arts & Humanities|identity,train
20900060046,train,12-13|Arts & Humanities|identity,train
30300480036,train,12-13|Arts & Humanities|identity,train
30300590035,train,12-13|Arts & Humanities|identity,train
10100260008,train,12-13|Arts & Humanities|identity,dev
10300240025,train,12-13|Arts & Humanities|identity,train
10400130156,train,12-13|Arts & Humanities|identity,train
21000040016,train,12-13|Arts & Humanities|identity,train
31100050018,train,12-13|Arts & Humanities|identity,train
10100110048,train,12-13|Arts & Humanities|identity,dev
10300310007,train,12-13|Arts & Humanities|identity,train
20800090086,test,12-13|Arts & Humanities|identity,train
10100370051,test,12-13|Arts & Humanities|identity,train
10101880015,train,12-13|Arts & Humanities|identity,train
10102000024,train,12-13|Arts & Humanities|identity,train
20300360049,train,12-13|Arts & Humanities|identity,train
30100190003,train,12-13|Arts & Humanities|identity,dev
10100620053,train,12-13|Arts & Humanities|identity,train
20800090041,dev,12-13|Arts & Humanities|identity,train
20900080056,train,12-13|Arts & Humanities|identity,train
10101830012,train,12-13|Arts & Humanities|identity,train
31100060013,train,12-13|Arts & Humanities|identity,train
10100910017,train,12-13|Arts & Humanities|identity,train
21000030034,train,12-13|Arts & Humanities|identity,train
20800050083,test,12-13|Arts & Humanities|identity,train
10100330116,train,12-13|Arts & Humanities|identity,train
10101460016,train,12-13|Arts & Humanities|identity,train
10102070013,dev,12-13|Arts & Humanities|identity,train
10300110038,train,12-13|Arts & Humanities|identity,train
10300180086,test,12-13|Arts & Humanities|identity,train
20800030002,dev,12-13|Arts & Humanities|identity,train
20800150032,train,12-13|Arts & Humanities|identity,train
30300480055,dev,12-13|Arts & Humanities|identity,train
10300050015,train,12-13|Arts & Humanities|identity,dev
10100790008,train,12-13|Arts & Humanities|identity,train
10101040048,train,12-13|Arts & Humanities|identity,train
10101830030,train,12-13|Arts & Humanities|identity,train
10101880016,train,12-13|Arts & Humanities|identity,train
10102050026,train,12-13|Arts & Humanities|identity,train
10102700033,train,12-13|Arts & Humanities|identity,train
10102870014,train,12-13|Arts & Humanities|identity,train
10300110092,train,12-13|Arts & Humanities|identity,train
10400050076,train,12-13|Arts & Humanities|identity,train
10500150016,train,12-13|Arts & Humanities|identity,train
10900010134,test,12-13|Arts & Humanities|identity,train
10900010396,test,12-13|Arts & Humanities|identity,train
20300110032,train,12-13|Arts & Humanities|identity,train
20300470005,train,12-13|Arts & Humanities|identity,train
21000020017,train,12-13|Arts & Humanities|identity,train
10100110023,train,12-13|Arts & Humanities|identity,dev
10100260022,dev,12-13|Arts & Humanities|identity,dev
10400310038,train,12-13|Arts & Humanities|identity,dev
10100330011,train,12-13|Arts & Humanities|identity,train
10300130002,train,12-13|Arts & Humanities|identity,train
20300520002,dev,12-13|Arts & Humanities|identity,train
30300540046,train,12-13|Arts & Humanities|identity,train
10101780016,train,12-13|Arts & Humanities|identity,train
31100160005,dev,12-13|Arts & Humanities|identity,train
20300140022,train,12-13|Arts & Humanities|identity,train
20800070020,train,12-13|Arts & Humanities|identity,train
21000100050,dev,12-13|Arts & Humanities|identity,train
21000040032,train,12-13|Arts & Humanities|identity,train
10400250043,train,12-13|Arts & Humanities|identity,train
10400050193,train,12-13|Arts & Humanities|identity,train
20500350007,dev,12-13|Arts & Humanities|identity,train
21000070048,train,12-13|Arts & Humanities|identity,train
10100330143,train,12-13|Arts & Humanities|identity,train
10500580011,train,12-13|Arts & Humanities|identity,train
10100780067,train,12-13|Arts & Humanities|identity,train
10101440034,train,12-13|Arts & Humanities|identity,train
10500030066,train,12-13|Arts & Humanities|identity,train
20500670006,dev,12-13|Arts & Humanities|identity,train
10100360072,train,12-13|Arts & Humanities|identity,train
10101550004,train,12-13|Arts & Humanities|identity,train
30300630060,test,12-13|Arts & Humanities|identity,train
10100860010,test,12-13|Arts & Humanities|identity,train
20300200065,train,12-13|Arts & Humanities|identity,train
20700330005,test,12-13|Arts & Humanities|identity,train
20800050044,train,12-13|Arts & Humanities|identity,train
20800200061,train,12-13|Arts & Humanities|identity,train
21000060015,train,12-13|Arts & Humanities|identity,train
10100400014,train,12-13|Arts & Humanities|identity,train
10101510063,train,12-13|Arts & Humanities|identity,train
10400280103,train,12-13|Arts & Humanities|identity,train
10400420098,train,12-13|Arts & Humanities|identity,train
20300510045,train,12-13|Arts & Humanities|identity,train
20400020046,test,12-13|Arts & Humanities|identity,train
20800070050,train,12-13|Arts & Humanities|identity,train
21000040037,train,12-13|Arts & Humanities|identity,train
30101200054,train,12-13|Arts & Humanities|identity,train
10100330082,train,12-13|Arts & Humanities|identity,train
10101740024,train,12-13|Arts & Humanities|identity,train
10101830005,train,12-13|Arts & Humanities|identity,train
10101830013,dev,12-13|Arts & Humanities|identity,train
10300240054,train,12-13|Arts & Humanities|identity,train
10500180046,train,12-13|Arts & Humanities|identity,train
20800070095,train,12-13|Arts & Humanities|identity,train
20800180061,train,12-13|Arts & Humanities|identity,train
10300050060,train,12-13|Arts & Humanities|identity,dev
10200380013,train,12-13|Arts & Humanities|identity,train
20900050012,dev,12-13|Arts & Humanities|identity,train
10300040027,train,12-13|Arts & Humanities|identity,dev
10102040040,test,12-13|Arts & Humanities|identity,train
10300240046,train,12-13|Arts & Humanities|identity,train
20800040064,train,12-13|Arts & Humanities|identity,train
20800180096,train,12-13|Arts & Humanities|identity,train
10300060011,train,12-13|Arts & Humanities|identity,dev
10102830024,train,12-13|Arts & Humanities|identity,train
20800010002,train,12-13|Arts & Humanities|identity,dev
10100890014,train,12-13|Arts & Humanities|identity,train
10100890038,train,12-13|Arts & Humanities|identity,train
10400060068,train,12-13|Arts & Humanities|identity,train
10500320036,train,12-13|Arts & Humanities|identity,train
10500380028,train,12-13|Arts & Humanities|identity,train
10600210007,train,12-13|Arts & Humanities|identity,train
20800090022,train,12-13|Arts & Humanities|identity,train
31100180027,train,12-13|Arts & Humanities|identity,train
10300020007,train,12-13|Arts & Humanities|identity,dev
10400200087,train,12-13|Arts & Humanities|identity,dev
10100110098,train,12-13|Arts & Humanities|identity,dev
10101930009,dev,12-13|Arts & Humanities|identity,train
10400360164,test,12-13|Arts & Humanities|identity,train
10300050036,dev,12-13|Arts & Humanities|identity,dev
10100380056,train,12-13|Arts & Humanities|identity,train
10500450012,train,12-13|Arts & Humanities|identity,train
20800170048,train,12-13|Arts & Humanities|identity,train
20900130046,train,12-13|Arts & Humanities|identity,train
21000050006,train,12-13|Arts & Humanities|identity,train
21000060001,train,12-13|Arts & Humanities|identity,train
21000010026,train,12-13|Arts & Humanities|identity,train
10101730071,train,12-13|Arts & Humanities|identity,train
20800200066,train,12-13|Arts & Humanities|identity,train
10200480003,train,12-13|Arts & Humanities|identity,train
10101060026,test,12-13|Arts & Humanities|identity,train
10101510069,train,12-13|Arts & Humanities|identity,train
10101740005,train,12-13|Arts & Humanities|identity,train
10101990047,test,12-13|Arts & Humanities|identity,train
20800070018,train,12-13|Arts & Humanities|identity,train
20800090051,train,12-13|Arts & Humanities|identity,train
21100070027,test,12-13|Arts & Humanities|identity,train
30300530041,train,12-13|Arts & Humanities|identity,train
10100110058,train,12-13|Arts & Humanities|identity,dev
10300010021,train,12-13|Arts & Humanities|identity,dev
10700010006,dev,12-13|Arts & Humanities|identity,dev
10700010039,dev,12-13|Arts & Humanities|identity,dev
10100370038,train,12-13|Arts & Humanities|identity,train
10100790002,train,12-13|Arts & Humanities|identity,train
10101020006,train,12-13|Arts & Humanities|identity,train
10101170093,train,12-13|Arts & Humanities|identity,train
10400070035,dev,12-13|Arts & Humanities|identity,train
10500120013,train,12-13|Arts & Humanities|identity,train
31100110033,train,12-13|Arts & Humanities|identity,train
10600500005,train,12-13|Arts & Humanities|identity,dev
10600500013,train,12-13|Arts & Humanities|identity,dev
10101180012,train,12-13|Arts & Humanities|identity,train
10100760002,train,12-13|Arts & Humanities|identity,train
10101940007,train,12-13|Arts & Humanities|identity,train
21000070041,train,12-13|Arts & Humanities|identity,train
10102740020,train,12-13|Arts & Humanities|identity,train
10400300026,train,12-13|Arts & Humanities|identity,train
21000110035,train,12-13|Arts & Humanities|identity,train
31100200019,train,12-13|Arts & Humanities|identity,train
10100670002,train,12-13|Arts & Humanities|identity,train
10101740015,dev,12-13|Arts & Humanities|identity,train
10500260051,test,12-13|Arts & Humanities|identity,train
10100200047,dev,12-13|Arts & Humanities|identity,dev
10100210052,train,12-13|Arts & Humanities|identity,dev
20800010091,train,12-13|Arts & Humanities|identity,dev
10500230042,test,12-13|Arts & Humanities|identity,train
10101930004,train,12-13|Arts & Humanities|identity,train
10102700038,train,12-13|Arts & Humanities|identity,train
10300380034,train,12-13|Arts & Humanities|identity,train
20800150086,test,12-13|Arts & Humanities|identity,train
30300660015,train,12-13|Arts & Humanities|identity,train
20300490023,train,12-13|Arts & Humanities|identity,train
10101510004,test,12-13|Arts & Humanities|identity,train
10500210005,train,12-13|Arts & Humanities|identity,train
20500650019,test,12-13|Arts & Humanities|identity,train
31100110009,train,12-13|Arts & Humanities|identity,train
10500170008,train,12-13|Arts & Humanities|identity,train
10400190048,train,12-13|Arts & Humanities|identity,train
10100400036,train,12-13|Arts & Humanities|identity,train
10100960054,train,12-13|Arts & Humanities|identity,train
10400050250,train,12-13|Arts & Humanities|identity,train
10100110101,train,12-13|Arts & Humanities|identity,dev
10101980008,test,12-13|Arts & Humanities|identity,train
30500170051,train,12-13|Arts & Humanities|identity,train
10100060016,train,12-13|Arts & Humanities|identity,dev
10500180027,train,12-13|Arts & Humanities|identity,train
10101520032,train,12-13|Arts & Humanities|identity,train
10100510035,train,12-13|Arts & Humanities|identity,train
20100590032,train,12-13|Arts & Humanities|identity,train
10100430015,train,12-13|Arts & Humanities|identity,train
10101030052,train,12-13|Arts & Humanities|identity,train
10101510087,train,12-13|Arts & Humanities|identity,train
10101620025,train,12-13|Arts & Humanities|identity,train
10102680023,train,12-13|Arts & Humanities|identity,train
10102890033,test,12-13|Arts & Humanities|identity,train
10300570071,train,12-13|Arts & Humanities|identity,train
10500030008,train,12-13|Arts & Humanities|identity,train
10500360050,train,12-13|Arts & Humanities|identity,train
10500500037,train,12-13|Arts & Humanities|identity,train
10500510010,train,12-13|Arts & Humanities|identity,train
20300360067,train,12-13|Arts & Humanities|identity,train
20500560006,train,12-13|Arts & Humanities|identity,train
20800160070,dev,12-13|Arts & Humanities|identity,train
20800180010,train,12-13|Arts & Humanities|identity,train
20800180041,train,12-13|Arts & Humanities|identity,train
20900040043,train,12-13|Arts & Humanities|identity,train
21000030016,train,12-13|Arts & Humanities|identity,train
21000100008,train,12-13|Arts & Humanities|identity,train
21100070015,train,12-13|Arts & Humanities|identity,train
30100380042,train,12-13|Arts & Humanities|identity,train
31100050026,train,12-13|Arts & Humanities|identity,train
10400040006,train,12-13|Arts & Humanities|identity,dev
10500370017,train,12-13|Arts & Humanities|identity,train
20800070049,dev,12-13|Arts & Humanities|identity,train
20900120017,train,12-13|Arts & Humanities|identity,train
30300630011,train,12-13|Arts & Humanities|identity,train
20800120009,train,12-13|Arts & Humanities|identity,dev
10101470038,test,12-13|Arts & Humanities|identity,train
10101630052,test,12-13|Arts & Humanities|identity,train
10101950032,train,12-13|Arts & Humanities|identity,train
10300130008,train,12-13|Arts & Humanities|identity,train
21000070022,dev,12-13|Arts & Humanities|identity,train
30101360081,train,12-13|Arts & Humanities|identity,train
20300500022,train,12-13|Arts & Humanities|identity,train
20800060013,dev,12-13|Arts & Humanities|identity,train
31100080053,test,12-13|Arts & Humanities|identity,train
20400420151,train,12-13|Arts & Humanities|identity,train
10400170149,train,12-13|Arts & Humanities|identity,train
30300630019,train,12-13|Arts & Humanities|identity,train
10500160012,train,12-13|Arts & Humanities|identity,train
20300200029,test,12-13|Arts & Humanities|identity,train
10102590027,test,12-13|Arts & Humanities|identity,train
31100160011,train,12-13|Arts & Humanities|identity,train
20800090090,dev,12-13|Arts & Humanities|identity,train
10102740025,test,12-13|Arts & Humanities|identity,train
10100430030,train,12-13|Arts & Humanities|identity,train
10100510011,train,12-13|Arts & Humanities|identity,train
10100740020,dev,12-13|Arts & Humanities|identity,train
10100060021,train,12-13|Arts & Humanities|identity,dev
10500030070,train,12-13|Arts & Humanities|identity,train
20300540023,train,12-13|Arts & Humanities|identity,train
10500160018,train,12-13|Arts & Humanities|identity,train
10100210043,dev,12-13|Arts & Humanities|identity,dev
10300220022,train,12-13|Arts & Humanities|identity,train
31100030017,train,12-13|Arts & Humanities|identity,dev
10101510058,train,12-13|Arts & Humanities|identity,train
10400310041,dev,12-13|Arts & Humanities|identity,dev
10500500023,train,12-13|Arts & Humanities|identity,train
20800050103,train,12-13|Arts & Humanities|identity,train
20800060041,train,12-13|Arts & Humanities|identity,train
10300180067,train,12-13|Arts & Humanities|identity,train
10300220016,train,12-13|Arts & Humanities|identity,train
10100760042,train,12-13|Arts & Humanities|identity,train
20200380018,train,12-13|Arts & Humanities|identity,train
10300060038,train,12-13|Arts & Humanities|identity,dev
30100170034,train,12-13|Arts & Humanities|identity,train
10100490019,train,12-13|Arts & Humanities|identity,train
20300510046,train,12-13|Arts & Humanities|identity,train
10500150032,train,12-13|Arts & Humanities|identity,train
10100110091,dev,12-13|Arts & Humanities|identity,dev
10300110033,train,12-13|Arts & Humanities|identity,train
20900130009,train,12-13|Arts & Humanities|identity,train
10500150024,train,12-13|Arts & Humanities|identity,train
10500110039,train,12-13|Arts & Humanities|identity,train
10500130043,train,12-13|Arts & Humanities|identity,train
10102650024,train,12-13|Arts & Humanities|identity,train
30300030029,train,12-13|Arts & Humanities|identity,dev
10100060054,train,12-13|Arts & Humanities|identity,dev
10300340035,test,12-13|Arts & Humanities|identity,train
20500590015,train,12-13|Arts & Humanities|identity,train
10100800017,train,12-13|Arts & Humanities|identity,train
10300240024,train,12-13|Arts & Humanities|identity,train
10500260061,train,12-13|Arts & Humanities|identity,train
10500280027,train,12-13|Arts & Humanities|identity,train
10300060009,train,12-13|Arts & Humanities|identity,dev
20700340010,test,12-13|Arts & Humanities|identity,train
10100370020,train,12-13|Arts & Humanities|identity,train
10500260059,train,12-13|Arts & Humanities|identity,train
10200490014,train,12-13|Arts & Humanities|identity,train
10400360166,train,12-13|Arts & Humanities|identity,train
10500310029,train,12-13|Arts & Humanities|identity,train
10500410025,dev,12-13|Arts & Humanities|identity,train
31100180006,train,12-13|Arts & Humanities|identity,train
10500160010,train,12-13|Arts & Humanities|identity,train
20800080002,train,12-13|Arts & Humanities|identity,train
10101260054,train,12-13|Arts & Humanities|identity,train
10100670012,train,12-13|Arts & Humanities|identity,train
30300010026,train,12-13|Arts & Humanities|identity,dev
20900140003,train,12-13|Arts & Humanities|identity,train
10500320010,train,12-13|Arts & Humanities|identity,train
10100210096,train,12-13|Arts & Humanities|identity,dev
10500300020,train,12-13|Arts & Humanities|identity,train
30300670036,test,12-13|Arts & Humanities|identity,train
10200030002,train,12-13|Arts & Humanities|identity,dev
20200390002,train,12-13|Arts & Humanities|identity,train
20900060011,train,12-13|Arts & Humanities|identity,train
10500330009,train,12-13|Arts & Humanities|identity,train
10500460026,train,12-13|Arts & Humanities|identity,train
21000030013,dev,12-13|Arts & Humanities|identity,train
20800030097,train,12-13|Arts & Humanities|identity,train
10300540045,train,12-13|Arts & Humanities|identity,train
10101640032,train,12-13|Arts & Humanities|identity,train
10101950016,test,12-13|Arts & Humanities|identity,train
10100670011,train,12-13|Arts & Humanities|identity,train
10200540017,train,12-13|Arts & Humanities|identity,train
10400030090,train,12-13|Arts & Humanities|identity,train
10100590056,train,12-13|Arts & Humanities|identity,train
10200520005,train,12-13|Arts & Humanities|identity,train
10300220036,train,12-13|Arts & Humanities|identity,train
30300540037,train,12-13|Arts & Humanities|identity,train
10200400017,train,12-13|Arts & Humanities|identity,train
20800030057,test,12-13|Arts & Humanities|identity,train
10100370031,train,12-13|Arts & Humanities|identity,train
20300370017,dev,12-13|Arts & Humanities|identity,train
10100200044,dev,12-13|Arts & Humanities|identity,dev
10400050133,train,12-13|Arts & Humanities|identity,train
20300490011,train,12-13|Arts & Humanities|identity,train
10200450005,train,12-13|Arts & Humanities|identity,train
10200480017,train,12-13|Arts & Humanities|identity,train
31100060005,dev,12-13|Arts & Humanities|identity,train
10102110121,train,12-13|Arts & Humanities|identity,train
21100130002,test,12-13|Arts & Humanities|identity,train
10500020022,train,12-13|Arts & Humanities|identity,train
10500020015,train,12-13|Arts & Humanities|identity,train
20400020036,train,12-13|Arts & Humanities|identity,train
10300060018,train,12-13|Arts & Humanities|identity,dev
10500140006,train,12-13|Arts & Humanities|identity,train
20700190007,train,12-13|Arts & Humanities|identity,train
20300180040,train,12-13|Arts & Humanities|identity,train
10400050078,train,12-13|Arts & Humanities|identity,train
10100360053,train,12-13|Arts & Humanities|identity,train
10500390036,train,12-13|Arts & Humanities|identity,train
20100560023,dev,12-13|Arts & Humanities|identity,train
10300120007,train,12-13|Arts & Humanities|identity,train
21000010047,train,12-13|Arts & Humanities|identity,train
10500490069,train,12-13|Arts & Humanities|identity,train
10300040024,dev,12-13|Arts & Humanities|identity,dev
10100670064,train,12-13|Arts & Humanities|identity,train
10200360005,train,12-13|Arts & Humanities|identity,train
10200490018,train,12-13|Arts & Humanities|identity,train
20200280013,train,12-13|Arts & Humanities|identity,train
30300540045,train,12-13|Arts & Humanities|identity,train
10500170045,test,12-13|Arts & Humanities|identity,train
10200490012,train,12-13|Arts & Humanities|identity,train
10300060043,train,12-13|Arts & Humanities|identity,dev
10100990017,train,12-13|Arts & Humanities|identity,train
10300060017,train,12-13|Arts & Humanities|identity,dev
10102650068,dev,12-13|Arts & Humanities|identity,train
10500220009,train,12-13|Arts & Humanities|identity,train
10101180075,train,12-13|Arts & Humanities|identity,train
10102580009,train,12-13|Arts & Humanities|identity,train
10500500005,test,12-13|Arts & Humanities|identity,train
20700530005,train,12-13|Arts & Humanities|identity,train
10100410069,train,12-13|Arts & Humanities|identity,train
10102070012,train,12-13|Arts & Humanities|identity,train
31100070028,train,12-13|Arts & Humanities|identity,train
31100050019,train,12-13|Arts & Humanities|identity,train
10101180049,train,12-13|Arts & Humanities|identity,train
10500240012,train,12-13|Arts & Humanities|identity,train
10102010016,train,12-13|Arts & Humanities|identity,train
10100370018,test,12-13|Arts & Humanities|identity,train
10300330034,train,12-13|Arts & Humanities|identity,train
10101210028,train,12-13|Arts & Humanities|identity,train
20800180100,test,12-13|Arts & Humanities|identity,train
10500530049,train,12-13|Arts & Humanities|identity,train
10300300038,train,12-13|Arts & Humanities|identity,train
10102030010,test,12-13|Arts & Humanities|identity,train
10300470036,train,12-13|Arts & Humanities|identity,train
30101360105,train,12-13|Arts & Humanities|identity,train
20200370012,train,12-13|Arts & Humanities|identity,train
10400190043,train,12-13|Arts & Humanities|identity,train
20400310077,train,12-13|Arts & Humanities|identity,train
10200490003,test,12-13|Arts & Humanities|identity,train
10200480008,test,12-13|Arts & Humanities|identity,train
10400310043,train,12-13|Arts & Humanities|identity,dev
10300060046,train,12-13|Arts & Humanities|identity,dev
30100800032,train,12-13|Arts & Humanities|identity,train
10500250026,train,12-13|Arts & Humanities|identity,train
10500250055,test,12-13|Arts & Humanities|identity,train
10500230012,train,12-13|Arts & Humanities|identity,train
10500490009,train,12-13|Arts & Humanities|identity,train
10101740004,test,12-13|Arts & Humanities|identity,train
10300280012,train,12-13|Arts & Humanities|identity,train
10500120035,train,12-13|Arts & Humanities|identity,train
10300040021,train,12-13|Arts & Humanities|identity,dev
20700560003,train,12-13|Arts & Humanities|identity,train
10100880042,dev,12-13|Arts & Humanities|identity,train
10200440007,dev,12-13|Arts & Humanities|identity,train
20200820016,train,12-13|Arts & Humanities|identity,train
10100390040,train,12-13|Arts & Humanities|identity,train
10200370003,test,12-13|Arts & Humanities|identity,train
20200380013,test,12-13|Arts & Humanities|identity,train
10300220039,train,12-13|Arts & Humanities|identity,train
31100080010,dev,12-13|Arts & Humanities|identity,train
10100680003,train,12-13|Arts & Humanities|identity,train
10102070049,train,12-13|Arts & Humanities|identity,train
20300550046,dev,12-13|Arts & Humanities|identity,train
20800070021,test,12-13|Arts & Humanities|identity,train
10100810008,train,12-13|Arts & Humanities|identity,train
10200360004,train,12-13|Arts & Humanities|identity,train
10200490006,train,12-13|Arts & Humanities|identity,train
20300360065,test,12-13|Arts & Humanities|identity,train
20500030008,train,12-13|Arts & Humanities|identity,dev
10200420005,train,12-13|Arts & Humanities|identity,train
10101210024,train,12-13|Arts & Humanities|identity,train
10500240045,train,12-13|Arts & Humanities|identity,train
10500500014,dev,12-13|Arts & Humanities|identity,train
10500480009,dev,12-13|Arts & Humanities|identity,train
10500510038,train,12-13|Arts & Humanities|identity,train
10500500025,train,12-13|Arts & Humanities|identity,train
10100690004,train,12-13|Arts & Humanities|identity,train
10101750025,train,12-13|Arts & Humanities|identity,train
20900030041,train,12-13|Arts & Humanities|identity,train
30300540042,train,12-13|Arts & Humanities|identity,train
10101160142,train,12-13|Arts & Humanities|identity,train
30101360036,train,12-13|Arts & Humanities|identity,train
10101180014,train,12-13|Arts & Humanities|identity,train
10500150058,train,12-13|Arts & Humanities|identity,train
10100370004,train,12-13|Arts & Humanities|identity,train
10101640025,train,12-13|Arts & Humanities|identity,train
20400540039,train,12-13|Arts & Humanities|identity,train
10101480005,dev,12-13|Arts & Humanities|identity,train
10500250023,test,12-13|Arts & Humanities|identity,train
30100010019,train,12-13|Arts & Humanities|identity,dev
20800180112,train,12-13|Arts & Humanities|identity,train
10100400054,train,12-13|Arts & Humanities|identity,train
10500570017,train,12-13|Arts & Humanities|identity,train
20900030032,train,12-13|Arts & Humanities|identity,train
10300180089,train,12-13|Arts & Humanities|identity,train
10500110030,train,12-13|Arts & Humanities|identity,train
10100120040,train,12-13|Arts & Humanities|identity,dev
20400050115,train,12-13|Arts & Humanities|identity,train
10500200027,train,12-13|Arts & Humanities|identity,train
10102160033,train,12-13|Arts & Humanities|identity,train
10300180092,train,12-13|Arts & Humanities|identity,train
10300280022,dev,12-13|Arts & Humanities|identity,train
20700480011,train,12-13|Arts & Humanities|identity,train
20200390008,train,12-13|Arts & Humanities|identity,train
10500180011,train,12-13|Arts & Humanities|identity,train
30300030027,train,12-13|Arts & Humanities|identity,dev
10500060036,train,12-13|Arts & Humanities|identity,train
10500200024,train,12-13|Arts & Humanities|identity,train
20900120063,train,12-13|Arts & Humanities|identity,train
10200510011,train,12-13|Arts & Humanities|identity,train
10300290020,dev,12-13|Arts & Humanities|identity,train
10500460012,test,12-13|Arts & Humanities|identity,train
10100980030,train,12-13|Arts & Humanities|identity,train
10102650017,train,12-13|Arts & Humanities|identity,train
10102850099,train,12-13|Arts & Humanities|identity,train
10500120008,train,12-13|Arts & Humanities|identity,train
10500510008,train,12-13|Arts & Humanities|identity,train
10500310028,train,12-13|Arts & Humanities|identity,train
10300120010,train,12-13|Arts & Humanities|identity,train
10500120005,train,12-13|Arts & Humanities|identity,train
20900090025,train,12-13|Arts & Humanities|identity,train
10100490034,dev,12-13|Arts & Humanities|identity,train
10101870019,train,12-13|Arts & Humanities|identity,train
10300420022,train,12-13|Arts & Humanities|identity,train
20300130033,test,12-13|Arts & Humanities|identity,train
20101740022,train,12-13|Arts & Humanities|identity,train
20800060065,train,12-13|Arts & Humanities|identity,train
10101520069,train,12-13|Arts & Humanities|identity,train
10101490018,train,12-13|Arts & Humanities|identity,train
30100170022,train,12-13|Arts & Humanities|identity,train
10300290008,train,12-13|Arts & Humanities|identity,train
10500260043,train,12-13|Arts & Humanities|identity,train
10100410041,dev,12-13|Arts & Humanities|identity,train
10200490004,train,12-13|Arts & Humanities|identity,train
20300350009,dev,12-13|Arts & Humanities|identity,train
10500570022,train,12-13|Arts & Humanities|identity,train
10300410009,train,12-13|Arts & Humanities|identity,train
10300570038,train,12-13|Arts & Humanities|identity,train
10500020006,train,12-13|Arts & Humanities|identity,train
31100070013,train,12-13|Arts & Humanities|identity,train
10400410140,train,12-13|Arts & Humanities|identity,train
10100490022,dev,12-13|Arts & Humanities|identity,train
10300050019,train,12-13|Arts & Humanities|identity,dev
10500340005,train,12-13|Arts & Humanities|identity,train
10500050019,test,12-13|Arts & Humanities|identity,train
10100340043,train,12-13|Arts & Humanities|identity,train
10400130119,dev,12-13|Arts & Humanities|identity,train
20300430019,train,12-13|Arts & Humanities|identity,train
10300350022,train,12-13|Arts & Humanities|identity,train
20800190056,dev,12-13|Arts & Humanities|identity,train
10200440001,train,12-13|Arts & Humanities|identity,train
10500490047,train,12-13|Arts & Humanities|identity,train
20400540051,train,12-13|Arts & Humanities|identity,train
20900120054,train,12-13|Arts & Humanities|identity,train
10100410074,train,12-13|Arts & Humanities|identity,train
20300160018,train,12-13|Arts & Humanities|identity,train
20800150085,train,12-13|Arts & Humanities|identity,train
10400280143,train,12-13|Arts & Humanities|identity,train
10100360077,train,12-13|Arts & Humanities|identity,train
10300270031,train,12-13|Arts & Humanities|identity,train
10500120011,test,12-13|Arts & Humanities|identity,train
20200390007,dev,12-13|Arts & Humanities|identity,train
10101040064,dev,12-13|Arts & Humanities|identity,train
10200490005,train,12-13|Arts & Humanities|identity,train
20400540085,train,12-13|Arts & Humanities|identity,train
20300320041,train,12-13|Arts & Humanities|identity,train
10101730022,train,12-13|Arts & Humanities|identity,train
10400280177,train,12-13|Arts & Humanities|identity,train
30300290025,train,12-13|Arts & Humanities|identity,train
10101490021,train,12-13|Arts & Humanities|identity,train
10500200016,test,12-13|Arts & Humanities|identity,train
30300630059,train,12-13|Arts & Humanities|identity,train
10100750010,test,12-13|Arts & Humanities|identity,train
10100330007,train,12-13|Arts & Humanities|identity,train
10300420041,train,12-13|Arts & Humanities|identity,train
20800170060,train,12-13|Arts & Humanities|identity,train
10200490015,test,12-13|Arts & Humanities|identity,train
10500470033,dev,12-13|Arts & Humanities|identity,train
10500010013,dev,12-13|Arts & Humanities|identity,dev
10101450014,train,12-13|Arts & Humanities|identity,train
10300570037,train,12-13|Arts & Humanities|identity,train
20300430010,test,12-13|Arts & Humanities|identity,train
10100210102,dev,12-13|Arts & Humanities|identity,dev
10200480020,test,12-13|Arts & Humanities|identity,train
10200380014,train,12-13|Arts & Humanities|identity,train
20200380015,train,12-13|Arts & Humanities|identity,train
10800080015,train,12-13|Arts & Humanities|identity,train
10100980015,test,12-13|Arts & Humanities|identity,train
20200380020,train,12-13|Arts & Humanities|identity,train
10500530040,train,12-13|Arts & Humanities|identity,train
10100080033,train,12-13|Arts & Humanities|identity,dev
10500150028,test,12-13|Arts & Humanities|identity,train
10500490032,train,12-13|Arts & Humanities|identity,train
20900130024,train,12-13|Arts & Humanities|identity,train
10500130042,train,12-13|Arts & Humanities|identity,train
30300530057,train,12-13|Arts & Humanities|identity,train
10100980016,train,12-13|Arts & Humanities|identity,train
10400190083,test,12-13|Arts & Humanities|identity,train
20700330004,train,12-13|Arts & Humanities|identity,train
20800060073,train,12-13|Arts & Humanities|identity,train
10300100023,train,12-13|Arts & Humanities|identity,train
10400050104,test,12-13|Arts & Humanities|identity,train
20900110031,train,12-13|Arts & Humanities|identity,train
10200280009,test,12-13|Arts & Humanities|identity,train
10300440031,train,12-13|Arts & Humanities|identity,train
10500200037,train,12-13|Arts & Humanities|identity,train
20600670005,train,12-13|Arts & Humanities|identity,dev
10100600003,test,12-13|Arts & Humanities|identity,train
30100170006,train,12-13|Arts & Humanities|identity,train
10101510044,train,12-13|Arts & Humanities|identity,train
31100110045,dev,12-13|Arts & Humanities|identity,train
21000030029,test,12-13|Arts & Humanities|identity,train
20300160020,train,12-13|Arts & Humanities|identity,train
20300310047,train,12-13|Arts & Humanities|identity,train
20800010016,train,12-13|Arts & Humanities|identity,dev
10200470002,dev,12-13|Arts & Humanities|identity,train
20900080029,train,12-13|Arts & Humanities|identity,train
30101630026,train,12-13|Arts & Humanities|identity,train
10300290054,train,12-13|Arts & Humanities|identity,train
10200440012,train,12-13|Arts & Humanities|identity,train
10100890045,train,12-13|Arts & Humanities|identity,train
31100040007,test,12-13|Arts & Humanities|identity,train
20800150001,train,12-13|Arts & Humanities|identity,train
10101040017,train,12-13|Arts & Humanities|identity,train
10102660011,train,12-13|Arts & Humanities|identity,train
10100060071,dev,12-13|Arts & Humanities|identity,dev
10500260013,train,12-13|Arts & Humanities|identity,train
10101730011,train,12-13|Arts & Humanities|identity,train
20900050006,train,12-13|Arts & Humanities|identity,train
10500110036,train,12-13|Arts & Humanities|identity,train
10100890035,train,12-13|Arts & Humanities|identity,train
10100160015,train,12-13|Arts & Humanities|identity,dev
20200820017,train,12-13|Arts & Humanities|identity,train
10300230019,train,12-13|Arts & Humanities|identity,train
10500610021,train,12-13|Arts & Humanities|identity,train
10200040009,train,12-13|Arts & Humanities|identity,dev
10500160028,train,12-13|Arts & Humanities|identity,train
10100970026,train,12-13|Arts & Humanities|identity,train
20800200021,test,12-13|Arts & Humanities|identity,train
20300490044,train,12-13|Arts & Humanities|identity,train
10500150043,train,12-13|Arts & Humanities|identity,train
10102850095,train,12-13|Arts & Humanities|identity,train
20200410002,train,12-13|Arts & Humanities|identity,train
10101240047,train,12-13|Arts & Humanities|identity,train
20200370016,train,12-13|Arts & Humanities|identity,train
30500150078,train,12-13|Arts & Humanities|identity,train
10400040083,train,12-13|Arts & Humanities|identity,dev
20900140018,train,12-13|Arts & Humanities|identity,train
10101150010,train,12-13|Arts & Humanities|identity,train
20900010028,train,12-13|Arts & Humanities|identity,dev
10400300014,train,12-13|Arts & Humanities|identity,train
10500470016,train,12-13|Arts & Humanities|identity,train
10500120034,train,12-13|Arts & Humanities|identity,train
10500120006,train,12-13|Arts & Humanities|identity,train
10400280076,train,12-13|Arts & Humanities|identity,train
10300500012,train,12-13|Arts & Humanities|identity,train
10100760043,train,12-13|Arts & Humanities|identity,train
20200450003,train,12-13|Arts & Humanities|identity,train
10500150034,train,12-13|Arts & Humanities|identity,train
10500060016,train,12-13|Arts & Humanities|identity,train
20200700004,train,12-13|Arts & Humanities|identity,train
10500290023,train,12-13|Arts & Humanities|identity,train
10500500044,test,12-13|Arts & Humanities|identity,train
20300380029,train,12-13|Arts & Humanities|identity,train
20400320089,dev,12-13|Arts & Humanities|identity,dev
10500280030,train,12-13|Arts & Humanities|identity,train
10200550014,train,12-13|Arts & Humanities|identity,train
30500260014,train,12-13|Arts & Humanities|identity,dev
20200840006,train,12-13|Arts & Humanities|identity,train
20200390019,test,12-13|Arts & Humanities|identity,train
10101220016,train,12-13|Arts & Humanities|identity,train
10300110091,test,12-13|Arts & Humanities|identity,train
30300540040,train,12-13|Arts & Humanities|identity,train
10300110056,train,12-13|Arts & Humanities|identity,train
10200290013,train,12-13|Arts & Humanities|identity,train
10500200014,train,12-13|Arts & Humanities|identity,train
10100110028,train,12-13|Arts & Humanities|identity,dev
10101210011,train,12-13|Arts & Humanities|identity,train
10102660019,train,12-13|Arts & Humanities|identity,train
10101170051,train,12-13|Arts & Humanities|identity,train
10500250042,train,12-13|Arts & Humanities|identity,train
10500380018,train,12-13|Arts & Humanities|identity,train
10500030046,train,12-13|Arts & Humanities|identity,train
10500250054,test,12-13|Arts & Humanities|identity,train
20300430036,train,12-13|Arts & Humanities|identity,train
10200510012,train,12-13|Arts & Humanities|identity,train
30101560030,dev,12-13|Arts & Humanities|identity,train
20101480019,train,12-13|Arts & Humanities|identity,train
20200280011,train,12-13|Arts & Humanities|identity,train
10300600043,train,12-13|Arts & Humanities|identity,train
10500500035,train,12-13|Arts & Humanities|identity,train
10101160059,test,12-13|Arts & Humanities|identity,train
20200430009,train,12-13|Arts & Humanities|identity,train
20200400016,train,12-13|Arts & Humanities|identity,train
10101950042,train,12-13|Arts & Humanities|identity,train
10101720008,train,12-13|Arts & Humanities|identity,train
10101910015,train,12-13|Arts & Humanities|identity,train
20900080019,train,12-13|Arts & Humanities|identity,train
10300350034,train,12-13|Arts & Humanities|identity,train
10300060008,dev,12-13|Arts & Humanities|identity,dev
20700660004,test,12-13|Arts & Humanities|identity,train
10200030001,train,12-13|Arts & Humanities|identity,dev
10500420037,train,12-13|Arts & Humanities|identity,train
10200510018,train,12-13|Arts & Humanities|identity,train
10200420012,train,12-13|Arts & Humanities|identity,train
10300110007,dev,12-13|Arts & Humanities|identity,train
10200080020,dev,12-13|Arts & Humanities|identity,dev
10300420013,train,12-13|Arts & Humanities|identity,train
10102570036,train,12-13|Arts & Humanities|identity,train
10500170006,train,12-13|Arts & Humanities|identity,train
10500160032,train,12-13|Arts & Humanities|identity,train
10100820026,train,12-13|Arts & Humanities|identity,train
10100660032,train,12-13|Arts & Humanities|identity,train
20400020031,train,12-13|Arts & Humanities|identity,train
31100130005,train,12-13|Arts & Humanities|identity,train
10500120031,train,12-13|Arts & Humanities|identity,train
10100810081,train,12-13|Arts & Humanities|identity,train
20300170035,train,12-13|Arts & Humanities|identity,train
20200280016,train,12-13|Arts & Humanities|identity,train
10100980002,train,12-13|Arts & Humanities|identity,train
10500330005,train,12-13|Arts & Humanities|identity,train
20900130008,train,12-13|Arts & Humanities|identity,train
30300370038,train,12-13|Arts & Humanities|identity,train
10300580026,test,12-13|Arts & Humanities|identity,train
10500490049,train,12-13|Arts & Humanities|identity,train
20200820019,train,12-13|Arts & Humanities|identity,train
20200430015,test,12-13|Arts & Humanities|identity,train
20200410012,train,12-13|Arts & Humanities|identity,train
10100980017,train,12-13|Arts & Humanities|identity,train
10300390004,dev,12-13|Arts & Humanities|identity,train
30101010013,train,12-13|Arts & Humanities|identity,train
10500020016,train,12-13|Arts & Humanities|identity,train
20101740013,dev,12-13|Arts & Humanities|identity,train
20300520012,dev,12-13|Arts & Humanities|identity,train
20200390020,dev,12-13|Arts & Humanities|identity,train
20200400015,train,12-13|Arts & Humanities|identity,train
20200390004,test,12-13|Arts & Humanities|identity,train
10300170048,test,12-13|Arts & Humanities|identity,train
10100650011,train,12-13|Arts & Humanities|identity,train
10500600034,test,12-13|Arts & Humanities|identity,train
10102040043,dev,12-13|Arts & Humanities|identity,train
10200030018,train,12-13|Arts & Humanities|identity,dev
20300200028,test,12-13|Arts & Humanities|identity,train
30101360024,train,12-13|Arts & Humanities|identity,train
10101470007,train,12-13|Arts & Humanities|identity,train
20400310069,train,12-13|Arts & Humanities|identity,train
20200280008,dev,12-13|Arts & Humanities|identity,train
10300460042,train,12-13|Arts & Humanities|identity,train
20600090011,dev,12-13|Arts & Humanities|identity,dev
10100750002,test,12-13|Arts & Humanities|identity,train
10102150008,train,12-13|Arts & Humanities|identity,train
10101040049,test,12-13|Arts & Humanities|identity,train
10101390007,train,12-13|Arts & Humanities|identity,train
10300220003,test,12-13|Arts & Humanities|identity,train
20400020030,test,12-13|Arts & Humanities|identity,train
20300490046,dev,12-13|Arts & Humanities|identity,train
10500370037,train,12-13|Arts & Humanities|identity,train
20300120031,test,12-13|Arts & Humanities|identity,train
10100740003,train,12-13|Arts & Humanities|identity,train
10101660003,train,12-13|Arts & Humanities|identity,train
10101170114,train,12-13|Arts & Humanities|identity,train
10500220022,train,12-13|Arts & Humanities|identity,train
10101070003,train,12-13|Arts & Humanities|identity,train
10400190039,train,12-13|Arts & Humanities|identity,train
20200440016,train,12-13|Arts & Humanities|identity,train
10500200054,train,12-13|Arts & Humanities|identity,train
10300100040,train,12-13|Arts & Humanities|identity,train
10300240055,test,12-13|Arts & Humanities|identity,train
10100060022,train,12-13|Arts & Humanities|identity,dev
20200470004,train,12-13|Arts & Humanities|identity,train
10500470009,train,12-13|Arts & Humanities|identity,train
10102860005,train,12-13|Arts & Humanities|identity,train
10800020014,dev,12-13|Arts & Humanities|identity,train
20200410015,train,12-13|Arts & Humanities|identity,train
10101890011,train,12-13|Arts & Humanities|identity,train
10300420026,train,12-13|Arts & Humanities|identity,train
20300190027,train,12-13|Arts & Humanities|identity,train
10102850096,train,12-13|Arts & Humanities|identity,train
10200510008,train,12-13|Arts & Humanities|identity,train
10101940004,train,12-13|Arts & Humanities|identity,train
20200280020,dev,12-13|Arts & Humanities|identity,train
10500170029,train,12-13|Arts & Humanities|identity,train
10500480039,train,12-13|Arts & Humanities|identity,train
10500410029,train,12-13|Arts & Humanities|identity,train
10200070006,train,12-13|Arts & Humanities|identity,dev
10101020052,train,12-13|Arts & Humanities|identity,train
21100110008,train,12-13|Arts & Humanities|identity,train
10300470052,train,12-13|Arts & Humanities|identity,train
10500010040,train,12-13|Arts & Humanities|identity,dev
10500460047,train,12-13|Arts & Humanities|identity,train
10100810004,test,12-13|Arts & Humanities|identity,train
10500500012,dev,12-13|Arts & Humanities|identity,train
10100490012,train,12-13|Arts & Humanities|identity,train
20100450024,train,12-13|Arts & Humanities|identity,train
10500220038,train,12-13|Arts & Humanities|identity,train
20900050029,train,12-13|Arts & Humanities|identity,train
20300120039,test,12-13|Arts & Humanities|identity,train
30300550083,train,12-13|Arts & Humanities|identity,train
30300640026,train,12-13|Arts & Humanities|identity,train
10100430018,train,12-13|Arts & Humanities|identity,train
20200820020,dev,12-13|Arts & Humanities|identity,train
10101200025,dev,12-13|Arts & Humanities|identity,train
20200840017,train,12-13|Arts & Humanities|identity,train
10200080019,train,12-13|Arts & Humanities|identity,dev
10100890015,train,12-13|Arts & Humanities|identity,train
10500450031,test,12-13|Arts & Humanities|identity,train
20300510019,train,12-13|Arts & Humanities|identity,train
10200040016,train,12-13|Arts & Humanities|identity,dev
10102000035,train,12-13|Arts & Humanities|identity,train
10300460007,train,12-13|Arts & Humanities|identity,train
10500040025,train,12-13|Arts & Humanities|identity,dev
20700790010,train,12-13|Arts & Humanities|identity,train
20200900019,train,12-13|Arts & Humanities|identity,train
20200910002,train,12-13|Arts & Humanities|identity,train
30100720014,train,12-13|Arts & Humanities|identity,train
10101950013,train,12-13|Arts & Humanities|identity,train
20600090005,dev,12-13|Arts & Humanities|identity,dev
10300400048,train,12-13|Arts & Humanities|identity,train
10101160076,dev,12-13|Arts & Humanities|identity,train
20300180021,train,12-13|Arts & Humanities|identity,train
20900030030,train,12-13|Arts & Humanities|identity,train
10500180025,train,12-13|Arts & Humanities|identity,train
10500580022,train,12-13|Arts & Humanities|identity,train
10101200064,train,12-13|Arts & Humanities|identity,train
10100750008,train,12-13|Arts & Humanities|identity,train
10500110031,train,12-13|Arts & Humanities|identity,train
10101200015,train,12-13|Arts & Humanities|identity,train
10101180033,train,12-13|Arts & Humanities|identity,train
10101970070,train,12-13|Arts & Humanities|identity,train
10500060015,train,12-13|Arts & Humanities|identity,train
10400130010,train,12-13|Arts & Humanities|identity,train
10400150043,train,12-13|Arts & Humanities|identity,train
20200900017,train,12-13|Arts & Humanities|identity,train
10100730022,test,12-13|Arts & Humanities|identity,train
20200430020,dev,12-13|Arts & Humanities|identity,train
20200890015,train,12-13|Arts & Humanities|identity,train
10100680007,train,12-13|Arts & Humanities|identity,train
10200070011,dev,12-13|Arts & Humanities|identity,dev
10101640006,train,12-13|Arts & Humanities|identity,train
20200960008,dev,12-13|Arts & Humanities|identity,train
10100360076,dev,12-13|Arts & Humanities|identity,train
10500180021,train,12-13|Arts & Humanities|identity,train
10101270030,dev,12-13|Arts & Humanities|identity,train
10500320038,train,12-13|Arts & Humanities|identity,train
20101020036,dev,12-13|Arts & Humanities|identity,train
10102860014,train,12-13|Arts & Humanities|identity,train
10200020009,train,12-13|Arts & Humanities|identity,dev
30100720008,train,12-13|Arts & Humanities|identity,train
10100120024,train,12-13|Arts & Humanities|identity,dev
20200270019,train,12-13|Arts & Humanities|identity,train
10500500021,train,12-13|Arts & Humanities|identity,train
10100270026,train,12-13|Arts & Humanities|identity,dev
10500400042,train,12-13|Arts & Humanities|identity,train
10100560043,dev,12-13|Arts & Humanities|identity,train
10300110069,train,12-13|Arts & Humanities|identity,train
20900010012,dev,12-13|Arts & Humanities|identity,dev
20200470009,train,12-13|Arts & Humanities|identity,train
10300050005,train,12-13|Arts & Humanities|identity,dev
10500420009,train,12-13|Arts & Humanities|identity,train
20300590010,train,12-13|Arts & Humanities|identity,train
10200070012,train,12-13|Arts & Humanities|identity,dev
10200060004,train,12-13|Arts & Humanities|identity,dev
10500400054,test,12-13|Arts & Humanities|identity,train
10100690065,train,12-13|Arts & Humanities|identity,train
20200400001,train,12-13|Arts & Humanities|identity,train
10500470017,test,12-13|Arts & Humanities|identity,train
20200440010,test,12-13|Arts & Humanities|identity,train
10101270046,train,12-13|Arts & Humanities|identity,train
10500330045,train,12-13|Arts & Humanities|identity,train
20200280012,train,12-13|Arts & Humanities|identity,train
10100710036,train,12-13|Arts & Humanities|identity,train
10300100030,test,12-13|Arts & Humanities|identity,train
20700640004,train,12-13|Arts & Humanities|identity,train
10200530003,test,12-13|Arts & Humanities|identity,train
20101180010,train,12-13|Arts & Humanities|identity,train
10500370009,test,12-13|Arts & Humanities|identity,train
20500730020,dev,12-13|Arts & Humanities|identity,train
10500480030,train,12-13|Arts & Humanities|identity,train
10500490074,train,12-13|Arts & Humanities|identity,train
10500060030,train,12-13|Arts & Humanities|identity,train
10200080012,train,12-13|Arts & Humanities|identity,dev
10200070013,dev,12-13|Arts & Humanities|identity,dev
10200430016,test,12-13|Arts & Humanities|identity,train
10400370144,test,12-13|Arts & Humanities|identity,train
10300320021,train,12-13|Arts & Humanities|identity,train
30300530044,train,12-13|Arts & Humanities|identity,train
10500320031,train,12-13|Arts & Humanities|identity,train
10300110086,test,12-13|Arts & Humanities|identity,train
20700740007,train,12-13|Arts & Humanities|identity,train
20200780003,train,12-13|Arts & Humanities|identity,train
10500050041,test,12-13|Arts & Humanities|identity,train
10101350009,train,12-13|Arts & Humanities|identity,train
10100200065,train,12-13|Arts & Humanities|identity,dev
20500580011,train,12-13|Arts & Humanities|identity,train
10500220021,train,12-13|Arts & Humanities|identity,train
10101560005,train,12-13|Arts & Humanities|identity,train
10200410003,test,12-13|Arts & Humanities|identity,train
20800070105,train,12-13|Arts & Humanities|identity,train
20800170003,test,12-13|Arts & Humanities|identity,train
20700640012,train,12-13|Arts & Humanities|identity,train
10400130159,train,12-13|Arts & Humanities|identity,train
20700010006,train,12-13|Arts & Humanities|identity,dev
10102000033,train,12-13|Arts & Humanities|identity,train
10200320004,train,12-13|Arts & Humanities|identity,train
10400190077,train,12-13|Arts & Humanities|identity,train
20200400017,train,12-13|Arts & Humanities|identity,train
20700790018,train,12-13|Arts & Humanities|identity,train
10100980011,train,12-13|Arts & Humanities|identity,train
20300500040,train,12-13|Arts & Humanities|identity,train
20200760007,train,12-13|Arts & Humanities|identity,train
10500390013,train,12-13|Arts & Humanities|identity,train
10500570016,train,12-13|Arts & Humanities|identity,train
20200400002,train,12-13|Arts & Humanities|identity,train
10200010013,train,12-13|Arts & Humanities|identity,dev
10500020025,train,12-13|Arts & Humanities|identity,train
30300530008,train,12-13|Arts & Humanities|identity,train
20400030006,dev,12-13|Arts & Humanities|identity,train
20200400009,train,12-13|Arts & Humanities|identity,train
30200760011,train,12-13|Arts & Humanities|identity,train
10500400009,train,12-13|Arts & Humanities|identity,train
20200270018,train,12-13|Arts & Humanities|identity,train
10300240006,train,12-13|Arts & Humanities|identity,train
20200270015,train,12-13|Arts & Humanities|identity,train
30100880003,train,12-13|Arts & Humanities|identity,train
10100770014,test,12-13|Arts & Humanities|identity,train
10200550003,train,12-13|Arts & Humanities|identity,train
10200020014,dev,12-13|Arts & Humanities|identity,dev
20200830018,train,12-13|Arts & Humanities|identity,train
20200920011,train,12-13|Arts & Humanities|identity,train
10200080010,train,12-13|Arts & Humanities|identity,dev
10101950040,dev,12-13|Arts & Humanities|identity,train
20200930009,train,12-13|Arts & Humanities|identity,train
10200090001,train,12-13|Arts & Humanities|identity,dev
20200940015,train,12-13|Arts & Humanities|identity,train
20200400013,train,12-13|Arts & Humanities|identity,train
10101400009,train,12-13|Arts & Humanities|identity,train
20200920014,train,12-13|Arts & Humanities|identity,train
10200510010,train,12-13|Arts & Humanities|identity,train
20200960006,train,12-13|Arts & Humanities|identity,train
20200920015,test,12-13|Arts & Humanities|identity,train
10200060009,train,12-13|Arts & Humanities|identity,dev
20200860002,train,12-13|Arts & Humanities|identity,train
10500400038,dev,12-13|Arts & Humanities|identity,train
20200870018,train,12-13|Arts & Humanities|identity,train
10200510004,train,12-13|Arts & Humanities|identity,train
20200940005,train,12-13|Arts & Humanities|identity,train
10500160033,train,12-13|Arts & Humanities|identity,train
10500400041,train,12-13|Arts & Humanities|identity,train
20200970001,train,12-13|Arts & Humanities|identity,train
20200450020,train,12-13|Arts & Humanities|identity,train
20200940017,train,12-13|Arts & Humanities|identity,train
10500480005,train,12-13|Arts & Humanities|identity,train
20201000013,train,12-13|Arts & Humanities|identity,train
20500070004,dev,12-13|Arts & Humanities|identity,dev
20201000010,train,12-13|Arts & Humanities|identity,train
20200960009,train,12-13|Arts & Humanities|identity,train
20200920020,train,12-13|Arts & Humanities|identity,train
20200410010,train,12-13|Arts & Humanities|identity,train
20200870013,train,12-13|Arts & Humanities|identity,train
20200930005,test,12-13|Arts & Humanities|identity,train
20200460014,train,12-13|Arts & Humanities|identity,train
10200520003,train,12-13|Arts & Humanities|identity,train
20200920003,train,12-13|Arts & Humanities|identity,train
10100740012,train,12-13|Arts & Humanities|identity,train
20200910018,test,12-13|Arts & Humanities|identity,train
20200850007,train,12-13|Arts & Humanities|identity,train
10200520001,train,12-13|Arts & Humanities|identity,train
10200500001,test,12-13|Arts & Humanities|identity,train
30500180043,train,12-13|Arts & Humanities|identity,dev
20200400020,train,12-13|Arts & Humanities|identity,train
20201000014,train,12-13|Arts & Humanities|identity,train
10200560012,train,12-13|Arts & Humanities|identity,train
10200490017,train,12-13|Arts & Humanities|identity,train
10100800030,train,12-13|Arts & Humanities|identity,train
20200940012,train,12-13|Arts & Humanities|identity,train
10200080002,train,12-13|Arts & Humanities|identity,dev
20200880008,train,12-13|Arts & Humanities|identity,train
20200920017,train,12-13|Arts & Humanities|identity,train
10500490050,test,12-13|Arts & Humanities|identity,train
10200350008,train,12-13|Arts & Humanities|identity,train
20200850017,train,12-13|Arts & Humanities|identity,train
20200460012,train,12-13|Arts & Humanities|identity,train
20200720019,dev,12-13|Arts & Humanities|identity,train
10500010008,train,12-13|Arts & Humanities|identity,dev
20200330004,train,12-13|Arts & Humanities|identity,train
10500020019,train,12-13|Arts & Humanities|identity,train
20200460008,train,12-13|Arts & Humanities|identity,train
10200510014,train,12-13|Arts & Humanities|identity,train
20200870016,train,12-13|Arts & Humanities|identity,train
20200760014,train,12-13|Arts & Humanities|identity,train
20200440018,train,12-13|Arts & Humanities|identity,train
20200920004,train,12-13|Arts & Humanities|identity,train
10200090010,train,12-13|Arts & Humanities|identity,dev
20200930018,dev,12-13|Arts & Humanities|identity,train
20200840003,test,12-13|Arts & Humanities|identity,train
30200840022,train,12-13|Arts & Humanities|identity,train
20200930013,train,12-13|Arts & Humanities|identity,train
10500480062,train,12-13|Arts & Humanities|identity,train
20200850008,train,12-13|Arts & Humanities|identity,train
20200920009,train,12-13|Arts & Humanities|identity,train
20200900008,dev,12-13|Arts & Humanities|identity,train
20200920008,train,12-13|Arts & Humanities|identity,train
10500580030,train,12-13|Arts & Humanities|identity,train
10500470012,train,12-13|Arts & Humanities|identity,train
10500380036,dev,12-13|Arts & Humanities|identity,train
10500200031,test,12-13|Arts & Humanities|identity,train
10500020012,train,12-13|Arts & Humanities|identity,train
10101910007,train,12-13|Arts & Humanities|identity,train
20200450010,train,12-13|Arts & Humanities|identity,train
10200070017,train,12-13|Arts & Humanities|identity,dev
20200450007,train,12-13|Arts & Humanities|identity,train
20200930006,train,12-13|Arts & Humanities|identity,train
10200050015,train,12-13|Arts & Humanities|identity,dev
10500480048,train,12-13|Arts & Humanities|identity,train
20200970020,train,12-13|Arts & Humanities|identity,train
10200080005,train,12-13|Arts & Humanities|identity,dev
10200050002,train,12-13|Arts & Humanities|identity,dev
20200940008,test,12-13|Arts & Humanities|identity,train
10500470029,train,12-13|Arts & Humanities|identity,train
20200960017,train,12-13|Arts & Humanities|identity,train
10500540039,train,12-13|Arts & Humanities|identity,train
10500600035,train,12-13|Arts & Humanities|identity,train
10500510005,test,12-13|Arts & Humanities|identity,train
20200930014,train,12-13|Arts & Humanities|identity,train
20200930008,test,12-13|Arts & Humanities|identity,train
10101250013,train,12-13|Arts & Humanities|identity,train
10200050010,train,12-13|Arts & Humanities|identity,dev
20200880002,train,12-13|Arts & Humanities|identity,train
20200780008,train,12-13|Arts & Humanities|identity,train
10400130016,train,12-13|Arts & Humanities|identity,train
20200920019,dev,12-13|Arts & Humanities|identity,train
20200240014,train,12-13|Arts & Humanities|identity,train
20200960004,train,12-13|Arts & Humanities|identity,train
10500320025,train,12-13|Arts & Humanities|identity,train
20200470002,train,12-13|Arts & Humanities|identity,train
10200290005,train,12-13|Arts & Humanities|identity,train
10200020007,train,12-13|Arts & Humanities|identity,dev
20200870015,train,12-13|Arts & Humanities|identity,train
10200500015,train,12-13|Arts & Humanities|identity,train
20200450019,test,12-13|Arts & Humanities|identity,train
30101410063,train,12-13|Arts & Humanities|identity,train
10200080013,dev,12-13|Arts & Humanities|identity,dev
10500220014,train,12-13|Arts & Humanities|identity,train
10500450015,train,12-13|Arts & Humanities|identity,train
20200970003,test,12-13|Arts & Humanities|identity,train
20200870012,train,12-13|Arts & Humanities|identity,train
10200580003,train,12-13|Arts & Humanities|identity,train
10300170025,train,12-13|Arts & Humanities|identity,train
20200840001,dev,12-13|Arts & Humanities|identity,train
10200510007,train,12-13|Arts & Humanities|identity,train
10500490039,train,12-13|Arts & Humanities|identity,train
20200960018,train,12-13|Arts & Humanities|identity,train
10500150006,train,12-13|Arts & Humanities|identity,train
10500380045,test,12-13|Arts & Humanities|identity,train
20400050162,train,12-13|Arts & Humanities|identity,train
10200290004,dev,12-13|Arts & Humanities|identity,train
10200570010,train,12-13|Arts & Humanities|identity,train
20200920006,test,12-13|Arts & Humanities|identity,train
20200340001,train,12-13|Arts & Humanities|identity,train
20200450016,test,12-13|Arts & Humanities|identity,train
20200450012,train,12-13|Arts & Humanities|identity,train
10200050012,train,12-13|Arts & Humanities|identity,dev
10200030017,train,12-13|Arts & Humanities|identity,dev
10200090003,train,12-13|Arts & Humanities|identity,dev
20200830012,train,12-13|Arts & Humanities|identity,train
20200450008,train,12-13|Arts & Humanities|identity,train
20200480006,train,12-13|Arts & Humanities|identity,train
20200970018,train,12-13|Arts & Humanities|identity,train
10200020008,dev,12-13|Arts & Humanities|identity,dev
10200060002,train,12-13|Arts & Humanities|identity,dev
20200470017,test,12-13|Arts & Humanities|identity,train
20200020016,train,12-13|Arts & Humanities|identity,dev
10200570006,train,12-13|Arts & Humanities|identity,train
10500460020,dev,12-13|Arts & Humanities|identity,train
20200850018,train,12-13|Arts & Humanities|identity,train
10200550020,test,12-13|Arts & Humanities|identity,train
10200040007,train,12-13|Arts & Humanities|identity,dev
20200330020,train,12-13|Arts & Humanities|identity,train
20200930001,train,12-13|Arts & Humanities|identity,train
20200980002,dev,12-13|Arts & Humanities|identity,train
10100450006,test,12-13|Arts & Humanities|identity,train
20200240006,test,12-13|Arts & Humanities|identity,train
20200020005,dev,12-13|Arts & Humanities|identity,dev
20200960011,train,12-13|Arts & Humanities|identity,train
10500490075,train,12-13|Arts & Humanities|identity,train
20200840019,train,12-13|Arts & Humanities|identity,train
20200020010,train,12-13|Arts & Humanities|identity,dev
10200320007,train,12-13|Arts & Humanities|identity,train
20200260004,test,12-13|Arts & Humanities|identity,train
20200440012,train,12-13|Arts & Humanities|identity,train
20200030001,train,12-13|Arts & Humanities|identity,dev
10300440025,train,12-13|Arts & Humanities|identity,train
20300060027,train,12-13|Arts & Humanities|identity,dev
20200980019,train,12-13|Arts & Humanities|identity,train
10200060005,train,12-13|Arts & Humanities|identity,dev
20200500001,train,12-13|Arts & Humanities|identity,train
20200850003,test,12-13|Arts & Humanities|identity,train
20200930003,test,12-13|Arts & Humanities|identity,train
20200380004,train,12-13|Arts & Humanities|identity,train
10200050020,dev,12-13|Arts & Humanities|identity,dev
10200570007,train,12-13|Arts & Humanities|identity,train
10101170167,dev,12-13|Arts & Humanities|identity,train
10101750021,train,12-13|Arts & Humanities|identity,train
10101870012,train,12-13|Arts & Humanities|identity,train
30100640003,train,12-13|Arts & Humanities|identity,train
10100810133,train,12-13|Arts & Humanities|identity,train
10200530013,dev,12-13|Arts & Humanities|identity,train
10200310016,train,12-13|Arts & Humanities|identity,train
20200020011,train,12-13|Arts & Humanities|identity,dev
20200740019,train,12-13|Arts & Humanities|identity,train
20200340007,train,12-13|Arts & Humanities|identity,train
20200020018,dev,12-13|Arts & Humanities|identity,dev
20200930015,train,12-13|Arts & Humanities|identity,train
10300110043,test,12-13|Arts & Humanities|identity,train
10200060016,train,12-13|Arts & Humanities|identity,dev
20200390013,train,12-13|Arts & Humanities|identity,train
20200880001,train,12-13|Arts & Humanities|identity,train
10101050001,dev,12-13|Arts & Humanities|identity,train
10200450008,train,12-13|Arts & Humanities|identity,train
20200030019,dev,12-13|Arts & Humanities|identity,dev
20200340002,train,12-13|Arts & Humanities|identity,train
10101970027,train,12-13|Arts & Humanities|identity,train
10200040004,train,12-13|Arts & Humanities|identity,dev
20200020007,train,12-13|Arts & Humanities|identity,dev
20200880010,train,12-13|Arts & Humanities|identity,train
30300530051,test,12-13|Arts & Humanities|identity,train
10500490040,train,12-13|Arts & Humanities|identity,train
10200320002,train,12-13|Arts & Humanities|identity,train
20200450013,train,12-13|Arts & Humanities|identity,train
20200020017,train,12-13|Arts & Humanities|identity,dev
10200050017,train,12-13|Arts & Humanities|identity,dev
20200500002,train,12-13|Arts & Humanities|identity,train
10200310013,train,12-13|Arts & Humanities|identity,train
10500420035,test,12-13|Arts & Humanities|identity,train
10200410005,train,12-13|Arts & Humanities|identity,train
20200980003,train,12-13|Arts & Humanities|identity,train
10200500020,train,12-13|Arts & Humanities|identity,train
10200520018,train,12-13|Arts & Humanities|identity,train
20200820001,train,12-13|Arts & Humanities|identity,train
10200450018,train,12-13|Arts & Humanities|identity,train
10200020004,train,12-13|Arts & Humanities|identity,dev
20200930002,test,12-13|Arts & Humanities|identity,train
20200460002,train,12-13|Arts & Humanities|identity,train
10500210031,train,12-13|Arts & Humanities|identity,train
10100160013,train,12-13|Arts & Humanities|identity,dev
20200720017,train,12-13|Arts & Humanities|identity,train
20200020008,train,12-13|Arts & Humanities|identity,dev
10200060003,train,12-13|Arts & Humanities|identity,dev
20200020020,train,12-13|Arts & Humanities|identity,dev
10200400003,train,12-13|Arts & Humanities|identity,train
20200420004,train,12-13|Arts & Humanities|identity,train
20200990004,train,12-13|Arts & Humanities|identity,train
10200060012,train,12-13|Arts & Humanities|identity,dev
20200750016,test,12-13|Arts & Humanities|identity,train
20200940020,train,12-13|Arts & Humanities|identity,train
20200300005,train,12-13|Arts & Humanities|identity,train
20200260009,train,12-13|Arts & Humanities|identity,train
10100810122,train,12-13|Arts & Humanities|identity,train
10500050046,train,12-13|Arts & Humanities|identity,train
30200830018,train,12-13|Arts & Humanities|identity,train
10500410024,train,12-13|Arts & Humanities|identity,train
10200060001,train,12-13|Arts & Humanities|identity,dev
10200040014,train,12-13|Arts & Humanities|identity,dev
20200860007,train,12-13|Arts & Humanities|identity,train
20700790004,test,12-13|Arts & Humanities|identity,train
10200510017,train,12-13|Arts & Humanities|identity,train
10200010017,train,12-13|Arts & Humanities|identity,dev
20200020019,dev,12-13|Arts & Humanities|identity,dev
10200390020,train,12-13|Arts & Humanities|identity,train
20200460001,train,12-13|Arts & Humanities|identity,train
20200480010,train,12-13|Arts & Humanities|identity,train
10200050014,train,12-13|Arts & Humanities|identity,dev
10102140003,test,12-13|Arts & Humanities|identity,train
10200560005,train,12-13|Arts & Humanities|identity,train
20200380005,train,12-13|Arts & Humanities|identity,train
30200030004,test,12-13|Arts & Humanities|identity,train
10500370007,train,12-13|Arts & Humanities|identity,train
20200710014,train,12-13|Arts & Humanities|identity,train
20200880003,train,12-13|Arts & Humanities|identity,train
20200360007,dev,12-13|Arts & Humanities|identity,train
20200470016,dev,12-13|Arts & Humanities|identity,train
20200850014,train,12-13|Arts & Humanities|identity,train
20800140080,train,12-13|Arts & Humanities|identity,dev
20200380006,train,12-13|Arts & Humanities|identity,train
10500170049,test,12-13|Arts & Humanities|identity,train
10200090002,dev,12-13|Arts & Humanities|identity,dev
30200020010,test,12-13|Arts & Humanities|identity,train
10500230028,train,12-13|Arts & Humanities|identity,train
10200320005,train,12-13|Arts & Humanities|identity,train
10200020003,train,12-13|Arts & Humanities|identity,dev
30200740016,train,12-13|Arts & Humanities|identity,train
10300540062,train,12-13|Arts & Humanities|identity,train
20200880006,train,12-13|Arts & Humanities|identity,train
10200050003,train,12-13|Arts & Humanities|identity,dev
20500310019,train,12-13|Arts & Humanities|identity,train
10500060043,train,12-13|Arts & Humanities|identity,train
10300540002,test,12-13|Arts & Humanities|identity,train
10500580008,train,12-13|Arts & Humanities|identity,train
20200840015,train,12-13|Arts & Humanities|identity,train
20200480001,dev,12-13|Arts & Humanities|identity,train
20200850009,train,12-13|Arts & Humanities|identity,train
30200040011,train,12-13|Arts & Humanities|identity,train
10102200008,test,12-13|Arts & Humanities|identity,train
10200050009,train,12-13|Arts & Humanities|identity,dev
30200820015,train,12-13|Arts & Humanities|identity,train
20200020009,train,12-13|Arts & Humanities|identity,dev
10200320011,train,12-13|Arts & Humanities|identity,train
20200460007,train,12-13|Arts & Humanities|identity,train
20200890008,train,12-13|Arts & Humanities|identity,train
10200080011,train,12-13|Arts & Humanities|identity,dev
10200520007,train,12-13|Arts & Humanities|identity,train
10500020031,train,12-13|Arts & Humanities|identity,train
30300540048,train,12-13|Arts & Humanities|identity,train
20200940011,train,12-13|Arts & Humanities|identity,train
10300360005,dev,12-13|Arts & Humanities|identity,train
10200560015,test,12-13|Arts & Humanities|identity,train
10500540013,train,12-13|Arts & Humanities|identity,train
10200010019,train,12-13|Arts & Humanities|identity,dev
10200090005,train,12-13|Arts & Humanities|identity,dev
10200050008,train,12-13|Arts & Humanities|identity,dev
20100450021,train,12-13|Arts & Humanities|identity,train
10200320016,train,12-13|Arts & Humanities|identity,train
20200860005,train,12-13|Arts & Humanities|identity,train
20200020015,dev,12-13|Arts & Humanities|identity,dev
20200370015,train,12-13|Arts & Humanities|identity,train
20200750002,train,12-13|Arts & Humanities|identity,train
10200520012,train,12-13|Arts & Humanities|identity,train
10200320013,train,12-13|Arts & Humanities|identity,train
20200460003,train,12-13|Arts & Humanities|identity,train
20200920010,train,12-13|Arts & Humanities|identity,train
20200710013,train,12-13|Arts & Humanities|identity,train
10200320015,dev,12-13|Arts & Humanities|identity,train
20200880009,train,12-13|Arts & Humanities|identity,train
30200040002,train,12-13|Arts & Humanities|identity,train
10200070001,train,12-13|Arts & Humanities|identity,dev
20200430019,train,12-13|Arts & Humanities|identity,train
20200470006,test,12-13|Arts & Humanities|identity,train
20200780009,dev,12-13|Arts & Humanities|identity,train
10101870013,train,12-13|Arts & Humanities|identity,train
20200730012,train,12-13|Arts & Humanities|identity,train
10200280019,train,12-13|Arts & Humanities|identity,train
10500140030,train,12-13|Arts & Humanities|identity,train
30300540013,train,12-13|Arts & Humanities|identity,train
10102080006,test,12-13|Arts & Humanities|identity,train
20200880005,test,12-13|Arts & Humanities|identity,train
20200750004,test,12-13|Arts & Humanities|identity,train
30200030019,dev,12-13|Arts & Humanities|identity,train
20200020012,train,12-13|Arts & Humanities|identity,dev
30200030010,test,12-13|Arts & Humanities|identity,train
10200560001,train,12-13|Arts & Humanities|identity,train
20200780017,train,12-13|Arts & Humanities|identity,train
20200050006,train,12-13|Arts & Humanities|identity,dev
10200330002,test,12-13|Arts & Humanities|identity,train
20200700008,train,12-13|Arts & Humanities|identity,train
20200390017,test,12-13|Arts & Humanities|identity,train
10200090006,train,12-13|Arts & Humanities|identity,dev
20200930019,train,12-13|Arts & Humanities|identity,train
10200560014,train,12-13|Arts & Humanities|identity,train
20200900009,test,12-13|Arts & Humanities|identity,train
20200980018,train,12-13|Arts & Humanities|identity,train
20200420002,train,12-13|Arts & Humanities|identity,train
10101270039,test,12-13|Arts & Humanities|identity,train
20200480015,train,12-13|Arts & Humanities|identity,train
10500490036,train,12-13|Arts & Humanities|identity,train
10500610012,train,12-13|Arts & Humanities|identity,train
10101780022,dev,12-13|Arts & Humanities|identity,train
10200060006,train,12-13|Arts & Humanities|identity,dev
10500410036,train,12-13|Arts & Humanities|identity,train
10200060017,train,12-13|Arts & Humanities|identity,dev
10200020005,train,12-13|Arts & Humanities|identity,dev
10200060015,train,12-13|Arts & Humanities|identity,dev
10101060003,train,12-13|Arts & Humanities|identity,train
20200910011,train,12-13|Arts & Humanities|identity,train
20200380001,dev,12-13|Arts & Humanities|identity,train
20200740020,train,12-13|Arts & Humanities|identity,train
20400130216,train,12-13|Arts & Humanities|identity,train
20200710008,train,12-13|Arts & Humanities|identity,train
20200250011,train,12-13|Arts & Humanities|identity,train
10200560013,test,12-13|Arts & Humanities|identity,train
20200860004,train,12-13|Arts & Humanities|identity,train
10200310015,train,12-13|Arts & Humanities|identity,train
10200400014,train,12-13|Arts & Humanities|identity,train
20200710017,train,12-13|Arts & Humanities|identity,train
20200710011,train,12-13|Arts & Humanities|identity,train
20200890009,train,12-13|Arts & Humanities|identity,train
20200390016,train,12-13|Arts & Humanities|identity,train
10200390017,train,12-13|Arts & Humanities|identity,train
10101290087,train,12-13|Arts & Humanities|identity,train
20200460009,test,12-13|Arts & Humanities|identity,train
10101780020,train,12-13|Arts & Humanities|identity,train
30200040009,test,12-13|Arts & Humanities|identity,train
10200560018,test,12-13|Arts & Humanities|identity,train
10200050018,train,12-13|Arts & Humanities|identity,dev
20200990020,dev,12-13|Arts & Humanities|identity,train
20200250006,train,12-13|Arts & Humanities|identity,train
10200520015,train,12-13|Arts & Humanities|identity,train
20200490007,dev,12-13|Arts & Humanities|identity,train
20200930007,train,12-13|Arts & Humanities|identity,train
20200330019,dev,12-13|Arts & Humanities|identity,train
20200020006,train,12-13|Arts & Humanities|identity,dev
10200080003,dev,12-13|Arts & Humanities|identity,dev
20200480002,train,12-13|Arts & Humanities|identity,train
10200060014,train,12-13|Arts & Humanities|identity,dev
20200410016,train,12-13|Arts & Humanities|identity,train
10200540004,train,12-13|Arts & Humanities|identity,train
10200530016,dev,12-13|Arts & Humanities|identity,train
20200940003,train,12-13|Arts & Humanities|identity,train
20400010112,train,12-13|Arts & Humanities|identity,train
10200550016,dev,12-13|Arts & Humanities|identity,train
20200950003,train,12-13|Arts & Humanities|identity,train
10200540002,train,12-13|Arts & Humanities|identity,train
20200970010,train,12-13|Arts & Humanities|identity,train
20200900002,test,12-13|Arts & Humanities|identity,train
10200320008,test,12-13|Arts & Humanities|identity,train
20200030005,train,12-13|Arts & Humanities|identity,dev
10200520008,test,12-13|Arts & Humanities|identity,train
20200900001,train,12-13|Arts & Humanities|identity,train
10200070019,train,12-13|Arts & Humanities|identity,dev
10200060007,train,12-13|Arts & Humanities|identity,dev
20200030003,train,12-13|Arts & Humanities|identity,dev
20200420005,train,12-13|Arts & Humanities|identity,train
20200030004,dev,12-13|Arts & Humanities|identity,dev
20200030016,dev,12-13|Arts & Humanities|identity,dev
30200050008,train,12-13|Arts & Humanities|identity,train
20200030015,dev,12-13|Arts & Humanities|identity,dev
20200030014,train,12-13|Arts & Humanities|identity,dev
10200010005,train,12-13|Arts & Humanities|identity,dev
20200030006,train,12-13|Arts & Humanities|identity,dev
10200290012,test,12-13|Arts & Humanities|identity,train
20200460011,test,12-13|Arts & Humanities|identity,train
20200040012,train,12-13|Arts & Humanities|identity,dev
20200850006,train,12-13|Arts & Humanities|identity,train
10200300004,train,12-13|Arts & Humanities|identity,train
20200700010,train,12-13|Arts & Humanities|identity,train
20200470011,train,12-13|Arts & Humanities|identity,train
20200500007,train,12-13|Arts & Humanities|identity,train
10200580002,train,12-13|Arts & Humanities|identity,train
20200030020,dev,12-13|Arts & Humanities|identity,dev
20200050007,train,12-13|Arts & Humanities|identity,dev
10200060018,train,12-13|Arts & Humanities|identity,dev
20200960005,test,12-13|Arts & Humanities|identity,train
20200030013,dev,12-13|Arts & Humanities|identity,dev
20200340004,train,12-13|Arts & Humanities|identity,train
20200450017,train,12-13|Arts & Humanities|identity,train
20200030009,train,12-13|Arts & Humanities|identity,dev
10200070018,train,12-13|Arts & Humanities|identity,dev
20200050015,train,12-13|Arts & Humanities|identity,dev
20200800019,train,12-13|Arts & Humanities|identity,train
20200030018,train,12-13|Arts & Humanities|identity,dev
30200060019,train,12-13|Arts & Humanities|identity,train
20200030017,train,12-13|Arts & Humanities|identity,dev
10200540001,train,12-13|Arts & Humanities|identity,train
10200340017,train,12-13|Arts & Humanities|identity,train
10200300015,train,12-13|Arts & Humanities|identity,train
20200030007,train,12-13|Arts & Humanities|identity,dev
20200050016,dev,12-13|Arts & Humanities|identity,dev
20200920013,test,12-13|Arts & Humanities|identity,train
20200050010,train,12-13|Arts & Humanities|identity,dev
20200030010,train,12-13|Arts & Humanities|identity,dev
10200050005,dev,12-13|Arts & Humanities|identity,dev
10200340015,train,12-13|Arts & Humanities|identity,train
20200050011,train,12-13|Arts & Humanities|identity,dev
10200010015,train,12-13|Arts & Humanities|identity,dev
20200050014,train,12-13|Arts & Humanities|identity,dev
20200930010,train,12-13|Arts & Humanities|identity,train
20200050018,train,12-13|Arts & Humanities|identity,dev
20200340003,train,12-13|Arts & Humanities|identity,train
20200050013,train,12-13|Arts & Humanities|identity,dev
10200580004,test,12-13|Arts & Humanities|identity,train
30200030007,train,12-13|Arts & Humanities|identity,train
20200020014,train,12-13|Arts & Humanities|identity,dev
20200030008,train,12-13|Arts & Humanities|identity,dev
20200050012,dev,12-13|Arts & Humanities|identity,dev
20200030002,train,12-13|Arts & Humanities|identity,dev
30200040003,test,12-13|Arts & Humanities|identity,train
20200250004,train,12-13|Arts & Humanities|identity,train
20200730004,train,12-13|Arts & Humanities|identity,train
10200080004,train,12-13|Arts & Humanities|identity,dev
20200770001,train,12-13|Arts & Humanities|identity,train
20200940014,train,12-13|Arts & Humanities|identity,train
30200050002,train,12-13|Arts & Humanities|identity,train
10500480014,train,12-13|Arts & Humanities|identity,train
10200010014,train,12-13|Arts & Humanities|identity,dev
30200100012,train,12-13|Arts & Humanities|identity,train
30200030001,train,12-13|Arts & Humanities|identity,train
30200030008,train,12-13|Arts & Humanities|identity,train
20200890014,train,12-13|Arts & Humanities|identity,train
30200020014,train,12-13|Arts & Humanities|identity,train
10200300005,test,12-13|Arts & Humanities|identity,train
20200890010,train,12-13|Arts & Humanities|identity,train
30200030005,train,12-13|Arts & Humanities|identity,train
10200090011,train,12-13|Arts & Humanities|identity,dev
20200310004,test,12-13|Arts & Humanities|identity,train
10200300002,train,12-13|Arts & Humanities|identity,train
20200310012,train,12-13|Arts & Humanities|identity,train
20200360006,train,12-13|Arts & Humanities|identity,train
10400390114,dev,12-13|Arts & Humanities|identity,dev
30200020008,train,12-13|Arts & Humanities|identity,train
20200790012,train,12-13|Arts & Humanities|identity,train
30200830019,train,12-13|Arts & Humanities|identity,train
30200100005,test,12-13|Arts & Humanities|identity,train
30200030017,train,12-13|Arts & Humanities|identity,train
20200050017,train,12-13|Arts & Humanities|identity,dev
30200090018,train,12-13|Arts & Humanities|identity,train
30200100013,dev,12-13|Arts & Humanities|identity,train
30200080018,test,12-13|Arts & Humanities|identity,train
20200790018,train,12-13|Arts & Humanities|identity,train
30200030016,train,12-13|Arts & Humanities|identity,train
30200030014,dev,12-13|Arts & Humanities|identity,train
30200030018,train,12-13|Arts & Humanities|identity,train
30200070017,dev,12-13|Arts & Humanities|identity,train
10400240031,train,12-13|Arts & Humanities|identity,train
10400240128,train,12-13|Arts & Humanities|identity,train
30200040010,train,12-13|Arts & Humanities|identity,train
